"source","interaction","target"
"Vespa velutina","eats","Apis mellifera"
"Vespa velutina","eats","Vespula germanica"
"Vespa velutina","interactsWith","Hedera helix"
"Vespa velutina","interactsWith","Apis mellifera"
"Vespa velutina","visitsFlowersOf","Hedera helix"
"Vespa velutina","eats","Eristalis pertinax"
"Vespa velutina","eats","Eristalis tenax"
"Vespa velutina","eats","Episyrphus balteatus"
"Vespa velutina","interactsWith","Fagus sylvatica"
"Vespa velutina","eats","Alydus calcaratus"
"Vespa velutina","eats","Scathophaga stercoraria"
"Vespa velutina","eats","Mallota florea"
"Vespa velutina","preysOn","Paragus haemorrhous"
"Vespa velutina","preysOn","Melanostoma mellinum"
"Vespa velutina","preysOn","Paragus pecchiolii"
"Vespa velutina","preysOn","Apis mellifera"
"Vespa velutina","eats","Mantis religiosa"
"Vespa velutina","eats","Panorpa communis"
"Vespa velutina","eats","Eristalis arbustorum"
"Vespa velutina","preysOn","Epistrophe nitidicollis"
"Vespa velutina","preysOn","Eupeodes corollae"
"Vespa velutina","preysOn","Episyrphus balteatus"
"Vespa velutina","interactsWith","Quercus robur"
"Vespa velutina","preysOn","Epistrophe eligans"
"Vespa velutina","preysOn","Ferdinandea cuprea"
"Vespa velutina","preysOn","Mallota florea"
"Vespa velutina","preysOn","Eristalis arbustorum"
"Vespa velutina","preysOn","Sphaerophoria scripta"
"Vespa velutina","preysOn","Scaeva pyrastri"
"Vespa velutina","preysOn","Syrphus ribesii"
"Vespa velutina","preysOn","Syrphus vitripennis"
"Vespa velutina","preysOn","Chrysotoxum vernale"
"Vespa velutina","preysOn","Chrysotoxum bicinctum"
"Vespa velutina","preysOn","Meliscaeva auricollis"
"Vespa velutina","preysOn","Pipizella viduata"
"Vespa velutina","preysOn","Eristalis tenax"
"Vespa velutina","interactsWith","Robinia pseudoacacia"
"Vespa velutina","interactsWith","Alnus glutinosa"
"Vespa velutina","eats","Emberiza cirlus"
"Vespa velutina","eats","Polistes dominula"
"Vespa velutina","eats","Melanostoma mellinum"
"Vespa velutina","eats","Hedera helix"
"Vespa velutina","eats","Ferdinandea cuprea"
"Vespa velutina","eats","Graphomya maculata"
"Vespa velutina","preysOn","Helophilus trivittatus"
"Vespa velutina","preysOn","Xanthogramma pedissequum"
"Vespa velutina","preysOn","Xanthogramma festiva"
"Vespa velutina","preysOn","Criorhina berberina"
"Vespa velutina","preysOn","Syritta pipiens"
"Vespa velutina","preysOn","Volucella bombylans"
"Vespa velutina","preysOn","Xylota segnis"
"Vespa velutina","preysOn","Eupeodes luniger"
"Vespa velutina","preysOn","Temnostoma vespiforme"
"Vespa velutina","preysOn","Chrysotoxum cautum"
"Vespa velutina","preysOn","Chrysotoxum verralli"
"Vespa velutina","preysOn","Chrysotoxum octomaculatum"
"Vespa velutina","preysOn","Chalcosyrphus nemorum"
"Vespa velutina","preysOn","Caliprobola speciosa"
"Vespa velutina","interactsWith","Salix alba"
"Vespa velutina","interactsWith","Morus alba"
"Vespa velutina","interactsWith","Gleditsia triacanthos"
"Vespa velutina","interactsWith","Vanessa atalanta"
"Vespa velutina","eats","Apatura ilia"
"Vespa velutina","eats","Pararge aegeria"
"Vespa velutina","eats","Polyommatus icarus"
"Vespa velutina","eats","Xanthogramma festiva"
"Vespa velutina","eats","Cervus elaphus"
"Vespa velutina","eats","Coenonympha pamphilus"
"Vespa velutina","eats","Vanessa atalanta"
"Vespa velutina","eats","Nomophila noctuella"
"Vespa velutina","eats","Autographa gamma"
"Vespa velutina","eats","Agrotis exclamationis"
"Vespa velutina","eats","Lacanobia oleracea"
"Vespa velutina","eats","Pholidoptera griseoaptera"
"Vespa velutina","eats","Volucella zonaria"
"Vespa velutina","eats","Volucella inanis"
"Vespa velutina","eats","Scaeva selenitica"
"Vespa velutina","eats","Meliscaeva auricollis"
"Vespa velutina","eats","Cynomya mortuorum"
"Vespa velutina","eats","Bombus lapidarius"
"Vespa velutina","eats","Polistes nimpha"
"Vespa velutina","createsHabitatFor","Robinia pseudoacacia"
"Vespa velutina","createsHabitatFor","Quercus robur"
"Pernis apivorus","preysOn","Vespa velutina"
"Gallus gallus","preysOn","Vespa velutina"
"Pernis apivorus","eats","Turdus pilaris"
"Gallus gallus","preysOn","Salamandra salamandra"
"Pernis apivorus","eats","Sylvia atricapilla"
"Pernis apivorus","preysOn","Turdus philomelos"
"Pernis apivorus","eats","Podarcis siculus"
"Pernis apivorus","eats","Talpa europaea"
"Pernis apivorus","eats","Natrix tessellata"
"Pernis apivorus","eats","Garrulus glandarius"
"Pernis apivorus","eats","Bufo bufo"
"Pernis apivorus","eats","Emberiza citrinella"
"Pernis apivorus","eats","Podarcis muralis"
"Pernis apivorus","eats","Eremias arguta"
"Pernis apivorus","eats","Darevskia praticola"
"Pernis apivorus","eats","Hyla arborea"
"Pernis apivorus","eats","Rana temporaria"
"Pernis apivorus","eats","Apis mellifera"
"Pernis apivorus","eats","Lacerta trilineata"
"Pernis apivorus","eats","Prunella modularis"
"Pernis apivorus","eats","Turdus merula"
"Pernis apivorus","eats","Turdus philomelos"
"Pernis apivorus","eats","Muscicapa striata"
"Pernis apivorus","eats","Columba palumbus"
"Pernis apivorus","eats","Perdix perdix"
"Pernis apivorus","eats","Lacerta agilis"
"Pernis apivorus","eats","Natrix natrix"
"Pernis apivorus","eats","Podarcis tauricus"
"Pernis apivorus","eats","Zootoca vivipara"
"Pernis apivorus","eats","Anguis fragilis"
"Pernis apivorus","eats","Mustela nivalis"
"Pernis apivorus","eats","Pelophylax ridibundus"
"Pernis apivorus","eats","Lacerta viridis"
"Gallus gallus","interactsWith","Gallus gallus"
"Apis mellifera","interactsWith","Melilotus albus"
"Apis mellifera","visitsFlowersOf","Trifolium repens"
"Apis mellifera","eats","Trifolium repens"
"Quercus robur","createsHabitatFor","Barbastella barbastellus"
"Apis mellifera","eats","Cirsium vulgare"
"Apis mellifera","visitsFlowersOf","Taraxacum officinale"
"Eristalis tenax","visitsFlowersOf","Hedera helix"
"Eristalis tenax","interactsWith","Hedera helix"
"Apis mellifera","visitsFlowersOf","Asclepias syriaca"
"Apis mellifera","visitsFlowersOf","Echium vulgare"
"Apis mellifera","visitsFlowersOf","Hedera helix"
"Apis mellifera","eats","Hedera helix"
"Apis mellifera","hasHost","Melilotus albus"
"Polistes dominula","interactsWith","Hedera helix"
"Apis mellifera","visitsFlowersOf","Prunella vulgaris"
"Polistes dominula","visitsFlowersOf","Hedera helix"
"Vespula germanica","visitsFlowersOf","Hedera helix"
"Apis mellifera","pollinates","Cirsium arvense"
"Quercus robur","createsHabitatFor","Myotis bechsteinii"
"Apis mellifera","eats","Taraxacum officinale"
"Syritta pipiens","visitsFlowersOf","Hedera helix"
"Apis mellifera","visitsFlowersOf","Melilotus albus"
"Apis mellifera","interactsWith","Hedera helix"
"Vanessa atalanta","hasHost","Urtica dioica"
"Apis mellifera","interactsWith","Apis mellifera"
"Vanessa atalanta","visitsFlowersOf","Hedera helix"
"Volucella zonaria","visitsFlowersOf","Hedera helix"
"Episyrphus balteatus","visitsFlowersOf","Hedera helix"
"Apis mellifera","interactsWith","Trifolium repens"
"Apis mellifera","visitsFlowersOf","Plantago lanceolata"
"Apis mellifera","visitsFlowersOf","Cirsium vulgare"
"Apis mellifera","visitsFlowersOf","Mentha aquatica"
"Syritta pipiens","interactsWith","Hedera helix"
"Episyrphus balteatus","interactsWith","Hedera helix"
"Apis mellifera","visitsFlowersOf","Glechoma hederacea"
"Bombus lapidarius","visitsFlowersOf","Trifolium repens"
"Polistes dominula","visits","Asclepias syriaca"
"Apis mellifera","visitsFlowersOf","Trifolium pratense"
"Apis mellifera","eats","Melilotus albus"
"Vanessa atalanta","eats","Hedera helix"
"Apis mellifera","pollinates","Medicago sativa"
"Apis mellifera","eats","Centaurea cyanus"
"Polyommatus icarus","eats","Lotus corniculatus"
"Apis mellifera","visitsFlowersOf","Medicago sativa"
"Apis mellifera","interactsWith","Cirsium arvense"
"Volucella zonaria","interactsWith","Hedera helix"
"Apis mellifera","visitsFlowersOf","Cirsium arvense"
"Apis mellifera","pollinates","Asclepias syriaca"
"Syritta pipiens","visitsFlowersOf","Achillea millefolium"
"Apis mellifera","interactsWith","Taraxacum officinale"
"Apis mellifera","eats","Vicia villosa"
"Eristalis arbustorum","eats","Achillea millefolium"
"Eristalis pertinax","eats","Hedera helix"
"Vespula germanica","interactsWith","Hedera helix"
"Vespula germanica","eats","Hedera helix"
"Vanessa atalanta","interactsWith","Urtica dioica"
"Apis mellifera","visitsFlowersOf","Lythrum salicaria"
"Apis mellifera","eats","Origanum vulgare"
"Apis mellifera","visitsFlowersOf","Carduus nutans"
"Apis mellifera","interactsWith","Carduus nutans"
"Polyommatus icarus","visitsFlowersOf","Hedera helix"
"Vanessa atalanta","interactsWith","Hedera helix"
"Vanessa atalanta","eats","Urtica dioica"
"Syritta pipiens","visitsFlowersOf","Erigeron annuus"
"Apis mellifera","visitsFlowersOf","Achillea millefolium"
"Apis mellifera","visits","Trifolium repens"
"Apis mellifera","eats","Lotus corniculatus"
"Apis mellifera","eats","Achillea millefolium"
"Apis mellifera","eats","Dipsacus laciniatus"
"Vespula germanica","visits","Hedera helix"
"Polyommatus icarus","visitsFlowersOf","Lotus corniculatus"
"Eristalis arbustorum","visitsFlowersOf","Achillea millefolium"
"Apis mellifera","visitsFlowersOf","Origanum vulgare"
"Epistrophe eligans","interactsWith","Hedera helix"
"Volucella zonaria","eats","Hedera helix"
"Eristalis tenax","eats","Achillea millefolium"
"Apis mellifera","visits","Asclepias syriaca"
"Apis mellifera","interactsWith","Cirsium vulgare"
"Apis mellifera","visitsFlowersOf","Scolymus hispanicus"
"Syritta pipiens","visits","Achillea millefolium"
"Syritta pipiens","visits","Erigeron annuus"
"Apis mellifera","hasHost","Asclepias syriaca"
"Mantis religiosa","eats","Apis mellifera"
"Polyommatus icarus","interactsWith","Hedera helix"
"Coenonympha pamphilus","visitsFlowersOf","Hedera helix"
"Vanessa atalanta","visitsFlowersOf","Taraxacum officinale"
"Vanessa atalanta","visits","Hedera helix"
"Syritta pipiens","hasHost","Achillea millefolium"
"Syritta pipiens","eats","Achillea millefolium"
"Eristalis tenax","visitsFlowersOf","Taraxacum officinale"
"Eristalis tenax","visitsFlowersOf","Cichorium intybus"
"Eristalis pertinax","visitsFlowersOf","Hedera helix"
"Apis mellifera","visitsFlowersOf","Centaurea cyanus"
"Apis mellifera","interactsWith","Prunus spinosa"
"Vespula germanica","preysOn","Apis mellifera"
"Pararge aegeria","eats","Dactylis glomerata"
"Episyrphus balteatus","visitsFlowersOf","Plantago lanceolata"
"Robinia pseudoacacia","interactsWith","Robinia pseudoacacia"
"Apis mellifera","visitsFlowersOf","Robinia pseudoacacia"
"Apis mellifera","visitsFlowersOf","Salvia pratensis"
"Apis mellifera","interactsWith","Plantago lanceolata"
"Polyommatus icarus","eats","Medicago lupulina"
"Hedera helix","hasDispersalVector","Turdus merula"
"Eristalis tenax","interactsWith","Achillea millefolium"
"Apis mellifera","visitsFlowersOf","Sonchus oleraceus"
"Apis mellifera","preysOn","Apis mellifera"
"Eristalis tenax","visitsFlowersOf","Mentha aquatica"
"Eristalis tenax","visitsFlowersOf","Achillea millefolium"
"Autographa gamma","eats","Medicago sativa"
"Bombus lapidarius","visitsFlowersOf","Echium vulgare"
"Bombus lapidarius","visitsFlowersOf","Papaver rhoeas"
"Apis mellifera","visitsFlowersOf","Lotus corniculatus"
"Salix alba","interactsWith","Salix alba"
"Helophilus trivittatus","visitsFlowersOf","Hedera helix"
"Helophilus trivittatus","interactsWith","Hedera helix"
"Hedera helix","hasDispersalVector","Turdus viscivorus"
"Coenonympha pamphilus","eats","Anthoxanthum odoratum"
"Vanessa atalanta","visitsFlowersOf","Asclepias syriaca"
"Eristalis tenax","visitsFlowersOf","Sonchus oleraceus"
"Eristalis tenax","visitsFlowersOf","Origanum vulgare"
"Eristalis arbustorum","interactsWith","Achillea millefolium"
"Sphaerophoria scripta","visitsFlowersOf","Bellis perennis"
"Graphomya maculata","visitsFlowersOf","Hedera helix"
"Apis mellifera","visitsFlowersOf","Hylotelephium telephium"
"Apis mellifera","visits","Glechoma hederacea"
"Apis mellifera","interactsWith","Asclepias syriaca"
"Episyrphus balteatus","visitsFlowersOf","Echium vulgare"
"Episyrphus balteatus","visitsFlowersOf","Papaver rhoeas"
"Apis mellifera","visitsFlowersOf","Galinsoga parviflora"
"Apis mellifera","visitsFlowersOf","Scabiosa columbaria"
"Polyommatus icarus","eats","Medicago falcata"
"Polyommatus icarus","eats","Trifolium repens"
"Polyommatus icarus","eats","Trifolium pratense"
"Polyommatus icarus","visitsFlowersOf","Onobrychis viciifolia"
"Hedera helix","hasDispersalVector","Turdus iliacus"
"Alnus glutinosa","interactsWith","Alnus glutinosa"
"Vanessa atalanta","visitsFlowersOf","Cirsium arvense"
"Syritta pipiens","hasHost","Erigeron annuus"
"Eristalis tenax","visitsFlowersOf","Cirsium arvense"
"Apis mellifera","visitsFlowersOf","Cichorium intybus"
"Apis mellifera","visitsFlowersOf","Amorpha fruticosa"
"Apis mellifera","visitsFlowersOf","Bellis perennis"
"Apis mellifera","visits","Melilotus albus"
"Apis mellifera","eats","Teucrium chamaedrys"
"Apis mellifera","eats","Plantago lanceolata"
"Apis mellifera","eats","Sonchus oleraceus"
"Syritta pipiens","interactsWith","Melilotus albus"
"Episyrphus balteatus","visitsFlowersOf","Bellis perennis"
"Bombus lapidarius","visitsFlowersOf","Cyanus segetum"
"Bombus lapidarius","visitsFlowersOf","Lotus corniculatus"
"Bombus lapidarius","visitsFlowersOf","Centaurea scabiosa"
"Apis mellifera","visitsFlowersOf","Malva sylvestris"
"Apis mellifera","visitsFlowersOf","Lamium galeobdolon"
"Apis mellifera","visitsFlowersOf","Centaurea scabiosa"
"Apis mellifera","pollinates","Echium vulgare"
"Apis mellifera","interactsWith","Lotus corniculatus"
"Apatura ilia","eats","Salix alba"
"Mantis religiosa","eats","Mantis religiosa"
"Polistes dominula","eats","Melilotus albus"
"Melanostoma mellinum","visitsFlowersOf","Plantago lanceolata"
"Polyommatus icarus","visitsFlowersOf","Medicago sativa"
"Polyommatus icarus","visitsFlowersOf","Origanum vulgare"
"Polyommatus icarus","hasHost","Medicago sativa"
"Helophilus trivittatus","visitsFlowersOf","Eupatorium cannabinum"
"Hedera helix","interactsWith","Hedera helix"
"Hedera helix","hasDispersalVector","Turdus torquatus"
"Hedera helix","hasDispersalVector","Sylvia atricapilla"
"Quercus robur","interactsWith","Quercus robur"
"Quercus robur","eats","Quercus robur"
"Coenonympha pamphilus","interactsWith","Hedera helix"
"Vanessa atalanta","visitsFlowersOf","Eupatorium cannabinum"
"Vanessa atalanta","visitsFlowersOf","Urtica dioica"
"Syritta pipiens","visitsFlowersOf","Tanacetum vulgare"
"Syritta pipiens","interactsWith","Tanacetum vulgare"
"Syritta pipiens","eats","Hedera helix"
"Syritta pipiens","eats","Origanum vulgare"
"Xylota segnis","interactsWith","Hedera helix"
"Eristalis arbustorum","visitsFlowersOf","Hedera helix"
"Eupeodes corollae","visitsFlowersOf","Hedera helix"
"Sphaerophoria scripta","visitsFlowersOf","Hedera helix"
"Sphaerophoria scripta","interactsWith","Hedera helix"
"Episyrphus balteatus","eats","Hedera helix"
"Graphomya maculata","interactsWith","Hedera helix"
"Apis mellifera","visitsFlowersOf","Tussilago farfara"
"Apis mellifera","visitsFlowersOf","Prunus spinosa"
"Apis mellifera","visitsFlowersOf","Dipsacus laciniatus"
"Apis mellifera","interactsWith","Origanum vulgare"
"Apis mellifera","eats","Asclepias syriaca"
"Vespula germanica","eats","Apis mellifera"
"Pararge aegeria","eats","Cynodon dactylon"
"Syritta pipiens","interactsWith","Achillea millefolium"
"Episyrphus balteatus","visitsFlowersOf","Trifolium repens"
"Episyrphus balteatus","visitsFlowersOf","Convolvulus arvensis"
"Robinia pseudoacacia","interactsWith","Apis mellifera"
"Gleditsia triacanthos","interactsWith","Gleditsia triacanthos"
"Vanessa atalanta","eats","Humulus lupulus"
"Vanessa atalanta","adjacentTo","Urtica dioica"
"Bombus lapidarius","visitsFlowersOf","Geranium pratense"
"Bombus lapidarius","visitsFlowersOf","Trifolium pratense"
"Bombus lapidarius","visitsFlowersOf","Plantago lanceolata"
"Bombus lapidarius","pollinates","Cirsium arvense"
"Apis mellifera","visitsFlowersOf","Geranium pratense"
"Apis mellifera","visitsFlowersOf","Onobrychis viciifolia"
"Apis mellifera","mutualistOf","Scabiosa ochroleuca"
"Pararge aegeria","interactsWith","Taraxacum officinale"
"Mantis religiosa","preysOn","Mantis religiosa"
"Polistes dominula","visitsFlowersOf","Achillea millefolium"
"Polistes dominula","visitsFlowersOf","Vicia sativa"
"Polistes dominula","visits","Melilotus albus"
"Polistes dominula","preysOn","Lithosia quadra"
"Polistes dominula","interactsWith","Asclepias syriaca"
"Polistes dominula","eats","Achillea millefolium"
"Melanostoma mellinum","visitsFlowersOf","Mentha aquatica"
"Polyommatus icarus","interactsWith","Lotus corniculatus"
"Helophilus trivittatus","visitsFlowersOf","Lythrum salicaria"
"Hedera helix","hasDispersalVector","Turdus philomelos"
"Hedera helix","hasDispersalVector","Erithacus rubecula"
"Fagus sylvatica","interactsWith","Mikiola fagi"
"Coenonympha pamphilus","visitsFlowersOf","Trifolium arvense"
"Vanessa atalanta","interactsWith","Taraxacum officinale"
"Vanessa atalanta","interactsWith","Achillea millefolium"
"Volucella zonaria","visitsFlowersOf","Sambucus ebulus"
"Volucella bombylans","mutualistOf","Dipsacus fullonum"
"Volucella inanis","visitsFlowersOf","Origanum vulgare"
"Mallota florea","visitsFlowersOf","Mentha aquatica"
"Mallota florea","visitsFlowersOf","Plantago lanceolata"
"Eristalis tenax","visitsFlowersOf","Tanacetum vulgare"
"Eristalis tenax","visitsFlowersOf","Tripolium pannonicum"
"Eristalis tenax","interactsWith","Cirsium arvense"
"Eristalis tenax","interactsWith","Berteroa incana"
"Eristalis tenax","eats","Taraxacum officinale"
"Eristalis arbustorum","eats","Taraxacum officinale"
"Eristalis arbustorum","eats","Bellis perennis"
"Eristalis pertinax","visitsFlowersOf","Primula acaulis"
"Eupeodes luniger","ecologicallyRelatedTo","Bistorta vivipara"
"Eupeodes corollae","visitsFlowersOf","Convolvulus arvensis"
"Sphaerophoria scripta","eats","Achillea millefolium"
"Scaeva pyrastri","visitsFlowersOf","Plantago lanceolata"
"Episyrphus balteatus","interactsWith","Lythrum salicaria"
"Apis mellifera","visitsFlowersOf","Ficaria verna"
"Apis mellifera","visitsFlowersOf","Campanula rapunculoides"
"Apis mellifera","visitsFlowersOf","Anemone nemorosa"
"Apis mellifera","visitsFlowersOf","Vicia villosa"
"Apis mellifera","visitsFlowersOf","Ajuga reptans"
"Apis mellifera","visits","Taraxacum officinale"
"Apis mellifera","visits","Cichorium intybus"
"Apis mellifera","visits","Anemone nemorosa"
"Apis mellifera","visits","Origanum vulgare"
"Apis mellifera","interactsWith","Trifolium pratense"
"Apis mellifera","interactsWith","Tanacetum vulgare"
"Apis mellifera","interactsWith","Centaurea cyanus"
"Apis mellifera","interactsWith","Erodium cicutarium"
"Apis mellifera","eats","Amorpha fruticosa"
"Apis mellifera","eats","Centaurea calcitrapa"
"Apis mellifera","eats","Tanacetum vulgare"
"Apis mellifera","eats","Astrantia major"
"Apis mellifera","eats","Salvia nemorosa"
"Apis mellifera","eats","Erodium cicutarium"
"Paragus haemorrhous","visitsFlowersOf","Achillea millefolium"
"Eristalis tenax","mutualistOf","Mentha vagans"
"Episyrphus balteatus","visitsFlowersOf","Achillea millefolium"
"Episyrphus balteatus","pollinates","Cirsium vulgare"
"Episyrphus balteatus","pollinates","Potentilla erecta"
"Episyrphus balteatus","pollinates","Silene dioica"
"Volucella zonaria","visitsFlowersOf","Mentha aquatica"
"Bombus lapidarius","visitsFlowersOf","Prunella vulgaris"
"Bombus lapidarius","visitsFlowersOf","Iris pseudacorus"
"Bombus lapidarius","visitsFlowersOf","Cirsium arvense"
"Bombus lapidarius","visitsFlowersOf","Scabiosa columbaria"
"Bombus lapidarius","pollinates","Trifolium pratense"
"Apis mellifera","visitsFlowersOf","Linaria vulgaris"
"Apis mellifera","visitsFlowersOf","Epilobium hirsutum"
"Apis mellifera","visitsFlowersOf","Geranium phaeum"
"Apis mellifera","pollinates","Trifolium repens"
"Apis mellifera","interactsWith","Medicago sativa"
"Pararge aegeria","visits","Impatiens glandulifera"
"Pararge aegeria","interactsWith","Ficaria verna"
"Pararge aegeria","interactsWith","Fagus sylvatica"
"Mantis religiosa","preysOn","Vanessa atalanta"
"Mantis religiosa","interactsWith","Apis mellifera"
"Polistes dominula","visitsFlowersOf","Taraxacum officinale"
"Polistes dominula","visitsFlowersOf","Asclepias syriaca"
"Polistes dominula","visitsFlowersOf","Eryngium campestre"
"Polistes dominula","visits","Achillea millefolium"
"Polistes dominula","visits","Cirsium arvense"
"Polistes dominula","visits","Eryngium campestre"
"Polistes dominula","interactsWith","Achillea millefolium"
"Polistes dominula","interactsWith","Prunus spinosa"
"Polistes dominula","interactsWith","Vicia sativa"
"Polistes dominula","eats","Lithosia quadra"
"Polistes dominula","eats","Asclepias syriaca"
"Polistes dominula","eats","Cirsium arvense"
"Polistes dominula","eats","Hedera helix"
"Epistrophe nitidicollis","visitsFlowersOf","Salix alba"
"Epistrophe eligans","visitsFlowersOf","Salix alba"
"Epistrophe eligans","visitsFlowersOf","Hedera helix"
"Melanostoma mellinum","visitsFlowersOf","Impatiens noli-tangere"
"Melanostoma mellinum","visitsFlowersOf","Salix alba"
"Melanostoma mellinum","visitsFlowersOf","Hedera helix"
"Melanostoma mellinum","visitsFlowersOf","Impatiens parviflora"
"Melanostoma mellinum","visitsFlowersOf","Alliaria petiolata"
"Melanostoma mellinum","visitsFlowersOf","Bellis perennis"
"Melanostoma mellinum","visitsFlowersOf","Geranium robertianum"
"Melanostoma mellinum","visitsFlowersOf","Silene dioica"
"Melanostoma mellinum","visitsFlowersOf","Lamiastrum galeobdolon"
"Melanostoma mellinum","interactsWith","Hedera helix"
"Salix alba","coOccursWith","Alnus glutinosa"
"Salix alba","hasHost","Salix alba"
"Robinia pseudoacacia","interactsWith","Parectopa robiniella"
"Polyommatus icarus","visitsFlowersOf","Plantago lanceolata"
"Polyommatus icarus","visitsFlowersOf","Cirsium arvense"
"Polyommatus icarus","visitsFlowersOf","Scabiosa columbaria"
"Polyommatus icarus","eats","Medicago sativa"
"Polyommatus icarus","visitsFlowersOf","Eupatorium cannabinum"
"Polyommatus icarus","visitsFlowersOf","Trifolium pratense"
"Polyommatus icarus","visitsFlowersOf","Trifolium repens"
"Polyommatus icarus","visitsFlowersOf","Lythrum salicaria"
"Polyommatus icarus","visitsFlowersOf","Tanacetum vulgare"
"Polyommatus icarus","visitsFlowersOf","Erigeron annuus"
"Polyommatus icarus","visitsFlowersOf","Convolvulus arvensis"
"Polyommatus icarus","visitsFlowersOf","Mentha longifolia"
"Polyommatus icarus","visits","Hedera helix"
"Polyommatus icarus","hasHost","Lotus corniculatus"
"Helophilus trivittatus","visitsFlowersOf","Salix alba"
"Helophilus trivittatus","visitsFlowersOf","Achillea millefolium"
"Helophilus trivittatus","visitsFlowersOf","Cirsium arvense"
"Helophilus trivittatus","visitsFlowersOf","Tripolium pannonicum"
"Helophilus trivittatus","visitsFlowersOf","Berteroa incana"
"Xanthogramma pedissequum","visitsFlowersOf","Salix alba"
"Xanthogramma pedissequum","visitsFlowersOf","Hedera helix"
"Xanthogramma festiva","visitsFlowersOf","Salix alba"
"Criorhina berberina","visitsFlowersOf","Salix alba"
"Criorhina berberina","visitsFlowersOf","Hedera helix"
"Hedera helix","interactsWith","Apis mellifera"
"Hedera helix","hasDispersalVector","Fringilla coelebs"
"Hedera helix","hasDispersalVector","Phoenicurus ochruros"
"Fagus sylvatica","coOccursWith","Alnus glutinosa"
"Quercus robur","coOccursWith","Alnus glutinosa"
"Alnus glutinosa","interactsWith","Meliscaeva auricollis"
"Cervus elaphus","eats","Hedera helix"
"Coenonympha pamphilus","visitsFlowersOf","Eupatorium cannabinum"
"Coenonympha pamphilus","visitsFlowersOf","Achillea millefolium"
"Coenonympha pamphilus","eats","Medicago falcata"
"Vanessa atalanta","visitsFlowersOf","Prunus spinosa"
"Vanessa atalanta","visitsFlowersOf","Origanum vulgare"
"Vanessa atalanta","visitsFlowersOf","Glechoma hederacea"
"Vanessa atalanta","visitsFlowersOf","Dipsacus fullonum"
"Vanessa atalanta","interactsWith","Asclepias syriaca"
"Vanessa atalanta","interactsWith","Cirsium arvense"
"Vanessa atalanta","eats","Eupatorium cannabinum"
"Vanessa atalanta","eats","Dipsacus laciniatus"
"Lacanobia oleracea","pathogenOf","Lacanobia oleracea"
"Scathophaga stercoraria","interactsWith","Achillea millefolium"
"Scathophaga stercoraria","interactsWith","Cirsium arvense"
"Syritta pipiens","visitsFlowersOf","Alliaria petiolata"
"Syritta pipiens","interactsWith","Erigeron annuus"
"Volucella zonaria","visitsFlowersOf","Eupatorium cannabinum"
"Volucella zonaria","visitsFlowersOf","Dipsacus fullonum"
"Volucella zonaria","visitsFlowersOf","Succisa pratensis"
"Volucella zonaria","interactsWith","Prunus spinosa"
"Volucella zonaria","eats","Sambucus ebulus"
"Volucella bombylans","visits","Achillea millefolium"
"Volucella bombylans","interactsWith","Cornus sanguinea"
"Volucella inanis","visitsFlowersOf","Cirsium arvense"
"Volucella inanis","visitsFlowersOf","Hedera helix"
"Xylota segnis","visitsFlowersOf","Salix alba"
"Xylota segnis","visitsFlowersOf","Hedera helix"
"Mallota florea","visitsFlowersOf","Salix alba"
"Mallota florea","visitsFlowersOf","Hedera helix"
"Eristalis tenax","visitsFlowersOf","Eupatorium cannabinum"
"Eristalis tenax","visitsFlowersOf","Tussilago farfara"
"Eristalis tenax","visitsFlowersOf","Centaurea cyanus"
"Eristalis tenax","visits","Cirsium arvense"
"Eristalis tenax","visits","Hedera helix"
"Eristalis tenax","interactsWith","Quercus robur"
"Eristalis tenax","interactsWith","Eristalis tenax"
"Eristalis tenax","eats","Hedera helix"
"Eristalis tenax","eats","Origanum vulgare"
"Eristalis tenax","eats","Scabiosa ochroleuca"
"Eristalis arbustorum","visits","Taraxacum officinale"
"Eristalis arbustorum","interactsWith","Hedera helix"
"Eristalis arbustorum","visitsFlowersOf","Erigeron annuus"
"Eristalis arbustorum","interactsWith","Conium maculatum"
"Eristalis arbustorum","interactsWith","Mentha aquatica"
"Eristalis arbustorum","interactsWith","Apis mellifera"
"Eristalis arbustorum","eats","Hedera helix"
"Eristalis arbustorum","eats","Conium maculatum"
"Eristalis arbustorum","eats","Convolvulus arvensis"
"Eristalis arbustorum","eats","Origanum vulgare"
"Eristalis pertinax","visitsFlowersOf","Salix alba"
"Eristalis pertinax","visitsFlowersOf","Eupatorium cannabinum"
"Eupeodes luniger","visitsFlowersOf","Salix alba"
"Eupeodes luniger","visitsFlowersOf","Hedera helix"
"Eupeodes luniger","visitsFlowersOf","Silene dioica"
"Eupeodes corollae","visitsFlowersOf","Taraxacum officinale"
"Eupeodes corollae","visitsFlowersOf","Geranium robertianum"
"Eupeodes corollae","interactsWith","Hedera helix"
"Eupeodes corollae","interactsWith","Convolvulus arvensis"
"Sphaerophoria scripta","visitsFlowersOf","Salix alba"
"Sphaerophoria scripta","visitsFlowersOf","Trifolium repens"
"Sphaerophoria scripta","visitsFlowersOf","Plantago lanceolata"
"Sphaerophoria scripta","visitsFlowersOf","Achillea millefolium"
"Sphaerophoria scripta","pollinates","Tanacetum vulgare"
"Sphaerophoria scripta","visitsFlowersOf","Convolvulus arvensis"
"Scaeva pyrastri","visitsFlowersOf","Salix alba"
"Scaeva pyrastri","visitsFlowersOf","Hedera helix"
"Scaeva pyrastri","visitsFlowersOf","Trifolium pratense"
"Scaeva pyrastri","visitsFlowersOf","Papaver rhoeas"
"Scaeva pyrastri","interactsWith","Corylus avellana"
"Scaeva selenitica","visitsFlowersOf","Hedera helix"
"Scaeva selenitica","pollinates","Potentilla erecta"
"Syrphus ribesii","visitsFlowersOf","Salix alba"
"Syrphus ribesii","visitsFlowersOf","Hedera helix"
"Syrphus ribesii","pollinates","Tanacetum vulgare"
"Syrphus ribesii","interactsWith","Fagus sylvatica"
"Episyrphus balteatus","visitsFlowersOf","Ficaria verna"
"Episyrphus balteatus","visitsFlowersOf","Cichorium intybus"
"Episyrphus balteatus","visitsFlowersOf","Aquilegia vulgaris"
"Episyrphus balteatus","visits","Leontopodium nivale ex"
"Episyrphus balteatus","interactsWith","Cirsium vulgare"
"Episyrphus balteatus","interactsWith","Berteroa incana"
"Episyrphus balteatus","eats","Lapsana communis"
"Episyrphus balteatus","eats","Cirsium arvense"
"Chrysotoxum bicinctum","visitsFlowersOf","Salix alba"
"Chrysotoxum bicinctum","visitsFlowersOf","Hedera helix"
"Chrysotoxum bicinctum","pollinates","Potentilla erecta"
"Chrysotoxum cautum","visitsFlowersOf","Salix alba"
"Chrysotoxum cautum","visitsFlowersOf","Plantago lanceolata"
"Chrysotoxum verralli","visitsFlowersOf","Salix alba"
"Paragus haemorrhous","eats","Achillea millefolium"
"Meliscaeva auricollis","visitsFlowersOf","Salix alba"
"Meliscaeva auricollis","visitsFlowersOf","Hedera helix"
"Meliscaeva auricollis","interactsWith","Alnus glutinosa"
"Pipizella viduata","visitsFlowersOf","Salix alba"
"Apis mellifera","visitsFlowersOf","Tribulus terrestris"
"Apis mellifera","visitsFlowersOf","Ricinus communis"
"Apis mellifera","visitsFlowersOf","Hepatica nobilis"
"Apis mellifera","visitsFlowersOf","Caltha palustris"
"Apis mellifera","visitsFlowersOf","Tanacetum vulgare"
"Apis mellifera","visitsFlowersOf","Carlina acaulis"
"Apis mellifera","visitsFlowersOf","Eryngium campestre"
"Apis mellifera","visitsFlowersOf","Pulsatilla vulgaris"
"Apis mellifera","visitsFlowersOf","Convolvulus arvensis"
"Apis mellifera","visitsFlowersOf","Salvia nemorosa"
"Apis mellifera","visitsFlowersOf","Impatiens glandulifera"
"Apis mellifera","visitsFlowersOf","Erodium cicutarium"
"Apis mellifera","visitsFlowersOf","Scabiosa ochroleuca"
"Apis mellifera","visitsFlowersOf","Syritta pipiens"
"Apis mellifera","visitsFlowersOf","Dictamnus albus"
"Apis mellifera","visitsFlowersOf","Ornithogalum umbellatum"
"Apis mellifera","visits","Cardamine pratensis"
"Apis mellifera","interactsWith","Mantis religiosa"
"Apis mellifera","interactsWith","Cichorium intybus"
"Apis mellifera","interactsWith","Amorpha fruticosa"
"Apis mellifera","interactsWith","Prunella vulgaris"
"Apis mellifera","interactsWith","Malva sylvestris"
"Apis mellifera","interactsWith","Achillea millefolium"
"Apis mellifera","interactsWith","Glechoma hederacea"
"Apis mellifera","interactsWith","Colchicum autumnale"
"Apis mellifera","hasHost","Taraxacum officinale"
"Apis mellifera","eats","Hylotelephium telephium"
"Apis mellifera","eats","Cichorium intybus"
"Apis mellifera","eats","Trifolium pratense"
"Apis mellifera","eats","Hypericum perforatum"
"Apis mellifera","eats","Bellis perennis"
"Apis mellifera","eats","Cirsium arvense"
"Apis mellifera","eats","Conium maculatum"
"Apis mellifera","eats","Anemone nemorosa"
"Apis mellifera","eats","Geranium pratense"
"Apis mellifera","eats","Dipsacus fullonum"
"Bombus lapidarius","visitsFlowersOf","Impatiens glandulifera"
"Bombus lapidarius","visitsFlowersOf","Tanacetum vulgare"
"Bombus lapidarius","interactsWith","Cirsium arvense"
"Vespula germanica","visitsFlowersOf","Trifolium repens"
"Polistes nimpha","visitsFlowersOf","Hedera helix"
"Polistes nimpha","interactsWith","Hedera helix"
"Pararge aegeria","visitsFlowersOf","Hedera helix"
"Vespula germanica","visitsFlowersOf","Heliotropium europaeum"
"Vespula germanica","visitsFlowersOf","Scolymus hispanicus"
"Paragus haemorrhous","visitsFlowersOf","Salix alba"
"Melanostoma mellinum","visitsFlowersOf","Cirsium arvense"
"Melanostoma mellinum","pollinates","Potentilla erecta"
"Syrphus vitripennis","visitsFlowersOf","Salix alba"
"Syrphus vitripennis","visitsFlowersOf","Hedera helix"
"Eupeodes luniger","interactsWith","Eupeodes luniger"
"Volucella bombylans","visitsFlowersOf","Salix alba"
"Volucella bombylans","visitsFlowersOf","Hedera helix"
"Volucella bombylans","pollinates","Potentilla erecta"
"Eristalis tenax","visitsFlowersOf","Salix alba"
"Eristalis tenax","visitsFlowersOf","Lotus corniculatus"
"Eristalis tenax","visitsFlowersOf","Convolvulus arvensis"
"Eristalis tenax","visitsFlowersOf","Plantago lanceolata"
"Eristalis tenax","visitsFlowersOf","Bellis perennis"
"Eristalis tenax","visitsFlowersOf","Centaurea scabiosa"
"Eristalis tenax","visitsFlowersOf","Scabiosa columbaria"
"Eristalis tenax","pollinates","Potentilla erecta"
"Eristalis arbustorum","visitsFlowersOf","Salix alba"
"Eristalis arbustorum","visitsFlowersOf","Cirsium arvense"
"Syritta pipiens","visitsFlowersOf","Salix alba"
"Syritta pipiens","visitsFlowersOf","Origanum vulgare"
"Syritta pipiens","visitsFlowersOf","Achillea ptarmica"
"Syritta pipiens","pollinates","Potentilla erecta"
"Syritta pipiens","pollinates","Solidago virgaurea"
"Syritta pipiens","interactsWith","Argentina anserina"
"Chalcosyrphus nemorum","visitsFlowersOf","Salix alba"
"Chalcosyrphus nemorum","pollinates","Gleditsia triacanthos"
"Chalcosyrphus nemorum","interactsWith","Chalcosyrphus nemorum"
"Episyrphus balteatus","visitsFlowersOf","Salix alba"
"Episyrphus balteatus","visitsFlowersOf","Trifolium pratense"
"Episyrphus balteatus","visitsFlowersOf","Origanum vulgare"
"Episyrphus balteatus","visitsFlowersOf","Sonchus oleraceus"
"Episyrphus balteatus","visitsFlowersOf","Cirsium arvense"
"Episyrphus balteatus","visitsFlowersOf","Scabiosa columbaria"
"Episyrphus balteatus","visitsFlowersOf","Geranium robertianum"
"Episyrphus balteatus","visitsFlowersOf","Silene dioica"
"Episyrphus balteatus","pollinates","Filipendula ulmaria"
"Episyrphus balteatus","pollinates","Stenactis annua"
"Episyrphus balteatus","pollinates","Trifolium pratense"
"Episyrphus balteatus","pollinates","Melilotus albus"
"Episyrphus balteatus","pollinates","Chelidonium majus"
"Episyrphus balteatus","pollinates","Vaccinium vitis-idaea"
"Episyrphus balteatus","pollinates","Tanacetum vulgare"
"Episyrphus balteatus","pollinates","Solidago virgaurea"
"Eupeodes corollae","visitsFlowersOf","Salix alba"
"Eupeodes corollae","visitsFlowersOf","Prunella vulgaris"
"Ferdinandea cuprea","visitsFlowersOf","Hedera helix"
"Scathophaga stercoraria","pollinates","Potentilla erecta"
"Scathophaga stercoraria","pollinates","Solidago virgaurea"
"Robinia pseudoacacia","interactsWith","Viscum album"
"Robinia pseudoacacia","interactsWith","Meripilus giganteus"
"Morus alba","interactsWith","Morus alba"
"Autographa gamma","interactsWith","Autographa gamma"
"Autographa gamma","interactsWith","Platanthera chlorantha"
"Gleditsia triacanthos","interactsWith","Apis mellifera"
"Vanessa atalanta","visitsFlowersOf","Medicago sativa"
"Vanessa atalanta","visitsFlowersOf","Trifolium pratense"
"Bombus lapidarius","visitsFlowersOf","Salix alba"
"Bombus lapidarius","visitsFlowersOf","Hedera helix"
"Bombus lapidarius","visitsFlowersOf","Medicago sativa"
"Bombus lapidarius","visitsFlowersOf","Vicia sepium"
"Bombus lapidarius","visitsFlowersOf","Onobrychis viciifolia"
"Bombus lapidarius","visitsFlowersOf","Reseda lutea"
"Bombus lapidarius","visitsFlowersOf","Convolvulus arvensis"
"Bombus lapidarius","visitsFlowersOf","Veronica persica"
"Bombus lapidarius","visitsFlowersOf","Cirsium vulgare"
"Bombus lapidarius","visitsFlowersOf","Achillea millefolium"
"Bombus lapidarius","visitsFlowersOf","Geranium robertianum"
"Bombus lapidarius","pollinates","Trifolium repens"
"Bombus lapidarius","pollinates","Lotus corniculatus"
"Bombus lapidarius","pollinates","Eupatorium cannabinum"
"Bombus lapidarius","pollinates","Cirsium vulgare"
"Bombus lapidarius","pollinates","Tanacetum vulgare"
"Apis mellifera","visitsFlowersOf","Taraxacum offcinale"
"Apis mellifera","visitsFlowersOf","Cyanus segetum"
"Apis mellifera","visitsFlowersOf","Salix alba"
"Apis mellifera","visitsFlowersOf","Aquilegia vulgaris"
"Apis mellifera","visitsFlowersOf","Reseda lutea"
"Apis mellifera","visitsFlowersOf","Sambucus nigra"
"Apis mellifera","visitsFlowersOf","Eupatorium cannabinum"
"Apis mellifera","visitsFlowersOf","Silene latifolia"
"Apis mellifera","visitsFlowersOf","Geranium robertianum"
"Apis mellifera","pollinates","Trifolium pratense"
"Apis mellifera","pollinates","Galega officinalis"
"Apis mellifera","pollinates","Empetrum nigrum"
"Apis mellifera","pollinates","Vaccinium vitis-idaea"
"Apis mellifera","pollinates","Solidago virgaurea"
"Apis mellifera","interactsWith","Taraxacum offcinale"
"Apis mellifera","interactsWith","Cardaria draba"
"Apis mellifera","interactsWith","Robinia pseudoacacia"
"Apis mellifera","interactsWith","Gleditsia triacanthos"
"Apis mellifera","hasHost","Iris pseudacorus"
"Apis mellifera","eats","Morus alba"
"Apis mellifera","eats","Ricinus communis"
"Volucella bombylans","eats","Bistorta officinalis"
"Agrotis exclamationis","visitsFlowersOf","Eupatorium cannabinum"
"Agrotis exclamationis","interactsWith","Eupatorium cannabinum"
"Coenonympha pamphilus","interactsWith","Coenonympha pamphilus"
"Coenonympha pamphilus","interactsWith","Drosera rotundifolia"
"Pararge aegeria","visitsFlowersOf","Trifolium repens"
"Pararge aegeria","visits","Prunus spinosa"
"Pararge aegeria","interactsWith","Glechoma hederacea"
"Mantis religiosa","preysOn","Pyronia tithonus"
"Polistes dominula","visitsFlowersOf","Hylotelephium telephium"
"Polistes dominula","visitsFlowersOf","Tanacetum vulgare"
"Polistes dominula","visitsFlowersOf","Cirsium arvense"
"Polistes dominula","visitsFlowersOf","Eryngium maritimum"
"Polistes dominula","visitsFlowersOf","Melilotus albus"
"Polistes dominula","visits","Polistes dominula"
"Polistes dominula","visits","Taraxacum officinale"
"Polistes dominula","visits","Sedum album"
"Polistes dominula","visits","Tanacetum vulgare"
"Polistes dominula","visits","Cornus sanguinea"
"Polistes dominula","preysOn","Pyrrhocoris apterus"
"Polistes dominula","preysOn","Pieris rapae"
"Polistes dominula","interactsWith","Polistes dominula"
"Polistes dominula","interactsWith","Stellaria media"
"Polistes dominula","interactsWith","Cirsium arvense"
"Polistes dominula","interactsWith","Centaurea cyanus"
"Polistes dominula","hasHost","Achillea millefolium"
"Polistes dominula","eats","Taraxacum officinale"
"Polistes dominula","eats","Lotus corniculatus"
"Polistes dominula","eats","Cornus sanguinea"
"Epistrophe eligans","visitsFlowersOf","Euphorbia amygdaloides"
"Epistrophe eligans","visitsFlowersOf","Prunus spinosa"
"Epistrophe eligans","visitsFlowersOf","Stellaria media"
"Epistrophe eligans","visitsFlowersOf","Stellaria holostea"
"Epistrophe eligans","visitsFlowersOf","Chaerophyllum temulum"
"Epistrophe eligans","visitsFlowersOf","Veronica persica"
"Epistrophe eligans","visitsFlowersOf","Veronica officinalis"
"Epistrophe eligans","visitsFlowersOf","Veronica chamaedrys"
"Epistrophe eligans","visitsFlowersOf","Veronica beccabunga"
"Epistrophe eligans","visitsFlowersOf","Sambucus nigra"
"Epistrophe eligans","visitsFlowersOf","Vincetoxicum hirundinaria"
"Epistrophe eligans","visitsFlowersOf","Stellaria nemorum"
"Epistrophe eligans","visitsFlowersOf","Allium ursinum"
"Epistrophe eligans","visitsFlowersOf","Ficaria verna"
"Epistrophe eligans","visitsFlowersOf","Primula acaulis"
"Epistrophe eligans","interactsWith","Prunus spinosa"
"Epistrophe eligans","interactsWith","Corylus avellana"
"Melanostoma mellinum","visitsFlowersOf","Myosoton aquaticum"
"Melanostoma mellinum","visitsFlowersOf","Euphorbia amygdaloides"
"Melanostoma mellinum","visitsFlowersOf","Equisetum telmateia"
"Melanostoma mellinum","visitsFlowersOf","Geum rivale"
"Melanostoma mellinum","visitsFlowersOf","Lapsana communis"
"Melanostoma mellinum","visitsFlowersOf","Tussilago farfara"
"Melanostoma mellinum","visitsFlowersOf","Vicia sylvatica"
"Melanostoma mellinum","visitsFlowersOf","Trifolium repens"
"Melanostoma mellinum","visitsFlowersOf","Trifolium pratense"
"Melanostoma mellinum","visitsFlowersOf","Vicia villosa"
"Melanostoma mellinum","visitsFlowersOf","Vicia sepium"
"Melanostoma mellinum","visitsFlowersOf","Vicia sativa"
"Melanostoma mellinum","visitsFlowersOf","Medicago lupulina"
"Melanostoma mellinum","visitsFlowersOf","Prunus spinosa"
"Melanostoma mellinum","visitsFlowersOf","Anemone nemorosa"
"Melanostoma mellinum","visitsFlowersOf","Caltha palustris"
"Melanostoma mellinum","visitsFlowersOf","Campanula glomerata"
"Melanostoma mellinum","visitsFlowersOf","Stellaria media"
"Melanostoma mellinum","visitsFlowersOf","Malva sylvestris"
"Melanostoma mellinum","visitsFlowersOf","Capsella bursa-pastoris"
"Melanostoma mellinum","visitsFlowersOf","Convolvulus arvensis"
"Melanostoma mellinum","visitsFlowersOf","Stellaria holostea"
"Melanostoma mellinum","visitsFlowersOf","Chaerophyllum temulum"
"Melanostoma mellinum","visitsFlowersOf","Prunella vulgaris"
"Melanostoma mellinum","visitsFlowersOf","Ajuga reptans"
"Melanostoma mellinum","visitsFlowersOf","Origanum vulgare"
"Melanostoma mellinum","visitsFlowersOf","Veronica persica"
"Melanostoma mellinum","visitsFlowersOf","Veronica officinalis"
"Melanostoma mellinum","visitsFlowersOf","Veronica chamaedrys"
"Melanostoma mellinum","visitsFlowersOf","Veronica beccabunga"
"Melanostoma mellinum","visitsFlowersOf","Campanula persicifolia"
"Melanostoma mellinum","visitsFlowersOf","Stachys alpina"
"Melanostoma mellinum","visitsFlowersOf","Sonchus oleraceus"
"Melanostoma mellinum","visitsFlowersOf","Glechoma hederacea"
"Melanostoma mellinum","visitsFlowersOf","Cirsium vulgare"
"Melanostoma mellinum","visitsFlowersOf","Centaurea scabiosa"
"Melanostoma mellinum","visitsFlowersOf","Stellaria nemorum"
"Melanostoma mellinum","visitsFlowersOf","Potentilla erecta"
"Melanostoma mellinum","visitsFlowersOf","Allium ursinum"
"Melanostoma mellinum","visitsFlowersOf","Cirsium eriophorum"
"Melanostoma mellinum","visitsFlowersOf","Succisa pratensis"
"Melanostoma mellinum","visitsFlowersOf","Silene latifolia"
"Melanostoma mellinum","visitsFlowersOf","Ficaria verna"
"Melanostoma mellinum","visitsFlowersOf","Stachys sylvatica"
"Melanostoma mellinum","visitsFlowersOf","Cardamine pratensis"
"Melanostoma mellinum","visitsFlowersOf","Lamium maculatum"
"Melanostoma mellinum","visitsFlowersOf","Lamium album"
"Melanostoma mellinum","visitsFlowersOf","Primula acaulis"
"Melanostoma mellinum","visitsFlowersOf","Solidago virgaurea"
"Melanostoma mellinum","visitsFlowersOf","Cichorium intybus"
"Melanostoma mellinum","visits","Helianthemum nummularium"
"Melanostoma mellinum","interactsWith","Taraxacum officinale"
"Melanostoma mellinum","interactsWith","Stellaria media"
"Melanostoma mellinum","hasHost","Stellaria media"
"Melanostoma mellinum","eats","Taraxacum officinale"
"Melanostoma mellinum","eats","Prunus spinosa"
"Polyommatus icarus","visitsFlowersOf","Lychnis flos-cuculi"
"Polyommatus icarus","visitsFlowersOf","Dipsacus fullonum"
"Polyommatus icarus","visitsFlowersOf","Potentilla anserina"
"Polyommatus icarus","visitsFlowersOf","Anthyllis vulneraria"
"Polyommatus icarus","visitsFlowersOf","Geranium pratense"
"Polyommatus icarus","visitsFlowersOf","Vicia sylvatica"
"Polyommatus icarus","visitsFlowersOf","Melilotus albus"
"Polyommatus icarus","visitsFlowersOf","Vicia villosa"
"Polyommatus icarus","visitsFlowersOf","Vicia sepium"
"Polyommatus icarus","visitsFlowersOf","Vicia sativa"
"Polyommatus icarus","visitsFlowersOf","Lathyrus pratensis"
"Polyommatus icarus","visitsFlowersOf","Medicago lupulina"
"Polyommatus icarus","visitsFlowersOf","Mentha aquatica"
"Polyommatus icarus","visitsFlowersOf","Stellaria media"
"Polyommatus icarus","visitsFlowersOf","Primula veris"
"Polyommatus icarus","visitsFlowersOf","Reseda lutea"
"Polyommatus icarus","visitsFlowersOf","Echium vulgare"
"Polyommatus icarus","visitsFlowersOf","Verbena officinalis"
"Polyommatus icarus","visitsFlowersOf","Prunella vulgaris"
"Polyommatus icarus","visitsFlowersOf","Ajuga reptans"
"Polyommatus icarus","visitsFlowersOf","Thymus pulegioides"
"Polyommatus icarus","visitsFlowersOf","Cirsium vulgare"
"Polyommatus icarus","visitsFlowersOf","Bellis perennis"
"Polyommatus icarus","visitsFlowersOf","Centaurea scabiosa"
"Polyommatus icarus","visitsFlowersOf","Linaria vulgaris"
"Polyommatus icarus","visitsFlowersOf","Achillea millefolium"
"Polyommatus icarus","visitsFlowersOf","Potentilla erecta"
"Polyommatus icarus","visitsFlowersOf","Cirsium eriophorum"
"Polyommatus icarus","visitsFlowersOf","Succisa pratensis"
"Polyommatus icarus","visitsFlowersOf","Geranium robertianum"
"Polyommatus icarus","visitsFlowersOf","Centaurium erythraea"
"Polyommatus icarus","visitsFlowersOf","Sanguisorba minor"
"Polyommatus icarus","visitsFlowersOf","Ficaria verna"
"Polyommatus icarus","visitsFlowersOf","Epilobium hirsutum"
"Polyommatus icarus","visitsFlowersOf","Ononis spinosa"
"Polyommatus icarus","visitsFlowersOf","Clinopodium vulgare"
"Polyommatus icarus","visitsFlowersOf","Geranium phaeum"
"Polyommatus icarus","visits","Medicago sativa"
"Polyommatus icarus","visits","Cirsium arvense"
"Polyommatus icarus","interactsWith","Polyommatus icarus"
"Polyommatus icarus","visitsFlowersOf","Cardamine pratensis"
"Polyommatus icarus","visitsFlowersOf","Veronica persica"
"Polyommatus icarus","visitsFlowersOf","Asclepias syriaca"
"Polyommatus icarus","visitsFlowersOf","Tanacetum parthenium"
"Polyommatus icarus","visitsFlowersOf","Eryngium campestre"
"Polyommatus icarus","visits","Plantago lanceolata"
"Polyommatus icarus","visits","Mentha longifolia"
"Polyommatus icarus","interactsWith","Mentha longifolia"
"Polyommatus icarus","interactsWith","Heliotropium europaeum"
"Polyommatus icarus","interactsWith","Lycaena phlaeas"
"Polyommatus icarus","hasHost","Lathyrus tuberosus"
"Polyommatus icarus","eats","Pilosella aurantiaca"
"Helophilus trivittatus","visitsFlowersOf","Mentha aquatica"
"Helophilus trivittatus","visitsFlowersOf","Origanum vulgare"
"Helophilus trivittatus","visitsFlowersOf","Sonchus oleraceus"
"Helophilus trivittatus","visitsFlowersOf","Cirsium vulgare"
"Helophilus trivittatus","visitsFlowersOf","Centaurea scabiosa"
"Helophilus trivittatus","visitsFlowersOf","Cirsium eriophorum"
"Helophilus trivittatus","visitsFlowersOf","Succisa pratensis"
"Helophilus trivittatus","visitsFlowersOf","Ficaria verna"
"Helophilus trivittatus","pollinates","Mentha aquatica"
"Helophilus trivittatus","pollinates","Eupatorium cannabinum"
"Helophilus trivittatus","visitsFlowersOf","Tanacetum vulgare"
"Helophilus trivittatus","visits","Eupatorium cannabinum"
"Helophilus trivittatus","visits","Erigeron annuus"
"Helophilus trivittatus","visits","Cirsium arvense"
"Helophilus trivittatus","visits","Mentha aquatica"
"Helophilus trivittatus","interactsWith","Urtica dioica"
"Helophilus trivittatus","interactsWith","Cirsium arvense"
"Helophilus trivittatus","eats","Eupatorium cannabinum"
"Xanthogramma pedissequum","visitsFlowersOf","Mentha aquatica"
"Xanthogramma pedissequum","visitsFlowersOf","Convolvulus arvensis"
"Xanthogramma pedissequum","visitsFlowersOf","Cornus sanguinea"
"Xanthogramma pedissequum","visitsFlowersOf","Thymus pulegioides"
"Xanthogramma pedissequum","visitsFlowersOf","Centaurea scabiosa"
"Xanthogramma pedissequum","visitsFlowersOf","Ficaria verna"
"Xanthogramma festiva","visitsFlowersOf","Potentilla anserina"
"Xanthogramma festiva","visitsFlowersOf","Carlina acaulis"
"Xanthogramma festiva","visitsFlowersOf","Convolvulus arvensis"
"Xanthogramma festiva","visitsFlowersOf","Lapsana communis"
"Xanthogramma festiva","visitsFlowersOf","Prunus spinosa"
"Xanthogramma festiva","visitsFlowersOf","Mentha aquatica"
"Xanthogramma festiva","visitsFlowersOf","Origanum vulgare"
"Xanthogramma festiva","visitsFlowersOf","Plantago lanceolata"
"Xanthogramma festiva","visitsFlowersOf","Helianthemum nummularium"
"Xanthogramma festiva","visitsFlowersOf","Cirsium vulgare"
"Xanthogramma festiva","visitsFlowersOf","Cirsium arvense"
"Xanthogramma festiva","visitsFlowersOf","Centaurea scabiosa"
"Xanthogramma festiva","visitsFlowersOf","Potentilla erecta"
"Xanthogramma festiva","visitsFlowersOf","Cirsium eriophorum"
"Xanthogramma festiva","visitsFlowersOf","Ficaria verna"
"Criorhina berberina","visitsFlowersOf","Stellaria holostea"
"Criorhina berberina","visitsFlowersOf","Cirsium vulgare"
"Criorhina berberina","visitsFlowersOf","Cirsium arvense"
"Criorhina berberina","visitsFlowersOf","Cirsium eriophorum"
"Criorhina berberina","visitsFlowersOf","Silene latifolia"
"Criorhina berberina","visitsFlowersOf","Silene dioica"
"Hedera helix","visitsFlowersOf","Hedera helix"
"Hedera helix","visitsFlowersOf","Vespa crabro"
"Hedera helix","interactsWith","Euplagia quadripunctaria"
"Hedera helix","interactsWith","Chrysolina polita"
"Hedera helix","interactsWith","Juglans regia"
"Hedera helix","interactsWith","Turdus viscivorus"
"Hedera helix","hasDispersalVector","Sturnus vulgaris"
"Hedera helix","hasDispersalVector","Pyrrhula pyrrhula"
"Hedera helix","hasDispersalVector","Turdus pilaris"
"Hedera helix","hasDispersalVector","Columba palumbus"
"Quercus robur","interactsWith","Andricus quercuscalicis"
"Quercus robur","interactsWith","Laetiporus sulphureus"
"Quercus robur","interactsWith","Certhia familiaris"
"Quercus robur","interactsWith","Viscum album"
"Quercus robur","interactsWith","Fomes fomentarius"
"Quercus robur","hasHost","Quercus robur"
"Alnus glutinosa","interactsWith","Agelastica alni"
"Alnus glutinosa","interactsWith","Pentatoma rufipes"
"Alnus glutinosa","interactsWith","Kleidocerys resedae"
"Alnus glutinosa","interactsWith","Gonocerus acuteangulatus"
"Alnus glutinosa","createsHabitatFor","Barbastella barbastellus"
"Cervus elaphus","eats","Viscum album"
"Cervus elaphus","eats","Vaccinium myrtillus"
"Cervus elaphus","eats","Primula elatior"
"Cervus elaphus","eats","Cruciata glabra"
"Cervus elaphus","eats","Prunus spinosa"
"Cervus elaphus","eats","Hypericum perforatum"
"Cervus elaphus","eats","Lysimachia vulgaris"
"Cervus elaphus","eats","Lythrum salicaria"
"Cervus elaphus","eats","Prunella vulgaris"
"Cervus elaphus","eats","Sambucus nigra"
"Cervus elaphus","eats","Galium aparine"
"Cervus elaphus","eats","Taxus baccata"
"Coenonympha pamphilus","visitsFlowersOf","Persicaria bistorta"
"Coenonympha pamphilus","visitsFlowersOf","Potentilla anserina"
"Coenonympha pamphilus","visitsFlowersOf","Anthyllis vulneraria"
"Coenonympha pamphilus","visitsFlowersOf","Dactylorhiza fuchsii"
"Coenonympha pamphilus","visitsFlowersOf","Vicia sylvatica"
"Coenonympha pamphilus","visitsFlowersOf","Trifolium repens"
"Coenonympha pamphilus","visitsFlowersOf","Trifolium pratense"
"Coenonympha pamphilus","visitsFlowersOf","Vicia villosa"
"Coenonympha pamphilus","visitsFlowersOf","Vicia sepium"
"Coenonympha pamphilus","visitsFlowersOf","Vicia sativa"
"Coenonympha pamphilus","visitsFlowersOf","Lathyrus pratensis"
"Coenonympha pamphilus","visitsFlowersOf","Lotus corniculatus"
"Coenonympha pamphilus","visitsFlowersOf","Mentha aquatica"
"Coenonympha pamphilus","visitsFlowersOf","Clinopodium acinos"
"Coenonympha pamphilus","visitsFlowersOf","Stellaria media"
"Coenonympha pamphilus","visitsFlowersOf","Stellaria holostea"
"Coenonympha pamphilus","visitsFlowersOf","Linum catharticum"
"Coenonympha pamphilus","visitsFlowersOf","Echium vulgare"
"Coenonympha pamphilus","visitsFlowersOf","Prunella vulgaris"
"Coenonympha pamphilus","visitsFlowersOf","Origanum vulgare"
"Coenonympha pamphilus","visitsFlowersOf","Thymus pulegioides"
"Coenonympha pamphilus","visitsFlowersOf","Cirsium vulgare"
"Coenonympha pamphilus","visitsFlowersOf","Cirsium arvense"
"Coenonympha pamphilus","visitsFlowersOf","Bellis perennis"
"Coenonympha pamphilus","visitsFlowersOf","Centaurea scabiosa"
"Coenonympha pamphilus","visitsFlowersOf","Scabiosa columbaria"
"Coenonympha pamphilus","visitsFlowersOf","Potentilla erecta"
"Coenonympha pamphilus","visitsFlowersOf","Dactylorhiza praetermissa"
"Coenonympha pamphilus","visitsFlowersOf","Dactylorhiza purpurella"
"Coenonympha pamphilus","visitsFlowersOf","Cirsium eriophorum"
"Coenonympha pamphilus","visitsFlowersOf","Succisa pratensis"
"Coenonympha pamphilus","visitsFlowersOf","Centaurium erythraea"
"Coenonympha pamphilus","visitsFlowersOf","Ficaria verna"
"Coenonympha pamphilus","visitsFlowersOf","Tanacetum parthenium"
"Coenonympha pamphilus","visitsFlowersOf","Cardamine pratensis"
"Coenonympha pamphilus","visitsFlowersOf","Achillea ptarmica"
"Coenonympha pamphilus","pollinates","Vaccinium vitis-idaea"
"Coenonympha pamphilus","pollinates","Arnica montana"
"Coenonympha pamphilus","pollinates","Potentilla erecta"
"Coenonympha pamphilus","pollinates","Solidago virgaurea"
"Coenonympha pamphilus","visitsFlowersOf","Cruciata laevipes"
"Coenonympha pamphilus","visitsFlowersOf","Silene vulgaris"
"Coenonympha pamphilus","visitsFlowersOf","Taraxacum officinale"
"Coenonympha pamphilus","visitsFlowersOf","Lythrum salicaria"
"Coenonympha pamphilus","visitsFlowersOf","Veronica persica"
"Coenonympha pamphilus","visitsFlowersOf","Veronica officinalis"
"Coenonympha pamphilus","visitsFlowersOf","Erigeron annuus"
"Coenonympha pamphilus","visitsFlowersOf","Eryngium campestre"
"Coenonympha pamphilus","eats","Achillea millefolium"
"Vanessa atalanta","visitsFlowersOf","Alliaria petiolata"
"Vanessa atalanta","visitsFlowersOf","Lythrum salicaria"
"Vanessa atalanta","visitsFlowersOf","Mentha longifolia"
"Vanessa atalanta","visitsFlowersOf","Succisa pratensis"
"Vanessa atalanta","visits","Eupatorium cannabinum"
"Vanessa atalanta","visits","Urtica dioica"
"Vanessa atalanta","interactsWith","Eupatorium cannabinum"
"Vanessa atalanta","interactsWith","Trifolium pratense"
"Vanessa atalanta","interactsWith","Glechoma hederacea"
"Vanessa atalanta","interactsWith","Dipsacus fullonum"
"Vanessa atalanta","hasHost","Eupatorium cannabinum"
"Vanessa atalanta","eats","Taraxacum officinale"
"Vanessa atalanta","eats","Achillea millefolium"
"Vanessa atalanta","eats","Bellis perennis"
"Vanessa atalanta","eats","Conium maculatum"
"Autographa gamma","visitsFlowersOf","Medicago sativa"
"Autographa gamma","visitsFlowersOf","Linaria vulgaris"
"Autographa gamma","visitsFlowersOf","Taraxacum officinale"
"Autographa gamma","visitsFlowersOf","Sambucus ebulus"
"Autographa gamma","visits","Silene latifolia"
"Autographa gamma","interactsWith","Centaurea scabiosa"
"Autographa gamma","hasHost","Medicago sativa"
"Autographa gamma","eats","Trifolium pratense"
"Autographa gamma","eats","Tanacetum vulgare"
"Autographa gamma","pollinates","Platanthera chlorantha"
"Pholidoptera griseoaptera","visitsFlowersOf","Taraxacum officinale"
"Pholidoptera griseoaptera","interactsWith","Urtica dioica"
"Pholidoptera griseoaptera","interactsWith","Galium aparine"
"Syritta pipiens","visitsFlowersOf","Eupatorium cannabinum"
"Syritta pipiens","visitsFlowersOf","Veronica chamaedrys"
"Syritta pipiens","visitsFlowersOf","Euphorbia palustris"
"Syritta pipiens","visitsFlowersOf","Conium maculatum"
"Syritta pipiens","visitsFlowersOf","Aegopodium podagraria"
"Syritta pipiens","visitsFlowersOf","Mentha longifolia"
"Syritta pipiens","interactsWith","Taraxacum officinale"
"Syritta pipiens","interactsWith","Hypericum perforatum"
"Syritta pipiens","interactsWith","Lactuca serriola"
"Syritta pipiens","interactsWith","Bellis perennis"
"Syritta pipiens","interactsWith","Cirsium arvense"
"Syritta pipiens","eats","Cymbalaria muralis"
"Syritta pipiens","eats","Taraxacum officinale"
"Syritta pipiens","eats","Alliaria petiolata"
"Syritta pipiens","eats","Galinsoga quadriradiata"
"Syritta pipiens","eats","Tanacetum vulgare"
"Syritta pipiens","eats","Erigeron annuus"
"Syritta pipiens","eats","Mentha longifolia"
"Syritta pipiens","eats","Clinopodium vulgare"
"Ferdinandea cuprea","interactsWith","Cossus cossus"
"Volucella zonaria","visitsFlowersOf","Erigeron annuus"
"Volucella zonaria","visitsFlowersOf","Cirsium arvense"
"Volucella zonaria","visits","Origanum vulgare"
"Volucella zonaria","interactsWith","Eupatorium cannabinum"
"Volucella zonaria","eats","Succisa pratensis"
"Volucella bombylans","pollinates","Dipsacus fullonum"
"Volucella bombylans","visits","Carduus nutans"
"Volucella inanis","visitsFlowersOf","Filipendula ulmaria"
"Volucella inanis","visits","Origanum vulgare"
"Volucella inanis","interactsWith","Eupatorium cannabinum"
"Volucella inanis","interactsWith","Cirsium arvense"
"Volucella inanis","visitsFlowersOf","Dipsacus fullonum"
"Volucella inanis","visitsFlowersOf","Mentha aquatica"
"Volucella inanis","visitsFlowersOf","Dipsacus pilosus"
"Volucella inanis","visitsFlowersOf","Eupatorium cannabinum"
"Volucella inanis","visitsFlowersOf","Cirsium vulgare"
"Volucella inanis","visitsFlowersOf","Cichorium intybus"
"Volucella inanis","visitsFlowersOf","Centaurea scabiosa"
"Volucella inanis","visitsFlowersOf","Achillea millefolium"
"Volucella inanis","visitsFlowersOf","Cirsium eriophorum"
"Volucella inanis","visitsFlowersOf","Succisa pratensis"
"Volucella inanis","visitsFlowersOf","Lycopus europaeus"
"Xylota segnis","visitsFlowersOf","Dipsacus fullonum"
"Xylota segnis","visitsFlowersOf","Filipendula ulmaria"
"Xylota segnis","visitsFlowersOf","Caltha palustris"
"Xylota segnis","visitsFlowersOf","Mentha aquatica"
"Xylota segnis","visitsFlowersOf","Stellaria media"
"Xylota segnis","visitsFlowersOf","Stellaria holostea"
"Xylota segnis","visitsFlowersOf","Veronica persica"
"Xylota segnis","visitsFlowersOf","Veronica officinalis"
"Xylota segnis","visitsFlowersOf","Veronica chamaedrys"
"Xylota segnis","visitsFlowersOf","Veronica beccabunga"
"Xylota segnis","visitsFlowersOf","Helianthemum nummularium"
"Xylota segnis","visitsFlowersOf","Dipsacus pilosus"
"Xylota segnis","visitsFlowersOf","Sambucus nigra"
"Xylota segnis","visitsFlowersOf","Cornus sanguinea"
"Xylota segnis","visitsFlowersOf","Cirsium vulgare"
"Xylota segnis","visitsFlowersOf","Cirsium arvense"
"Xylota segnis","visitsFlowersOf","Centaurea scabiosa"
"Xylota segnis","visitsFlowersOf","Achillea millefolium"
"Xylota segnis","visitsFlowersOf","Stellaria nemorum"
"Xylota segnis","visitsFlowersOf","Allium ursinum"
"Xylota segnis","visitsFlowersOf","Cirsium eriophorum"
"Xylota segnis","visitsFlowersOf","Succisa pratensis"
"Xylota segnis","visitsFlowersOf","Silene latifolia"
"Xylota segnis","visitsFlowersOf","Silene dioica"
"Xylota segnis","visitsFlowersOf","Ficaria verna"
"Xylota segnis","interactsWith","Hylobius (Callirus) abietis"
"Xylota segnis","interactsWith","Urtica dioica"
"Mallota florea","visitsFlowersOf","Euphorbia amygdaloides"
"Mallota florea","visitsFlowersOf","Prunus spinosa"
"Mallota florea","visitsFlowersOf","Caltha palustris"
"Mallota florea","visitsFlowersOf","Convolvulus arvensis"
"Mallota florea","visitsFlowersOf","Aegopodium podagraria"
"Mallota florea","visitsFlowersOf","Conium maculatum"
"Mallota florea","visitsFlowersOf","Origanum vulgare"
"Mallota florea","visitsFlowersOf","Cornus sanguinea"
"Mallota florea","visitsFlowersOf","Cirsium vulgare"
"Mallota florea","visitsFlowersOf","Cirsium arvense"
"Mallota florea","visitsFlowersOf","Cichorium intybus"
"Mallota florea","visitsFlowersOf","Bellis perennis"
"Mallota florea","visitsFlowersOf","Centaurea scabiosa"
"Mallota florea","visitsFlowersOf","Achillea millefolium"
"Mallota florea","visitsFlowersOf","Allium ursinum"
"Mallota florea","visitsFlowersOf","Cirsium eriophorum"
"Mallota florea","visitsFlowersOf","Succisa pratensis"
"Mallota florea","visitsFlowersOf","Silene latifolia"
"Mallota florea","visitsFlowersOf","Silene dioica"
"Mallota florea","visitsFlowersOf","Ficaria verna"
"Mallota florea","visitsFlowersOf","Papaver rhoeas"
"Mallota florea","visitsFlowersOf","Lycopus europaeus"
"Mallota florea","visitsFlowersOf","Solidago virgaurea"
"Mallota florea","pollinates","Cardaria draba"
"Mallota florea","pollinates","Filipendula ulmaria"
"Eristalis tenax","visitsFlowersOf","Ficaria verna"
"Eristalis tenax","visitsFlowersOf","Medicago sativa"
"Eristalis tenax","visitsFlowersOf","Arctium tomentosum"
"Eristalis tenax","visitsFlowersOf","Hypericum perforatum"
"Eristalis tenax","visitsFlowersOf","Pilosella aurantiaca"
"Eristalis tenax","visitsFlowersOf","Tanacetum parthenium"
"Eristalis tenax","visitsFlowersOf","Cirsium vulgare"
"Eristalis tenax","visitsFlowersOf","Succisa pratensis"
"Eristalis tenax","visitsFlowersOf","Colchicum autumnale"
"Eristalis tenax","visits","Taraxacum officinale"
"Eristalis tenax","visits","Achillea millefolium"
"Eristalis tenax","visits","Origanum vulgare"
"Eristalis tenax","interactsWith","Taraxacum officinale"
"Eristalis tenax","interactsWith","Urtica dioica"
"Eristalis tenax","interactsWith","Cornus sanguinea"
"Eristalis tenax","interactsWith","Origanum vulgare"
"Eristalis tenax","hasHost","Achillea millefolium"
"Eristalis tenax","eats","Plantago media"
"Eristalis tenax","eats","Verbascum blattaria"
"Eristalis tenax","eats","Tanacetum vulgare"
"Eristalis tenax","eats","Bellis perennis"
"Eristalis tenax","eats","Cornus sanguinea"
"Eristalis tenax","eats","Colchicum autumnale"
"Eristalis arbustorum","visitsFlowersOf","Impatiens noli-tangere"
"Eristalis arbustorum","visitsFlowersOf","Parnassia palustris"
"Eristalis arbustorum","visitsFlowersOf","Linaria vulgaris"
"Eristalis arbustorum","visitsFlowersOf","Eupatorium cannabinum"
"Eristalis arbustorum","visitsFlowersOf","Taraxacum officinale"
"Eristalis arbustorum","visitsFlowersOf","Tanacetum vulgare"
"Eristalis arbustorum","visitsFlowersOf","Bellis perennis"
"Eristalis arbustorum","visitsFlowersOf","Mentha aquatica"
"Eristalis arbustorum","visitsFlowersOf","Mentha longifolia"
"Eristalis arbustorum","visitsFlowersOf","Origanum vulgare"
"Eristalis arbustorum","visits","Achillea millefolium"
"Eristalis arbustorum","visits","Erigeron annuus"
"Eristalis arbustorum","visits","Mentha aquatica"
"Eristalis arbustorum","interactsWith","Sedum album"
"Eristalis arbustorum","interactsWith","Asclepias syriaca"
"Eristalis arbustorum","interactsWith","Tanacetum vulgare"
"Eristalis arbustorum","interactsWith","Cirsium arvense"
"Eristalis arbustorum","interactsWith","Euphorbia cyparissias"
"Eristalis arbustorum","interactsWith","Berteroa incana"
"Eristalis arbustorum","interactsWith","Convolvulus arvensis"
"Eristalis arbustorum","hasHost","Achillea millefolium"
"Eristalis arbustorum","hasHost","Erigeron annuus"
"Eristalis arbustorum","eats","Linaria vulgaris"
"Eristalis arbustorum","eats","Cichorium intybus"
"Eristalis arbustorum","eats","Tanacetum parthenium"
"Eristalis arbustorum","eats","Cirsium arvense"
"Eristalis arbustorum","eats","Mentha longifolia"
"Eristalis pertinax","visitsFlowersOf","Euphorbia amygdaloides"
"Eristalis pertinax","visitsFlowersOf","Prunus spinosa"
"Eristalis pertinax","visitsFlowersOf","Filipendula ulmaria"
"Eristalis pertinax","visitsFlowersOf","Equisetum telmateia"
"Eristalis pertinax","visitsFlowersOf","Caltha palustris"
"Eristalis pertinax","visitsFlowersOf","Mentha aquatica"
"Eristalis pertinax","visitsFlowersOf","Campanula glomerata"
"Eristalis pertinax","visitsFlowersOf","Lythrum salicaria"
"Eristalis pertinax","visitsFlowersOf","Aegopodium podagraria"
"Eristalis pertinax","visitsFlowersOf","Chaerophyllum temulum"
"Eristalis pertinax","visitsFlowersOf","Origanum vulgare"
"Eristalis pertinax","visitsFlowersOf","Plantago lanceolata"
"Eristalis pertinax","visitsFlowersOf","Campanula persicifolia"
"Eristalis pertinax","visitsFlowersOf","Sambucus nigra"
"Eristalis pertinax","visitsFlowersOf","Cornus sanguinea"
"Eristalis pertinax","visitsFlowersOf","Nymphaea alba"
"Eristalis pertinax","visitsFlowersOf","Cirsium vulgare"
"Eristalis pertinax","visitsFlowersOf","Cirsium arvense"
"Eristalis pertinax","visitsFlowersOf","Centaurea scabiosa"
"Eristalis pertinax","visitsFlowersOf","Achillea millefolium"
"Eristalis pertinax","visitsFlowersOf","Scabiosa columbaria"
"Eristalis pertinax","visitsFlowersOf","Potentilla erecta"
"Eristalis pertinax","visitsFlowersOf","Allium ursinum"
"Eristalis pertinax","visitsFlowersOf","Cirsium eriophorum"
"Eristalis pertinax","visitsFlowersOf","Succisa pratensis"
"Eristalis pertinax","visitsFlowersOf","Silene latifolia"
"Eristalis pertinax","visitsFlowersOf","Silene dioica"
"Eristalis pertinax","visitsFlowersOf","Ficaria verna"
"Eristalis pertinax","visitsFlowersOf","Cardamine pratensis"
"Eristalis pertinax","visitsFlowersOf","Solidago virgaurea"
"Eristalis pertinax","visits","Prunus spinosa"
"Eristalis pertinax","visits","Origanum vulgare"
"Eristalis pertinax","pollinates","Filipendula ulmaria"
"Eristalis pertinax","pollinates","Trifolium pratense"
"Eristalis pertinax","pollinates","Eupatorium cannabinum"
"Eristalis pertinax","interactsWith","Achillea millefolium"
"Eristalis pertinax","interactsWith","Filipendula ulmaria"
"Eristalis pertinax","interactsWith","Corylus avellana"
"Eristalis pertinax","eats","Aegopodium podagraria"
"Eristalis pertinax","eats","Mentha aquatica"
"Eupeodes luniger","visitsFlowersOf","Galium odoratum"
"Eupeodes luniger","visitsFlowersOf","Prunus spinosa"
"Eupeodes luniger","visitsFlowersOf","Caltha palustris"
"Eupeodes luniger","visitsFlowersOf","Alliaria petiolata"
"Eupeodes luniger","visitsFlowersOf","Mentha aquatica"
"Eupeodes luniger","visitsFlowersOf","Campanula glomerata"
"Eupeodes luniger","visitsFlowersOf","Stellaria media"
"Eupeodes luniger","visitsFlowersOf","Hypericum perforatum"
"Eupeodes luniger","visitsFlowersOf","Malva sylvestris"
"Eupeodes luniger","visitsFlowersOf","Convolvulus arvensis"
"Eupeodes luniger","visitsFlowersOf","Stellaria holostea"
"Eupeodes luniger","visitsFlowersOf","Prunella vulgaris"
"Eupeodes luniger","visitsFlowersOf","Origanum vulgare"
"Eupeodes luniger","visitsFlowersOf","Plantago lanceolata"
"Eupeodes luniger","visitsFlowersOf","Veronica persica"
"Eupeodes luniger","visitsFlowersOf","Veronica officinalis"
"Eupeodes luniger","visitsFlowersOf","Veronica chamaedrys"
"Eupeodes luniger","visitsFlowersOf","Veronica beccabunga"
"Eupeodes luniger","visitsFlowersOf","Campanula persicifolia"
"Eupeodes luniger","visitsFlowersOf","Sambucus nigra"
"Eupeodes luniger","visitsFlowersOf","Cornus sanguinea"
"Eupeodes luniger","visitsFlowersOf","Cirsium vulgare"
"Eupeodes luniger","visitsFlowersOf","Cirsium arvense"
"Eupeodes luniger","visitsFlowersOf","Bellis perennis"
"Eupeodes luniger","visitsFlowersOf","Centaurea scabiosa"
"Eupeodes luniger","visitsFlowersOf","Stellaria nemorum"
"Eupeodes luniger","visitsFlowersOf","Galium aparine"
"Eupeodes luniger","visitsFlowersOf","Cirsium eriophorum"
"Eupeodes luniger","visitsFlowersOf","Silene latifolia"
"Eupeodes luniger","visitsFlowersOf","Geranium robertianum"
"Eupeodes luniger","visitsFlowersOf","Ficaria verna"
"Eupeodes luniger","visitsFlowersOf","Cardamine pratensis"
"Eupeodes luniger","visitsFlowersOf","Lycopus europaeus"
"Eupeodes luniger","visitsFlowersOf","Solidago virgaurea"
"Eupeodes luniger","pollinates","Bistorta vivipara"
"Eupeodes corollae","visitsFlowersOf","Cichorium intybus"
"Sphaerophoria scripta","visitsFlowersOf","Potentilla anserina"
"Sphaerophoria scripta","visitsFlowersOf","Anthyllis vulneraria"
"Sphaerophoria scripta","visitsFlowersOf","Euphorbia amygdaloides"
"Sphaerophoria scripta","visitsFlowersOf","Galium odoratum"
"Sphaerophoria scripta","visitsFlowersOf","Equisetum telmateia"
"Sphaerophoria scripta","visitsFlowersOf","Trifolium pratense"
"Sphaerophoria scripta","visitsFlowersOf","Medicago lupulina"
"Sphaerophoria scripta","visitsFlowersOf","Mentha aquatica"
"Sphaerophoria scripta","visitsFlowersOf","Stellaria media"
"Sphaerophoria scripta","visitsFlowersOf","Hypericum perforatum"
"Sphaerophoria scripta","visitsFlowersOf","Malva sylvestris"
"Sphaerophoria scripta","visitsFlowersOf","Vaccinium myrtillus"
"Sphaerophoria scripta","visitsFlowersOf","Stellaria holostea"
"Sphaerophoria scripta","visitsFlowersOf","Origanum vulgare"
"Sphaerophoria scripta","visitsFlowersOf","Veronica persica"
"Sphaerophoria scripta","visitsFlowersOf","Veronica officinalis"
"Sphaerophoria scripta","visitsFlowersOf","Veronica chamaedrys"
"Sphaerophoria scripta","visitsFlowersOf","Veronica beccabunga"
"Sphaerophoria scripta","visitsFlowersOf","Sonchus oleraceus"
"Sphaerophoria scripta","visitsFlowersOf","Cornus sanguinea"
"Sphaerophoria scripta","visitsFlowersOf","Thymus pulegioides"
"Sphaerophoria scripta","visitsFlowersOf","Eupatorium cannabinum"
"Sphaerophoria scripta","visitsFlowersOf","Cirsium vulgare"
"Sphaerophoria scripta","visitsFlowersOf","Cirsium arvense"
"Sphaerophoria scripta","visitsFlowersOf","Centaurea scabiosa"
"Sphaerophoria scripta","visitsFlowersOf","Potentilla erecta"
"Sphaerophoria scripta","visitsFlowersOf","Galium aparine"
"Sphaerophoria scripta","visitsFlowersOf","Cirsium eriophorum"
"Sphaerophoria scripta","visitsFlowersOf","Succisa pratensis"
"Sphaerophoria scripta","visitsFlowersOf","Silene latifolia"
"Sphaerophoria scripta","visitsFlowersOf","Silene dioica"
"Sphaerophoria scripta","visitsFlowersOf","Centaurium erythraea"
"Sphaerophoria scripta","visitsFlowersOf","Ficaria verna"
"Sphaerophoria scripta","visitsFlowersOf","Alliaria petiolata"
"Sphaerophoria scripta","visitsFlowersOf","Achillea ptarmica"
"Sphaerophoria scripta","visitsFlowersOf","Lycopus europaeus"
"Sphaerophoria scripta","pollinates","Bistorta vivipara"
"Sphaerophoria scripta","pollinates","Trifolium pratense"
"Sphaerophoria scripta","pollinates","Medicago lupulina"
"Sphaerophoria scripta","pollinates","Convolvulus arvensis"
"Sphaerophoria scripta","pollinates","Linum catharticum"
"Sphaerophoria scripta","pollinates","Eupatorium cannabinum"
"Sphaerophoria scripta","pollinates","Erodium cicutarium"
"Sphaerophoria scripta","pollinates","Potentilla erecta"
"Sphaerophoria scripta","pollinates","Solidago virgaurea"
"Sphaerophoria scripta","visitsFlowersOf","Cichorium intybus"
"Sphaerophoria scripta","visitsFlowersOf","Lythrum salicaria"
"Sphaerophoria scripta","visitsFlowersOf","Tanacetum vulgare"
"Sphaerophoria scripta","visits","Lythrum salicaria"
"Sphaerophoria scripta","visits","Erigeron annuus"
"Sphaerophoria scripta","interactsWith","Achillea millefolium"
"Sphaerophoria scripta","interactsWith","Pteridium aquilinum"
"Sphaerophoria scripta","eats","Origanum vulgare"
"Scaeva pyrastri","visitsFlowersOf","Tanacetum vulgare"
"Scaeva pyrastri","visitsFlowersOf","Cirsium arvense"
"Scaeva pyrastri","visitsFlowersOf","Sonchus oleraceus"
"Scaeva pyrastri","visitsFlowersOf","Caltha palustris"
"Scaeva pyrastri","visitsFlowersOf","Mentha aquatica"
"Scaeva pyrastri","visitsFlowersOf","Campanula glomerata"
"Scaeva pyrastri","visitsFlowersOf","Lythrum salicaria"
"Scaeva pyrastri","visitsFlowersOf","Convolvulus arvensis"
"Scaeva pyrastri","visitsFlowersOf","Origanum vulgare"
"Scaeva pyrastri","visitsFlowersOf","Veronica persica"
"Scaeva pyrastri","visitsFlowersOf","Campanula persicifolia"
"Scaeva pyrastri","visitsFlowersOf","Cornus sanguinea"
"Scaeva pyrastri","visitsFlowersOf","Cirsium vulgare"
"Scaeva pyrastri","visitsFlowersOf","Centaurea scabiosa"
"Scaeva pyrastri","visitsFlowersOf","Achillea millefolium"
"Scaeva pyrastri","visitsFlowersOf","Cirsium eriophorum"
"Scaeva pyrastri","visitsFlowersOf","Ficaria verna"
"Scaeva pyrastri","visitsFlowersOf","Solidago virgaurea"
"Scaeva pyrastri","visits","Colchicum autumnale"
"Scaeva pyrastri","pollinates","Eupatorium cannabinum"
"Scaeva pyrastri","interactsWith","Geranium robertianum"
"Scaeva pyrastri","interactsWith","Conium maculatum"
"Scaeva pyrastri","interactsWith","Pteridium aquilinum"
"Scaeva pyrastri","eats","Achillea millefolium"
"Scaeva pyrastri","eats","Convolvulus arvensis"
"Scaeva pyrastri","visitsFlowersOf","Mentha longifolia"
"Scaeva pyrastri","visits","Centaurea cyanus"
"Scaeva pyrastri","interactsWith","Berteroa incana"
"Scaeva pyrastri","eats","Dianthus carthusianorum"
"Scaeva pyrastri","eats","Erigeron annuus"
"Scaeva pyrastri","eats","Colchicum autumnale"
"Scaeva selenitica","visitsFlowersOf","Centaurea scabiosa"
"Scaeva selenitica","pollinates","Solidago virgaurea"
"Syrphus ribesii","visitsFlowersOf","Dipsacus fullonum"
"Syrphus ribesii","visitsFlowersOf","Euphorbia amygdaloides"
"Syrphus ribesii","visitsFlowersOf","Filipendula ulmaria"
"Syrphus ribesii","visitsFlowersOf","Lapsana communis"
"Syrphus ribesii","visitsFlowersOf","Tussilago farfara"
"Syrphus ribesii","visitsFlowersOf","Vicia sylvatica"
"Syrphus ribesii","visitsFlowersOf","Vicia villosa"
"Syrphus ribesii","visitsFlowersOf","Vicia sepium"
"Syrphus ribesii","visitsFlowersOf","Vicia sativa"
"Syrphus ribesii","visitsFlowersOf","Prunus spinosa"
"Syrphus ribesii","visitsFlowersOf","Caltha palustris"
"Syrphus ribesii","visitsFlowersOf","Mentha aquatica"
"Syrphus ribesii","visitsFlowersOf","Campanula glomerata"
"Syrphus ribesii","visitsFlowersOf","Stellaria media"
"Syrphus ribesii","visitsFlowersOf","Convolvulus arvensis"
"Syrphus ribesii","visitsFlowersOf","Stellaria holostea"
"Syrphus ribesii","visitsFlowersOf","Campanula persicifolia"
"Syrphus ribesii","visitsFlowersOf","Dipsacus pilosus"
"Syrphus ribesii","visitsFlowersOf","Sonchus oleraceus"
"Syrphus ribesii","visitsFlowersOf","Sambucus nigra"
"Syrphus ribesii","visitsFlowersOf","Cornus sanguinea"
"Syrphus ribesii","visitsFlowersOf","Cirsium vulgare"
"Syrphus ribesii","visitsFlowersOf","Cirsium arvense"
"Syrphus ribesii","visitsFlowersOf","Centaurea scabiosa"
"Syrphus ribesii","visitsFlowersOf","Achillea millefolium"
"Syrphus ribesii","visitsFlowersOf","Stellaria nemorum"
"Syrphus ribesii","visitsFlowersOf","Allium ursinum"
"Syrphus ribesii","visitsFlowersOf","Cirsium eriophorum"
"Syrphus ribesii","visitsFlowersOf","Succisa pratensis"
"Syrphus ribesii","visitsFlowersOf","Silene latifolia"
"Syrphus ribesii","visitsFlowersOf","Silene dioica"
"Syrphus ribesii","visitsFlowersOf","Lamiastrum galeobdolon"
"Syrphus ribesii","visitsFlowersOf","Ficaria verna"
"Syrphus ribesii","visitsFlowersOf","Lamium maculatum"
"Syrphus ribesii","visitsFlowersOf","Lamium album"
"Syrphus ribesii","visitsFlowersOf","Lycopus europaeus"
"Syrphus ribesii","visitsFlowersOf","Primula acaulis"
"Syrphus ribesii","pollinates","Cirsium vulgare"
"Syrphus ribesii","pollinates","Potentilla erecta"
"Syrphus ribesii","visitsFlowersOf","Taraxacum officinale"
"Syrphus ribesii","visits","Achillea millefolium"
"Syrphus vitripennis","visitsFlowersOf","Impatiens noli-tangere"
"Syrphus vitripennis","visitsFlowersOf","Tanacetum vulgare"
"Episyrphus balteatus","visitsFlowersOf","Impatiens noli-tangere"
"Episyrphus balteatus","visitsFlowersOf","Impatiens parviflora"
"Episyrphus balteatus","visitsFlowersOf","Impatiens glandulifera"
"Episyrphus balteatus","visitsFlowersOf","Dianthus carthusianorum"
"Episyrphus balteatus","visitsFlowersOf","Centaurium erythraea"
"Episyrphus balteatus","visitsFlowersOf","Taraxacum officinale"
"Episyrphus balteatus","visitsFlowersOf","Lythrum salicaria"
"Episyrphus balteatus","visitsFlowersOf","Tussilago farfara"
"Episyrphus balteatus","visitsFlowersOf","Cirsium oleraceum"
"Episyrphus balteatus","visitsFlowersOf","Centaurea cyanus"
"Episyrphus balteatus","visitsFlowersOf","Butomus umbellatus"
"Episyrphus balteatus","visits","Ficaria verna"
"Episyrphus balteatus","visits","Campanula persicifolia"
"Episyrphus balteatus","visits","Erigeron annuus"
"Episyrphus balteatus","visits","Cirsium oleraceum"
"Episyrphus balteatus","pollinates","Cichorium intybus"
"Episyrphus balteatus","interactsWith","Ficaria verna"
"Episyrphus balteatus","interactsWith","Campanula persicifolia"
"Episyrphus balteatus","interactsWith","Cichorium intybus"
"Episyrphus balteatus","interactsWith","Malva sylvestris"
"Episyrphus balteatus","interactsWith","Achillea millefolium"
"Episyrphus balteatus","interactsWith","Cirsium oleraceum"
"Episyrphus balteatus","interactsWith","Verbena officinalis"
"Episyrphus balteatus","interactsWith","Sambucus ebulus"
"Episyrphus balteatus","interactsWith","Episyrphus balteatus"
"Episyrphus balteatus","eats","Cichorium intybus"
"Episyrphus balteatus","eats","Malva sylvestris"
"Episyrphus balteatus","eats","Tanacetum vulgare"
"Episyrphus balteatus","eats","Erigeron annuus"
"Episyrphus balteatus","eats","Cirsium vulgare"
"Episyrphus balteatus","eats","Origanum vulgare"
"Episyrphus balteatus","eats","Corylus avellana"
"Chrysotoxum bicinctum","visitsFlowersOf","Convolvulus arvensis"
"Chrysotoxum bicinctum","visitsFlowersOf","Galium odoratum"
"Chrysotoxum bicinctum","visitsFlowersOf","Lotus corniculatus"
"Chrysotoxum bicinctum","visitsFlowersOf","Mentha aquatica"
"Chrysotoxum bicinctum","visitsFlowersOf","Origanum vulgare"
"Chrysotoxum bicinctum","visitsFlowersOf","Helianthemum nummularium"
"Chrysotoxum bicinctum","visitsFlowersOf","Eupatorium cannabinum"
"Chrysotoxum bicinctum","visitsFlowersOf","Cirsium vulgare"
"Chrysotoxum bicinctum","visitsFlowersOf","Cirsium arvense"
"Chrysotoxum bicinctum","visitsFlowersOf","Centaurea scabiosa"
"Chrysotoxum bicinctum","visitsFlowersOf","Achillea millefolium"
"Chrysotoxum bicinctum","visitsFlowersOf","Potentilla erecta"
"Chrysotoxum bicinctum","visitsFlowersOf","Galium aparine"
"Chrysotoxum bicinctum","visitsFlowersOf","Cirsium eriophorum"
"Chrysotoxum bicinctum","visitsFlowersOf","Ficaria verna"
"Chrysotoxum bicinctum","pollinates","Arnica montana"
"Chrysotoxum cautum","visitsFlowersOf","Lotus corniculatus"
"Chrysotoxum cautum","visitsFlowersOf","Onobrychis viciifolia"
"Chrysotoxum cautum","visitsFlowersOf","Prunus spinosa"
"Chrysotoxum cautum","visitsFlowersOf","Mentha aquatica"
"Chrysotoxum cautum","visitsFlowersOf","Cornus sanguinea"
"Chrysotoxum cautum","visitsFlowersOf","Centaurea scabiosa"
"Chrysotoxum cautum","visitsFlowersOf","Ficaria verna"
"Chrysotoxum verralli","visitsFlowersOf","Origanum vulgare"
"Chrysotoxum verralli","visitsFlowersOf","Cirsium vulgare"
"Chrysotoxum verralli","visitsFlowersOf","Cirsium arvense"
"Chrysotoxum verralli","visitsFlowersOf","Cirsium eriophorum"
"Paragus haemorrhous","visitsFlowersOf","Lotus corniculatus"
"Paragus haemorrhous","visitsFlowersOf","Veronica persica"
"Paragus haemorrhous","visitsFlowersOf","Medicago lupulina"
"Paragus haemorrhous","interactsWith","Achillea millefolium"
"Paragus haemorrhous","interactsWith","Sonchus oleraceus"
"Paragus haemorrhous","eats","Bellis perennis"
"Paragus haemorrhous","eats","Medicago lupulina"
"Paragus haemorrhous","eats","Origanum vulgare"
"Paragus pecchiolii","visitsFlowersOf","Erigeron annuus"
"Meliscaeva auricollis","visitsFlowersOf","Lapsana communis"
"Meliscaeva auricollis","visitsFlowersOf","Tussilago farfara"
"Meliscaeva auricollis","visitsFlowersOf","Trifolium repens"
"Meliscaeva auricollis","visitsFlowersOf","Trifolium pratense"
"Meliscaeva auricollis","visitsFlowersOf","Prunus spinosa"
"Meliscaeva auricollis","visitsFlowersOf","Alliaria petiolata"
"Meliscaeva auricollis","visitsFlowersOf","Chaerophyllum temulum"
"Meliscaeva auricollis","visitsFlowersOf","Origanum vulgare"
"Meliscaeva auricollis","visitsFlowersOf","Cirsium vulgare"
"Meliscaeva auricollis","visitsFlowersOf","Cirsium arvense"
"Meliscaeva auricollis","visitsFlowersOf","Cirsium eriophorum"
"Meliscaeva auricollis","visitsFlowersOf","Silene latifolia"
"Meliscaeva auricollis","visitsFlowersOf","Silene dioica"
"Meliscaeva auricollis","visitsFlowersOf","Ficaria verna"
"Meliscaeva auricollis","visitsFlowersOf","Papaver rhoeas"
"Meliscaeva auricollis","visitsFlowersOf","Daphne mezereum"
"Pipizella viduata","visitsFlowersOf","Galium odoratum"
"Pipizella viduata","visitsFlowersOf","Aegopodium podagraria"
"Pipizella viduata","visitsFlowersOf","Helianthemum nummularium"
"Pipizella viduata","visitsFlowersOf","Potentilla erecta"
"Pipizella viduata","visitsFlowersOf","Galium aparine"
"Pipizella viduata","visitsFlowersOf","Ficaria verna"
"Pipizella viduata","pollinates","Potentilla erecta"
"Graphomya maculata","visitsFlowersOf","Cornus sanguinea"
"Graphomya maculata","visitsFlowersOf","Mentha longifolia"
"Apis mellifera","visitsFlowersOf","Impatiens noli-tangere"
"Apis mellifera","visitsFlowersOf","Cardamine pratensis"
"Apis mellifera","visitsFlowersOf","Gentiana asclepiadea"
"Apis mellifera","visitsFlowersOf","Solidago virgaurea"
"Apis mellifera","visitsFlowersOf","Teucrium chamaedrys"
"Apis mellifera","visitsFlowersOf","Arnica montana"
"Apis mellifera","visitsFlowersOf","Argentina anserina"
"Apis mellifera","visitsFlowersOf","Iris pseudacorus"
"Apis mellifera","visitsFlowersOf","Lathraea squamaria"
"Apis mellifera","visitsFlowersOf","Ailanthus altissima"
"Apis mellifera","visitsFlowersOf","Ambrosia artemisiifolia"
"Apis mellifera","visitsFlowersOf","Tripolium pannonicum"
"Apis mellifera","visitsFlowersOf","Cornus mas"
"Apis mellifera","visitsFlowersOf","Conium maculatum"
"Apis mellifera","visitsFlowersOf","Eryngium maritimum"
"Apis mellifera","visitsFlowersOf","Medicago lupulina"
"Apis mellifera","visitsFlowersOf","Mentha longifolia"
"Apis mellifera","visitsFlowersOf","Verbena officinalis"
"Apis mellifera","visitsFlowersOf","Dipsacus fullonum"
"Apis mellifera","visitsFlowersOf","Papaver rhoeas"
"Apis mellifera","visitsFlowersOf","Corylus avellana"
"Apis mellifera","visitsFlowersOf","Dactylis glomerata"
"Apis mellifera","visits","Symphytum officinale"
"Apis mellifera","visits","Lepidium draba"
"Apis mellifera","visits","Alliaria petiolata"
"Apis mellifera","visits","Crambe maritima"
"Apis mellifera","visits","Trifolium arvense"
"Apis mellifera","visits","Plantago lanceolata"
"Apis mellifera","visits","Hypericum perforatum"
"Apis mellifera","visits","Achillea millefolium"
"Apis mellifera","visits","Tanacetum vulgare"
"Apis mellifera","visits","Cirsium vulgare"
"Apis mellifera","visits","Aegopodium podagraria"
"Apis mellifera","visits","Prunus spinosa"
"Apis mellifera","visits","Betonica officinalis"
"Apis mellifera","visits","Ajuga reptans"
"Apis mellifera","pollinates","Vinca minor"
"Apis mellifera","pollinates","Ajuga reptans"
"Apis mellifera","pollinates","Tettigonia viridissima"
"Apis mellifera","pollinates","Oxythyrea funesta"
"Apis mellifera","interactsWith","Cardamine pratensis"
"Apis mellifera","interactsWith","Symphytum officinale"
"Apis mellifera","interactsWith","Teucrium chamaedrys"
"Apis mellifera","interactsWith","Securigera varia"
"Apis mellifera","interactsWith","Thymus pulegioides"
"Apis mellifera","interactsWith","Chelidonium majus"
"Apis mellifera","interactsWith","Viola tricolor"
"Apis mellifera","interactsWith","Galinsoga parviflora"
"Apis mellifera","interactsWith","Saponaria officinalis"
"Apis mellifera","interactsWith","Cornus sanguinea"
"Apis mellifera","interactsWith","Anemone nemorosa"
"Apis mellifera","interactsWith","Datura stramonium"
"Apis mellifera","interactsWith","Ajuga reptans"
"Apis mellifera","interactsWith","Echium vulgare"
"Apis mellifera","hasHost","Amorpha fruticosa"
"Apis mellifera","eats","Nymphoides peltata"
"Apis mellifera","eats","Carduus nutans"
"Apis mellifera","eats","Symphytum officinale"
"Apis mellifera","eats","Linaria vulgaris"
"Apis mellifera","eats","Arctium tomentosum"
"Apis mellifera","eats","Hepatica nobilis"
"Apis mellifera","eats","Caltha palustris"
"Apis mellifera","eats","Prunella vulgaris"
"Apis mellifera","eats","Iris pseudacorus"
"Apis mellifera","eats","Lathraea squamaria"
"Apis mellifera","eats","Ailanthus altissima"
"Apis mellifera","eats","Lythrum salicaria"
"Apis mellifera","eats","Tussilago farfara"
"Apis mellifera","eats","Pilosella aurantiaca"
"Apis mellifera","eats","Cornus sanguinea"
"Apis mellifera","eats","Aegopodium podagraria"
"Apis mellifera","eats","Filipendula ulmaria"
"Apis mellifera","eats","Vicia sativa"
"Apis mellifera","eats","Onobrychis viciifolia"
"Apis mellifera","eats","Mentha longifolia"
"Apis mellifera","eats","Salvia pratensis"
"Apis mellifera","eats","Glechoma hederacea"
"Apis mellifera","eats","Echium vulgare"
"Apis mellifera","eats","Impatiens balfourii"
"Apis mellifera","eats","Impatiens glandulifera"
"Apis mellifera","eats","Scabiosa ochroleuca"
"Apis mellifera","eats","Scabiosa columbaria"
"Apis mellifera","eats","Corylus avellana"
"Apis mellifera","pollinates","Epipactis palustris"
"Bombus lapidarius","visitsFlowersOf","Genista sagittalis"
"Bombus lapidarius","visitsFlowersOf","Taraxacum officinale"
"Bombus lapidarius","visitsFlowersOf","Inula helenium"
"Bombus lapidarius","visitsFlowersOf","Origanum vulgare"
"Bombus lapidarius","visits","Inula helenium"
"Bombus lapidarius","visits","Origanum vulgare"
"Bombus lapidarius","interactsWith","Carduus nutans"
"Bombus lapidarius","interactsWith","Trifolium repens"
"Bombus lapidarius","eats","Trifolium repens"
"Vespula germanica","preysOn","Mimas tiliae"
"Vespula germanica","interactsWith","Asclepias syriaca"
"Vespula germanica","eats","Mimas tiliae"
"Vespula germanica","eats","Columba palumbus"
"Vespula germanica","eats","Calliptamus italicus"
"Polistes nimpha","visitsFlowersOf","Euphorbia marginata"
"Pararge aegeria","visitsFlowersOf","Dipsacus fullonum"
"Pararge aegeria","visitsFlowersOf","Euphorbia amygdaloides"
"Pararge aegeria","visitsFlowersOf","Eryngium maritimum"
"Pararge aegeria","visitsFlowersOf","Geranium pratense"
"Pararge aegeria","visitsFlowersOf","Trifolium pratense"
"Pararge aegeria","visitsFlowersOf","Mentha aquatica"
"Pararge aegeria","visitsFlowersOf","Hypericum perforatum"
"Pararge aegeria","visitsFlowersOf","Impatiens glandulifera"
"Pararge aegeria","visitsFlowersOf","Echium vulgare"
"Pararge aegeria","visitsFlowersOf","Origanum vulgare"
"Pararge aegeria","visitsFlowersOf","Sambucus nigra"
"Pararge aegeria","visitsFlowersOf","Eupatorium cannabinum"
"Pararge aegeria","visitsFlowersOf","Cirsium vulgare"
"Pararge aegeria","visitsFlowersOf","Tanacetum vulgare"
"Pararge aegeria","visitsFlowersOf","Cirsium arvense"
"Pararge aegeria","visitsFlowersOf","Bellis perennis"
"Pararge aegeria","visitsFlowersOf","Centaurea scabiosa"
"Pararge aegeria","visitsFlowersOf","Scabiosa columbaria"
"Pararge aegeria","visitsFlowersOf","Cirsium eriophorum"
"Pararge aegeria","visitsFlowersOf","Geranium robertianum"
"Pararge aegeria","visitsFlowersOf","Silene dioica"
"Pararge aegeria","visitsFlowersOf","Epilobium hirsutum"
"Pararge aegeria","visitsFlowersOf","Tanacetum parthenium"
"Pararge aegeria","visitsFlowersOf","Cardamine pratensis"
"Pararge aegeria","visitsFlowersOf","Geranium phaeum"
"Pararge aegeria","visitsFlowersOf","Primula acaulis"
"Pararge aegeria","pollinates","Cirsium arvense"
"Vespula germanica","interactsWith","Vespula germanica"
"Vespula germanica","interactsWith","Cirsium arvense"
"Paragus haemorrhous","visitsFlowersOf","Medicago sativa"
"Paragus haemorrhous","visitsFlowersOf","Veronica chamaedrys"
"Paragus haemorrhous","visitsFlowersOf","Helianthemum nummularium"
"Paragus haemorrhous","visitsFlowersOf","Potentilla erecta"
"Paragus haemorrhous","visitsFlowersOf","Solidago virgaurea"
"Paragus haemorrhous","pollinates","Solidago virgaurea"
"Paragus haemorrhous","interactsWith","Potentilla anserina"
"Paragus haemorrhous","interactsWith","Potentilla erecta"
"Melanostoma mellinum","visitsFlowersOf","Potentilla anserina"
"Melanostoma mellinum","visitsFlowersOf","Filipendula ulmaria"
"Melanostoma mellinum","visitsFlowersOf","Eupatorium cannabinum"
"Melanostoma mellinum","visitsFlowersOf","Lycopus europaeus"
"Melanostoma mellinum","pollinates","Filipendula ulmaria"
"Melanostoma mellinum","pollinates","Mentha aquatica"
"Melanostoma mellinum","pollinates","Linum catharticum"
"Melanostoma mellinum","pollinates","Plantago major"
"Melanostoma mellinum","pollinates","Vaccinium vitis-idaea"
"Melanostoma mellinum","pollinates","Erodium cicutarium"
"Melanostoma mellinum","interactsWith","Melanostoma mellinum"
"Melanostoma mellinum","interactsWith","Capsella bursa-pastoris"
"Melanostoma mellinum","interactsWith","Cirsium arvense"
"Syrphus ribesii","interactsWith","Datura stramonium"
"Syrphus ribesii","interactsWith","Syrphus ribesii"
"Syrphus ribesii","interactsWith","Stellaria media"
"Syrphus ribesii","interactsWith","Echinocystis lobata"
"Syrphus ribesii","interactsWith","Cirsium arvense"
"Syrphus ribesii","interactsWith","Achillea millefolium"
"Syrphus ribesii","interactsWith","Sambucus nigra"
"Syrphus vitripennis","visitsFlowersOf","Euphorbia amygdaloides"
"Syrphus vitripennis","visitsFlowersOf","Filipendula ulmaria"
"Syrphus vitripennis","visitsFlowersOf","Caltha palustris"
"Syrphus vitripennis","visitsFlowersOf","Mentha aquatica"
"Syrphus vitripennis","visitsFlowersOf","Campanula glomerata"
"Syrphus vitripennis","visitsFlowersOf","Hypericum perforatum"
"Syrphus vitripennis","visitsFlowersOf","Convolvulus arvensis"
"Syrphus vitripennis","visitsFlowersOf","Origanum vulgare"
"Syrphus vitripennis","visitsFlowersOf","Campanula persicifolia"
"Syrphus vitripennis","visitsFlowersOf","Sonchus oleraceus"
"Syrphus vitripennis","visitsFlowersOf","Sambucus nigra"
"Syrphus vitripennis","visitsFlowersOf","Cornus sanguinea"
"Syrphus vitripennis","visitsFlowersOf","Cirsium vulgare"
"Syrphus vitripennis","visitsFlowersOf","Cirsium arvense"
"Syrphus vitripennis","visitsFlowersOf","Centaurea scabiosa"
"Syrphus vitripennis","visitsFlowersOf","Cirsium eriophorum"
"Syrphus vitripennis","visitsFlowersOf","Succisa pratensis"
"Syrphus vitripennis","visitsFlowersOf","Silene latifolia"
"Syrphus vitripennis","visitsFlowersOf","Silene dioica"
"Syrphus vitripennis","visitsFlowersOf","Ficaria verna"
"Syrphus vitripennis","visitsFlowersOf","Cardamine pratensis"
"Syrphus vitripennis","interactsWith","Syrphus vitripennis"
"Scaeva pyrastri","interactsWith","Scaeva pyrastri"
"Scaeva pyrastri","interactsWith","Campanula rapunculoides"
"Scaeva pyrastri","interactsWith","Solidago virgaurea"
"Scaeva selenitica","interactsWith","Scaeva selenitica"
"Volucella bombylans","visitsFlowersOf","Euphorbia amygdaloides"
"Volucella bombylans","visitsFlowersOf","Filipendula ulmaria"
"Volucella bombylans","visitsFlowersOf","Trifolium repens"
"Volucella bombylans","visitsFlowersOf","Trifolium pratense"
"Volucella bombylans","visitsFlowersOf","Caltha palustris"
"Volucella bombylans","visitsFlowersOf","Mentha aquatica"
"Volucella bombylans","visitsFlowersOf","Lythrum salicaria"
"Volucella bombylans","visitsFlowersOf","Convolvulus arvensis"
"Volucella bombylans","visitsFlowersOf","Origanum vulgare"
"Volucella bombylans","visitsFlowersOf","Sambucus nigra"
"Volucella bombylans","visitsFlowersOf","Cornus sanguinea"
"Volucella bombylans","visitsFlowersOf","Cirsium vulgare"
"Volucella bombylans","visitsFlowersOf","Cirsium arvense"
"Volucella bombylans","visitsFlowersOf","Centaurea scabiosa"
"Volucella bombylans","visitsFlowersOf","Achillea millefolium"
"Volucella bombylans","visitsFlowersOf","Scabiosa columbaria"
"Volucella bombylans","visitsFlowersOf","Cirsium eriophorum"
"Volucella bombylans","visitsFlowersOf","Succisa pratensis"
"Volucella bombylans","visitsFlowersOf","Silene latifolia"
"Volucella bombylans","visitsFlowersOf","Geranium robertianum"
"Volucella bombylans","visitsFlowersOf","Silene dioica"
"Volucella bombylans","pollinates","Arnica montana"
"Volucella bombylans","pollinates","Solidago virgaurea"
"Volucella bombylans","interactsWith","Volucella bombylans"
"Eristalis tenax","visitsFlowersOf","Dipsacus fullonum"
"Eristalis tenax","visitsFlowersOf","Potentilla anserina"
"Eristalis tenax","visitsFlowersOf","Filipendula ulmaria"
"Eristalis tenax","visitsFlowersOf","Vicia sylvatica"
"Eristalis tenax","visitsFlowersOf","Trifolium repens"
"Eristalis tenax","visitsFlowersOf","Trifolium pratense"
"Eristalis tenax","visitsFlowersOf","Vicia villosa"
"Eristalis tenax","visitsFlowersOf","Vicia sepium"
"Eristalis tenax","visitsFlowersOf","Vicia sativa"
"Eristalis tenax","visitsFlowersOf","Prunus spinosa"
"Eristalis tenax","visitsFlowersOf","Anemone nemorosa"
"Eristalis tenax","visitsFlowersOf","Caltha palustris"
"Eristalis tenax","visitsFlowersOf","Stellaria media"
"Eristalis tenax","visitsFlowersOf","Lythrum salicaria"
"Eristalis tenax","visitsFlowersOf","Aegopodium podagraria"
"Eristalis tenax","visitsFlowersOf","Chaerophyllum temulum"
"Eristalis tenax","visitsFlowersOf","Dipsacus pilosus"
"Eristalis tenax","visitsFlowersOf","Cornus sanguinea"
"Eristalis tenax","visitsFlowersOf","Nymphaea alba"
"Eristalis tenax","visitsFlowersOf","Thymus pulegioides"
"Eristalis tenax","visitsFlowersOf","Mentha vagans"
"Eristalis tenax","visitsFlowersOf","Galanthus nivalis"
"Eristalis tenax","visitsFlowersOf","Cirsium eriophorum"
"Eristalis tenax","visitsFlowersOf","Papaver rhoeas"
"Eristalis tenax","visitsFlowersOf","Achillea ptarmica"
"Eristalis tenax","visitsFlowersOf","Filipendula vulgaris"
"Eristalis tenax","visitsFlowersOf","Primula acaulis"
"Eristalis tenax","visitsFlowersOf","Solidago virgaurea"
"Eristalis tenax","pollinates","Solidago virgaurea"
"Eristalis tenax","pollinates","Filipendula ulmaria"
"Eristalis tenax","pollinates","Trifolium pratense"
"Eristalis tenax","pollinates","Lotus corniculatus"
"Eristalis tenax","pollinates","Eupatorium cannabinum"
"Eristalis tenax","pollinates","Cirsium arvense"
"Eristalis tenax","pollinates","Mentha vagans"
"Eristalis tenax","pollinates","Succisa pratensis"
"Eristalis tenax","parasiteOf","Sus scrofa"
"Eristalis tenax","mutualistOf","Cirsium arvense"
"Eristalis tenax","interactsWith","Stellaria media"
"Eristalis tenax","interactsWith","Sambucus nigra"
"Eristalis tenax","interactsWith","Pteridium aquilinum"
"Eristalis arbustorum","visitsFlowersOf","Potentilla anserina"
"Eristalis arbustorum","visitsFlowersOf","Filipendula ulmaria"
"Eristalis arbustorum","visitsFlowersOf","Equisetum telmateia"
"Eristalis arbustorum","visitsFlowersOf","Vicia sylvatica"
"Eristalis arbustorum","visitsFlowersOf","Vicia villosa"
"Eristalis arbustorum","visitsFlowersOf","Vicia sepium"
"Eristalis arbustorum","visitsFlowersOf","Vicia sativa"
"Eristalis arbustorum","visitsFlowersOf","Prunus spinosa"
"Eristalis arbustorum","visitsFlowersOf","Caltha palustris"
"Eristalis arbustorum","visitsFlowersOf","Alliaria petiolata"
"Eristalis arbustorum","visitsFlowersOf","Stellaria media"
"Eristalis arbustorum","visitsFlowersOf","Lythrum salicaria"
"Eristalis arbustorum","visitsFlowersOf","Stellaria holostea"
"Eristalis arbustorum","visitsFlowersOf","Aegopodium podagraria"
"Eristalis arbustorum","visitsFlowersOf","Chaerophyllum temulum"
"Eristalis arbustorum","visitsFlowersOf","Sonchus oleraceus"
"Eristalis arbustorum","visitsFlowersOf","Cornus sanguinea"
"Eristalis arbustorum","visitsFlowersOf","Nymphaea alba"
"Eristalis arbustorum","visitsFlowersOf","Glechoma hederacea"
"Eristalis arbustorum","visitsFlowersOf","Cirsium vulgare"
"Eristalis arbustorum","visitsFlowersOf","Centaurea scabiosa"
"Eristalis arbustorum","visitsFlowersOf","Stellaria nemorum"
"Eristalis arbustorum","visitsFlowersOf","Potentilla erecta"
"Eristalis arbustorum","visitsFlowersOf","Allium ursinum"
"Eristalis arbustorum","visitsFlowersOf","Cirsium eriophorum"
"Eristalis arbustorum","visitsFlowersOf","Succisa pratensis"
"Eristalis arbustorum","visitsFlowersOf","Silene latifolia"
"Eristalis arbustorum","visitsFlowersOf","Silene dioica"
"Eristalis arbustorum","visitsFlowersOf","Ficaria verna"
"Eristalis arbustorum","visitsFlowersOf","Achillea ptarmica"
"Eristalis arbustorum","visitsFlowersOf","Lycopus europaeus"
"Eristalis arbustorum","visitsFlowersOf","Solidago virgaurea"
"Eristalis arbustorum","pollinates","Cardaria draba"
"Eristalis arbustorum","pollinates","Solidago virgaurea"
"Eristalis arbustorum","interactsWith","Eristalis arbustorum"
"Eristalis arbustorum","interactsWith","Stellaria media"
"Eristalis arbustorum","interactsWith","Capsella bursa-pastoris"
"Syritta pipiens","visitsFlowersOf","Potentilla anserina"
"Syritta pipiens","visitsFlowersOf","Euphorbia amygdaloides"
"Syritta pipiens","visitsFlowersOf","Filipendula ulmaria"
"Syritta pipiens","visitsFlowersOf","Equisetum telmateia"
"Syritta pipiens","visitsFlowersOf","Lapsana communis"
"Syritta pipiens","visitsFlowersOf","Trifolium repens"
"Syritta pipiens","visitsFlowersOf","Trifolium pratense"
"Syritta pipiens","visitsFlowersOf","Melilotus albus"
"Syritta pipiens","visitsFlowersOf","Vicia sepium"
"Syritta pipiens","visitsFlowersOf","Prunus spinosa"
"Syritta pipiens","visitsFlowersOf","Caltha palustris"
"Syritta pipiens","visitsFlowersOf","Mentha aquatica"
"Syritta pipiens","visitsFlowersOf","Campanula glomerata"
"Syritta pipiens","visitsFlowersOf","Stellaria media"
"Syritta pipiens","visitsFlowersOf","Hypericum perforatum"
"Syritta pipiens","visitsFlowersOf","Lythrum salicaria"
"Syritta pipiens","visitsFlowersOf","Capsella bursa-pastoris"
"Syritta pipiens","visitsFlowersOf","Convolvulus arvensis"
"Syritta pipiens","visitsFlowersOf","Stellaria holostea"
"Syritta pipiens","visitsFlowersOf","Asclepias syriaca"
"Syritta pipiens","visitsFlowersOf","Plantago lanceolata"
"Syritta pipiens","visitsFlowersOf","Campanula persicifolia"
"Syritta pipiens","visitsFlowersOf","Sonchus oleraceus"
"Syritta pipiens","visitsFlowersOf","Sambucus nigra"
"Syritta pipiens","visitsFlowersOf","Cornus sanguinea"
"Syritta pipiens","visitsFlowersOf","Thymus pulegioides"
"Syritta pipiens","visitsFlowersOf","Cirsium vulgare"
"Syritta pipiens","visitsFlowersOf","Cirsium arvense"
"Syritta pipiens","visitsFlowersOf","Bellis perennis"
"Syritta pipiens","visitsFlowersOf","Centaurea scabiosa"
"Syritta pipiens","visitsFlowersOf","Potentilla erecta"
"Syritta pipiens","visitsFlowersOf","Galium aparine"
"Syritta pipiens","visitsFlowersOf","Allium ursinum"
"Syritta pipiens","visitsFlowersOf","Cirsium eriophorum"
"Syritta pipiens","visitsFlowersOf","Succisa pratensis"
"Syritta pipiens","visitsFlowersOf","Silene latifolia"
"Syritta pipiens","visitsFlowersOf","Silene dioica"
"Syritta pipiens","visitsFlowersOf","Lamiastrum galeobdolon"
"Syritta pipiens","visitsFlowersOf","Ficaria verna"
"Syritta pipiens","visitsFlowersOf","Cardamine pratensis"
"Syritta pipiens","visitsFlowersOf","Lamium maculatum"
"Syritta pipiens","visitsFlowersOf","Lamium album"
"Syritta pipiens","visitsFlowersOf","Lycopus europaeus"
"Syritta pipiens","visitsFlowersOf","Solidago virgaurea"
"Syritta pipiens","pollinates","Heliotropium europaeum"
"Syritta pipiens","pollinates","Stenactis annua"
"Syritta pipiens","pollinates","Trifolium pratense"
"Syritta pipiens","pollinates","Convolvulus arvensis"
"Syritta pipiens","pollinates","Linum catharticum"
"Syritta pipiens","pollinates","Vaccinium vitis-idaea"
"Syritta pipiens","pollinates","Arnica montana"
"Syritta pipiens","pollinates","Eupatorium cannabinum"
"Syritta pipiens","pollinates","Succisa pratensis"
"Syritta pipiens","interactsWith","Syritta pipiens"
"Syritta pipiens","interactsWith","Stellaria media"
"Syritta pipiens","interactsWith","Echinocystis lobata"
"Syritta pipiens","interactsWith","Capsella bursa-pastoris"
"Syritta pipiens","interactsWith","Asclepias syriaca"
"Syritta pipiens","interactsWith","Phytolacca americana"
"Syritta pipiens","interactsWith","Potentilla erecta"
"Syritta pipiens","interactsWith","Sambucus nigra"
"Xylota segnis","interactsWith","Hylobius abietis"
"Xylota segnis","interactsWith","Xylota segnis"
"Chalcosyrphus nemorum","visitsFlowersOf","Filipendula ulmaria"
"Chalcosyrphus nemorum","visitsFlowersOf","Caltha palustris"
"Chalcosyrphus nemorum","visitsFlowersOf","Sambucus nigra"
"Chalcosyrphus nemorum","visitsFlowersOf","Ficaria verna"
"Chalcosyrphus nemorum","pollinates","Echinocystis lobata"
"Chalcosyrphus nemorum","mutualistOf","Echinocystis lobata"
"Chalcosyrphus nemorum","interactsWith","Sambucus nigra"
"Episyrphus balteatus","visitsFlowersOf","Dipsacus fullonum"
"Episyrphus balteatus","visitsFlowersOf","Potentilla anserina"
"Episyrphus balteatus","visitsFlowersOf","Lotus corniculatus"
"Episyrphus balteatus","visitsFlowersOf","Myosoton aquaticum"
"Episyrphus balteatus","visitsFlowersOf","Filipendula ulmaria"
"Episyrphus balteatus","visitsFlowersOf","Galium odoratum"
"Episyrphus balteatus","visitsFlowersOf","Geranium pratense"
"Episyrphus balteatus","visitsFlowersOf","Lapsana communis"
"Episyrphus balteatus","visitsFlowersOf","Vicia sylvatica"
"Episyrphus balteatus","visitsFlowersOf","Medicago sativa"
"Episyrphus balteatus","visitsFlowersOf","Vicia villosa"
"Episyrphus balteatus","visitsFlowersOf","Vicia sepium"
"Episyrphus balteatus","visitsFlowersOf","Vicia sativa"
"Episyrphus balteatus","visitsFlowersOf","Prunus spinosa"
"Episyrphus balteatus","visitsFlowersOf","Caltha palustris"
"Episyrphus balteatus","visitsFlowersOf","Alliaria petiolata"
"Episyrphus balteatus","visitsFlowersOf","Mentha aquatica"
"Episyrphus balteatus","visitsFlowersOf","Campanula glomerata"
"Episyrphus balteatus","visitsFlowersOf","Stellaria media"
"Episyrphus balteatus","visitsFlowersOf","Hypericum perforatum"
"Episyrphus balteatus","visitsFlowersOf","Lysimachia vulgaris"
"Episyrphus balteatus","visitsFlowersOf","Stellaria holostea"
"Episyrphus balteatus","visitsFlowersOf","Aegopodium podagraria"
"Episyrphus balteatus","visitsFlowersOf","Chaerophyllum temulum"
"Episyrphus balteatus","visitsFlowersOf","Veronica persica"
"Episyrphus balteatus","visitsFlowersOf","Campanula persicifolia"
"Episyrphus balteatus","visitsFlowersOf","Helianthemum nummularium"
"Episyrphus balteatus","visitsFlowersOf","Stachys alpina"
"Episyrphus balteatus","visitsFlowersOf","Dipsacus pilosus"
"Episyrphus balteatus","visitsFlowersOf","Sambucus nigra"
"Episyrphus balteatus","visitsFlowersOf","Chelidonium majus"
"Episyrphus balteatus","visitsFlowersOf","Cornus sanguinea"
"Episyrphus balteatus","visitsFlowersOf","Nymphaea alba"
"Episyrphus balteatus","visitsFlowersOf","Glechoma hederacea"
"Episyrphus balteatus","visitsFlowersOf","Arnica montana"
"Episyrphus balteatus","visitsFlowersOf","Eupatorium cannabinum"
"Episyrphus balteatus","visitsFlowersOf","Cirsium vulgare"
"Episyrphus balteatus","visitsFlowersOf","Tanacetum vulgare"
"Episyrphus balteatus","visitsFlowersOf","Centaurea scabiosa"
"Episyrphus balteatus","visitsFlowersOf","Stellaria nemorum"
"Episyrphus balteatus","visitsFlowersOf","Galium aparine"
"Episyrphus balteatus","visitsFlowersOf","Galanthus nivalis"
"Episyrphus balteatus","visitsFlowersOf","Allium ursinum"
"Episyrphus balteatus","visitsFlowersOf","Cirsium eriophorum"
"Episyrphus balteatus","visitsFlowersOf","Succisa pratensis"
"Episyrphus balteatus","visitsFlowersOf","Silene latifolia"
"Episyrphus balteatus","visitsFlowersOf","Stachys sylvatica"
"Episyrphus balteatus","visitsFlowersOf","Clinopodium vulgare"
"Episyrphus balteatus","visitsFlowersOf","Cardamine pratensis"
"Episyrphus balteatus","visitsFlowersOf","Geranium phaeum"
"Episyrphus balteatus","visitsFlowersOf","Lycopus europaeus"
"Episyrphus balteatus","visitsFlowersOf","Solidago virgaurea"
"Episyrphus balteatus","pollinates","Lychnis flos-cuculi"
"Episyrphus balteatus","pollinates","Cirsium oleraceum"
"Episyrphus balteatus","pollinates","Mentha aquatica"
"Episyrphus balteatus","pollinates","Lysimachia vulgaris"
"Episyrphus balteatus","pollinates","Lythrum salicaria"
"Episyrphus balteatus","pollinates","Capsella bursa-pastoris"
"Episyrphus balteatus","pollinates","Convolvulus arvensis"
"Episyrphus balteatus","pollinates","Linum catharticum"
"Episyrphus balteatus","pollinates","Veronica beccabunga"
"Episyrphus balteatus","pollinates","Arnica montana"
"Episyrphus balteatus","pollinates","Eupatorium cannabinum"
"Episyrphus balteatus","pollinates","Succisa pratensis"
"Episyrphus balteatus","pollinates","Geranium robertianum"
"Episyrphus balteatus","interactsWith","Diplazon laetatorius"
"Meliscaeva auricollis","interactsWith","Meliscaeva auricollis"
"Epistrophe eligans","interactsWith","Epistrophe eligans"
"Eupeodes corollae","visitsFlowersOf","Cyanus segetum"
"Eupeodes corollae","visitsFlowersOf","Euphorbia amygdaloides"
"Eupeodes corollae","visitsFlowersOf","Galium odoratum"
"Eupeodes corollae","visitsFlowersOf","Vicia sylvatica"
"Eupeodes corollae","visitsFlowersOf","Trifolium repens"
"Eupeodes corollae","visitsFlowersOf","Vicia villosa"
"Eupeodes corollae","visitsFlowersOf","Vicia sepium"
"Eupeodes corollae","visitsFlowersOf","Vicia sativa"
"Eupeodes corollae","visitsFlowersOf","Caltha palustris"
"Eupeodes corollae","visitsFlowersOf","Campanula glomerata"
"Eupeodes corollae","visitsFlowersOf","Hypericum perforatum"
"Eupeodes corollae","visitsFlowersOf","Campanula persicifolia"
"Eupeodes corollae","visitsFlowersOf","Thymus pulegioides"
"Eupeodes corollae","visitsFlowersOf","Cirsium vulgare"
"Eupeodes corollae","visitsFlowersOf","Cirsium arvense"
"Eupeodes corollae","visitsFlowersOf","Bellis perennis"
"Eupeodes corollae","visitsFlowersOf","Centaurea scabiosa"
"Eupeodes corollae","visitsFlowersOf","Galium aparine"
"Eupeodes corollae","visitsFlowersOf","Cirsium eriophorum"
"Eupeodes corollae","visitsFlowersOf","Ficaria verna"
"Eupeodes corollae","visitsFlowersOf","Clinopodium vulgare"
"Eupeodes corollae","visitsFlowersOf","Solidago virgaurea"
"Eupeodes corollae","interactsWith","Diplazon laetatorius"
"Eupeodes corollae","interactsWith","Eupeodes corollae"
"Epistrophe nitidicollis","interactsWith","Sambucus nigra"
"Xanthogramma pedissequum","interactsWith","Sambucus nigra"
"Xanthogramma pedissequum","interactsWith","Potentilla erecta"
"Volucella inanis","interactsWith","Volucella inanis"
"Volucella zonaria","visitsFlowersOf","Cornus sanguinea"
"Volucella zonaria","visitsFlowersOf","Cirsium vulgare"
"Volucella zonaria","visitsFlowersOf","Centaurea scabiosa"
"Volucella zonaria","visitsFlowersOf","Cirsium eriophorum"
"Volucella zonaria","interactsWith","Volucella zonaria"
"Criorhina berberina","interactsWith","Criorhina berberina"
"Ferdinandea cuprea","visitsFlowersOf","Dipsacus fullonum"
"Ferdinandea cuprea","visitsFlowersOf","Lapsana communis"
"Ferdinandea cuprea","visitsFlowersOf","Mentha aquatica"
"Ferdinandea cuprea","visitsFlowersOf","Stellaria media"
"Ferdinandea cuprea","visitsFlowersOf","Hypericum perforatum"
"Ferdinandea cuprea","visitsFlowersOf","Convolvulus arvensis"
"Ferdinandea cuprea","visitsFlowersOf","Stellaria holostea"
"Ferdinandea cuprea","visitsFlowersOf","Dipsacus pilosus"
"Ferdinandea cuprea","visitsFlowersOf","Cornus sanguinea"
"Ferdinandea cuprea","visitsFlowersOf","Cirsium vulgare"
"Ferdinandea cuprea","visitsFlowersOf","Cirsium arvense"
"Ferdinandea cuprea","visitsFlowersOf","Centaurea scabiosa"
"Ferdinandea cuprea","visitsFlowersOf","Stellaria nemorum"
"Ferdinandea cuprea","visitsFlowersOf","Cirsium eriophorum"
"Ferdinandea cuprea","visitsFlowersOf","Succisa pratensis"
"Ferdinandea cuprea","visitsFlowersOf","Silene latifolia"
"Ferdinandea cuprea","visitsFlowersOf","Silene dioica"
"Ferdinandea cuprea","visitsFlowersOf","Ficaria verna"
"Ferdinandea cuprea","interactsWith","Ferdinandea cuprea"
"Caliprobola speciosa","interactsWith","Caliprobola speciosa"
"Chrysotoxum bicinctum","interactsWith","Potentilla erecta"
"Chrysotoxum bicinctum","interactsWith","Achillea ptarmica"
"Scathophaga stercoraria","visitsFlowersOf","Euphorbia amygdaloides"
"Scathophaga stercoraria","visitsFlowersOf","Prunus spinosa"
"Scathophaga stercoraria","visitsFlowersOf","Cirsium arvense"
"Scathophaga stercoraria","visitsFlowersOf","Bellis perennis"
"Scathophaga stercoraria","pollinates","Lotus corniculatus"
"Scathophaga stercoraria","pollinates","Arnica montana"
"Scathophaga stercoraria","interactsWith","Scathophaga stercoraria"
"Graphomya maculata","interactsWith","Graphomya maculata"
"Graphomya maculata","interactsWith","Cirsium arvense"
"Graphomya maculata","interactsWith","Achillea millefolium"
"Cynomya mortuorum","parasiteOf","Sus scrofa"
"Cynomya mortuorum","interactsWith","Cynomya mortuorum"
"Alydus calcaratus","interactsWith","Alydus calcaratus"
"Autographa gamma","pollinates","Saponaria officinalis"
"Autographa gamma","eats","Urtica dioica"
"Autographa gamma","eats","Tussilago farfara"
"Lacanobia oleracea","interactsWith","Lacanobia oleracea"
"Lacanobia oleracea","eats","Cirsium arvense"
"Nomophila noctuella","eats","Medicago sativa"
"Nomophila noctuella","eats","Trifolium repens"
"Nomophila noctuella","eats","Trifolium pratense"
"Gleditsia triacanthos","interactsWith","Acer negundo"
"Cervus elaphus","interactsWith","Primula elatior"
"Cervus elaphus","interactsWith","Cervus elaphus"
"Cervus elaphus","interactsWith","Canis lupus"
"Cervus elaphus","interactsWith","Ursus arctos"
"Vanessa atalanta","visitsFlowersOf","Potentilla anserina"
"Vanessa atalanta","visitsFlowersOf","Geranium pratense"
"Vanessa atalanta","visitsFlowersOf","Securigera varia"
"Vanessa atalanta","visitsFlowersOf","Trifolium repens"
"Vanessa atalanta","visitsFlowersOf","Mentha aquatica"
"Vanessa atalanta","visitsFlowersOf","Berteroa incana"
"Vanessa atalanta","visitsFlowersOf","Impatiens glandulifera"
"Vanessa atalanta","visitsFlowersOf","Veronica persica"
"Vanessa atalanta","visitsFlowersOf","Veronica officinalis"
"Vanessa atalanta","visitsFlowersOf","Veronica chamaedrys"
"Vanessa atalanta","visitsFlowersOf","Veronica beccabunga"
"Vanessa atalanta","visitsFlowersOf","Cirsium vulgare"
"Vanessa atalanta","visitsFlowersOf","Bellis perennis"
"Vanessa atalanta","visitsFlowersOf","Centaurea scabiosa"
"Vanessa atalanta","visitsFlowersOf","Scabiosa columbaria"
"Vanessa atalanta","visitsFlowersOf","Potentilla erecta"
"Vanessa atalanta","visitsFlowersOf","Galanthus nivalis"
"Vanessa atalanta","visitsFlowersOf","Cirsium eriophorum"
"Vanessa atalanta","visitsFlowersOf","Geranium robertianum"
"Vanessa atalanta","visitsFlowersOf","Silene dioica"
"Vanessa atalanta","visitsFlowersOf","Tanacetum parthenium"
"Vanessa atalanta","visitsFlowersOf","Geranium phaeum"
"Vanessa atalanta","visitsFlowersOf","Primula acaulis"
"Vanessa atalanta","visits","Cirsium vulgare"
"Vanessa atalanta","visits","Cirsium arvense"
"Vanessa atalanta","pollinates","Cirsium arvense"
"Vanessa atalanta","interactsWith","Melilotus albus"
"Vanessa atalanta","interactsWith","Vanessa atalanta"
"Bombus lapidarius","visitsFlowersOf","Lithospermum purpurocaeruleum"
"Bombus lapidarius","visitsFlowersOf","Lychnis flos-cuculi"
"Bombus lapidarius","visitsFlowersOf","Dipsacus fullonum"
"Bombus lapidarius","visitsFlowersOf","Potentilla anserina"
"Bombus lapidarius","visitsFlowersOf","Anthyllis vulneraria"
"Bombus lapidarius","visitsFlowersOf","Filipendula ulmaria"
"Bombus lapidarius","visitsFlowersOf","Lapsana communis"
"Bombus lapidarius","visitsFlowersOf","Tussilago farfara"
"Bombus lapidarius","visitsFlowersOf","Securigera varia"
"Bombus lapidarius","visitsFlowersOf","Melilotus albus"
"Bombus lapidarius","visitsFlowersOf","Vicia sativa"
"Bombus lapidarius","visitsFlowersOf","Lathyrus pratensis"
"Bombus lapidarius","visitsFlowersOf","Medicago lupulina"
"Bombus lapidarius","visitsFlowersOf","Genista tinctoria"
"Bombus lapidarius","visitsFlowersOf","Ononis spinosa"
"Bombus lapidarius","visitsFlowersOf","Prunus spinosa"
"Bombus lapidarius","visitsFlowersOf","Mentha aquatica"
"Bombus lapidarius","visitsFlowersOf","Campanula glomerata"
"Bombus lapidarius","visitsFlowersOf","Stellaria media"
"Bombus lapidarius","visitsFlowersOf","Vinca minor"
"Bombus lapidarius","visitsFlowersOf","Hypericum perforatum"
"Bombus lapidarius","visitsFlowersOf","Malva sylvestris"
"Bombus lapidarius","visitsFlowersOf","Eryngium maritimum"
"Bombus lapidarius","visitsFlowersOf","Primula veris"
"Bombus lapidarius","visitsFlowersOf","Saxifraga aizoides"
"Bombus lapidarius","visitsFlowersOf","Lythrum salicaria"
"Bombus lapidarius","visitsFlowersOf","Stellaria holostea"
"Bombus lapidarius","visitsFlowersOf","Chaerophyllum temulum"
"Bombus lapidarius","visitsFlowersOf","Solanum dulcamara"
"Bombus lapidarius","visitsFlowersOf","Verbena officinalis"
"Bombus lapidarius","visitsFlowersOf","Ajuga reptans"
"Bombus lapidarius","visitsFlowersOf","Veronica chamaedrys"
"Bombus lapidarius","visitsFlowersOf","Campanula persicifolia"
"Bombus lapidarius","visitsFlowersOf","Dipsacus pilosus"
"Bombus lapidarius","visitsFlowersOf","Tragopogon pratensis"
"Bombus lapidarius","visitsFlowersOf","Cornus sanguinea"
"Bombus lapidarius","visitsFlowersOf","Lamium galeobdolon"
"Bombus lapidarius","visitsFlowersOf","Nuphar lutea"
"Bombus lapidarius","visitsFlowersOf","Rhinanthus minor"
"Bombus lapidarius","visitsFlowersOf","Thymus pulegioides"
"Bombus lapidarius","visitsFlowersOf","Glechoma hederacea"
"Bombus lapidarius","visitsFlowersOf","Eupatorium cannabinum"
"Bombus lapidarius","visitsFlowersOf","Carduus nutans"
"Bombus lapidarius","visitsFlowersOf","Cichorium intybus"
"Bombus lapidarius","visitsFlowersOf","Linaria vulgaris"
"Bombus lapidarius","visitsFlowersOf","Stellaria nemorum"
"Bombus lapidarius","visitsFlowersOf","Potentilla erecta"
"Bombus lapidarius","visitsFlowersOf","Anacamptis morio"
"Bombus lapidarius","visitsFlowersOf","Allium ursinum"
"Bombus lapidarius","visitsFlowersOf","Cirsium eriophorum"
"Bombus lapidarius","visitsFlowersOf","Succisa pratensis"
"Bombus lapidarius","visitsFlowersOf","Silene latifolia"
"Bombus lapidarius","visitsFlowersOf","Silene dioica"
"Bombus lapidarius","visitsFlowersOf","Viola tricolor"
"Bombus lapidarius","visitsFlowersOf","Lamiastrum galeobdolon"
"Bombus lapidarius","visitsFlowersOf","Ficaria verna"
"Bombus lapidarius","visitsFlowersOf","Epilobium hirsutum"
"Bombus lapidarius","visitsFlowersOf","Symphytum officinale"
"Bombus lapidarius","visitsFlowersOf","Stachys sylvatica"
"Bombus lapidarius","visitsFlowersOf","Clinopodium vulgare"
"Bombus lapidarius","visitsFlowersOf","Cardamine pratensis"
"Bombus lapidarius","visitsFlowersOf","Lamium album"
"Bombus lapidarius","visitsFlowersOf","Geranium phaeum"
"Bombus lapidarius","visitsFlowersOf","Solidago virgaurea"
"Bombus lapidarius","pollinates","Filipendula ulmaria"
"Bombus lapidarius","pollinates","Trifolium arvense"
"Bombus lapidarius","pollinates","Lathyrus pratensis"
"Bombus lapidarius","pollinates","Silene acaulis"
"Bombus lapidarius","pollinates","Silene flos-cuculi"
"Bombus lapidarius","pollinates","Primula veris"
"Bombus lapidarius","pollinates","Vaccinium myrtillus"
"Bombus lapidarius","pollinates","Arnica montana"
"Bombus lapidarius","pollinates","Centaurea scabiosa"
"Bombus lapidarius","pollinates","Potentilla erecta"
"Bombus lapidarius","pollinates","Succisa pratensis"
"Bombus lapidarius","pollinates","Epilobium hirsutum"
"Bombus lapidarius","pollinates","Stachys sylvatica"
"Bombus lapidarius","interactsWith","Conops flavipes"
"Bombus lapidarius","interactsWith","Bombus lapidarius"
"Apis mellifera","visitsFlowersOf","Rabelera holostea"
"Apis mellifera","visitsFlowersOf","Oxalis acetosella"
"Apis mellifera","visitsFlowersOf","Potentilla anserina"
"Apis mellifera","visitsFlowersOf","Artemisia vulgaris"
"Apis mellifera","visitsFlowersOf","Euphorbia amygdaloides"
"Apis mellifera","visitsFlowersOf","Filipendula ulmaria"
"Apis mellifera","visitsFlowersOf","Vicia sepium"
"Apis mellifera","visitsFlowersOf","Ononis spinosa"
"Apis mellifera","visitsFlowersOf","Alliaria petiolata"
"Apis mellifera","visitsFlowersOf","Lepidium draba"
"Apis mellifera","visitsFlowersOf","Campanula glomerata"
"Apis mellifera","visitsFlowersOf","Silene flos-cuculi"
"Apis mellifera","visitsFlowersOf","Cassiope tetragona"
"Apis mellifera","visitsFlowersOf","Vaccinium myrtillus"
"Apis mellifera","visitsFlowersOf","Capsella bursa-pastoris"
"Apis mellifera","visitsFlowersOf","Veronica chamaedrys"
"Apis mellifera","visitsFlowersOf","Campanula persicifolia"
"Apis mellifera","visitsFlowersOf","Chelidonium majus"
"Apis mellifera","visitsFlowersOf","Cornus sanguinea"
"Apis mellifera","visitsFlowersOf","Nuphar lutea"
"Apis mellifera","visitsFlowersOf","Thymus pulegioides"
"Apis mellifera","visitsFlowersOf","Narcissus poeticus"
"Apis mellifera","visitsFlowersOf","Galanthus nivalis"
"Apis mellifera","visitsFlowersOf","Cirsium eriophorum"
"Apis mellifera","visitsFlowersOf","Succisa pratensis"
"Apis mellifera","visitsFlowersOf","Symphytum officinale"
"Apis mellifera","visitsFlowersOf","Tanacetum parthenium"
"Apis mellifera","visitsFlowersOf","Lamium album"
"Apis mellifera","visitsFlowersOf","Primula acaulis"
"Apis mellifera","visits","Convolvulus arvensis"
"Apis mellifera","pollinates","Cardaria draba"
"Apis mellifera","pollinates","Hepatica nobilis"
"Apis mellifera","pollinates","Heliotropium europaeum"
"Apis mellifera","pollinates","Scabiosa ochroleuca"
"Apis mellifera","pollinates","Trifolium arvense"
"Apis mellifera","pollinates","Lotus corniculatus"
"Apis mellifera","pollinates","Medicago lupulina"
"Apis mellifera","pollinates","Cirsium oleraceum"
"Apis mellifera","pollinates","Malva sylvestris"
"Apis mellifera","pollinates","Cassiope tetragona"
"Apis mellifera","pollinates","Vaccinium myrtillus"
"Apis mellifera","pollinates","Lythrum salicaria"
"Apis mellifera","pollinates","Convolvulus arvensis"
"Apis mellifera","pollinates","Veronica persica"
"Apis mellifera","pollinates","Iris pseudacorus"
"Apis mellifera","pollinates","Arnica montana"
"Apis mellifera","pollinates","Cirsium vulgare"
"Apis mellifera","pollinates","Linaria vulgaris"
"Apis mellifera","pollinates","Erodium cicutarium"
"Apis mellifera","pollinates","Potentilla erecta"
"Apis mellifera","pollinates","Muscari comosum"
"Apis mellifera","pollinates","Succisa pratensis"
"Apis mellifera","pollinates","Ricinus communis"
"Apis mellifera","pollinates","Papaver rhoeas"
"Apis mellifera","pollinates","Epilobium hirsutum"
"Apis mellifera","pollinates","Stachys sylvatica"
"Apis mellifera","mutualistOf","Hepatica nobilis"
"Apis mellifera","mutualistOf","Lotus corniculatus"
"Apis mellifera","interactsWith","Philanthus triangulum"
"Apis mellifera","interactsWith","Andromeda polifolia"
"Apis mellifera","interactsWith","Hepatica nobilis"
"Apis mellifera","interactsWith","Stellaria media"
"Apis mellifera","interactsWith","Abutilon theophrasti"
"Apis mellifera","interactsWith","Echinocystis lobata"
"Apis mellifera","interactsWith","Capsella bursa-pastoris"
"Apis mellifera","interactsWith","Acer negundo"
"Apis mellifera","interactsWith","Convolvulus arvensis"
"Apis mellifera","interactsWith","Conium maculatum"
"Apis mellifera","interactsWith","Linaria vulgaris"
"Apis mellifera","interactsWith","Phytolacca americana"
"Apis mellifera","interactsWith","Sambucus nigra"
"Apis mellifera","interactsWith","Epipactis palustris"
"Apis mellifera","hasHost","Achillea millefolium"
"Apis mellifera","eats","Chenopodium spathulatum"
"Apis mellifera","eats","Medicago sativa"
"Apis mellifera","eats","Aquilegia vulgaris"
"Apis mellifera","eats","Stellaria media"
"Apis mellifera","eats","Malva sylvestris"
"Apis mellifera","eats","Stachys arvensis"
"Apis mellifera","eats","Veronica persica"
"Apis mellifera","eats","Sambucus nigra"
"Bubo bubo","eats","Pernis apivorus"
"Corvus corax","eats","Pernis apivorus"
"Aquila chrysaetos","eats","Gallus gallus"
"Martes martes","eats","Pernis apivorus"
"Vulpes vulpes","eats","Gallus gallus"
"Strix uralensis","eats","Pernis apivorus"
"Ursus arctos","eats","Gallus gallus"
"Mikiola fagi","interactsWith","Fagus sylvatica"
"Parectopa robiniella","hasHost","Robinia pseudoacacia"
"Canis lupus","eats","Cervus elaphus"
"Cynips quercusfolii","interactsWith","Quercus robur"
"Mikiola fagi","hasHost","Fagus sylvatica"
"Mikiola fagi","eats","Fagus sylvatica"
"Ursus arctos","eats","Cervus elaphus"
"Myathropa florea","interactsWith","Hedera helix"
"Myathropa florea","visitsFlowersOf","Hedera helix"
"Andricus quercuscalicis","hasHost","Quercus robur"
"Agelastica alni","eats","Alnus glutinosa"
"Andricus quercuscalicis","interactsWith","Quercus robur"
"Cynips quercusfolii","eats","Quercus robur"
"Vespa crabro","interactsWith","Hedera helix"
"Parectopa robiniella","eats","Robinia pseudoacacia"
"Convolvulus arvensis","mutualistOf","Paragus haemorrhous"
"Vespa crabro","visitsFlowersOf","Hedera helix"
"Andricus quercuscalicis","eats","Quercus robur"
"Canis aureus","eats","Cervus elaphus"
"Parectopa robiniella","interactsWith","Robinia pseudoacacia"
"Turdus merula","eats","Hedera helix"
"Vulpes vulpes","eats","Cervus elaphus"
"Turdus philomelos","eats","Hedera helix"
"Sylvia atricapilla","eats","Hedera helix"
"Erithacus rubecula","eats","Hedera helix"
"Schizophyllum commune","hasHost","Gleditsia triacanthos"
"Celastrina argiolus","visitsFlowersOf","Hedera helix"
"Parectopa robiniella","visits","Robinia pseudoacacia"
"Turdus iliacus","eats","Hedera helix"
"Achillea millefolium","mutualistOf","Paragus haemorrhous"
"Maniola jurtina","interactsWith","Hedera helix"
"Scolia hirta","visitsFlowersOf","Hedera helix"
"Argynnis paphia","visitsFlowersOf","Hedera helix"
"Turdus viscivorus","eats","Hedera helix"
"Philanthus triangulum","preysOn","Apis mellifera"
"Favonius quercus","visitsFlowersOf","Hedera helix"
"Gonocerus acuteangulatus","visitsFlowersOf","Hedera helix"
"Sylvia atricapilla","interactsWith","Hedera helix"
"Propylaea quatuordecimpunctata","interactsWith","Hedera helix"
"Bubulcus ibis","eats","Mantis religiosa"
"Halyomorpha halys","interactsWith","Quercus robur"
"Gonocerus acuteangulatus","interactsWith","Hedera helix"
"Laetiporus sulphureus","interactsWith","Quercus robur"
"Mikiola fagi","visits","Fagus sylvatica"
"Vespa crabro","preysOn","Apis mellifera"
"Agelastica alni","hasHost","Alnus glutinosa"
"Laetiporus sulphureus","hasHost","Gleditsia triacanthos"
"Trifolium repens","interactsWith","Apis mellifera"
"Aglais io","eats","Hedera helix"
"Andricus quercuscalicis","visits","Quercus robur"
"Cynips quercusfolii","hasHost","Quercus robur"
"Elasmucha grisea","visits","Alnus glutinosa"
"Leptotes pirithous","visitsFlowersOf","Hedera helix"
"Celastrina argiolus","interactsWith","Hedera helix"
"Eristalinus aeneus","visitsFlowersOf","Hedera helix"
"Columba palumbus","eats","Hedera helix"
"Trametes versicolor","hasHost","Alnus glutinosa"
"Graphosoma italicum","interactsWith","Hedera helix"
"Harmonia axyridis","visitsFlowersOf","Hedera helix"
"Brintesia circe","visitsFlowersOf","Hedera helix"
"Favonius quercus","interactsWith","Hedera helix"
"Dasycera oliviella","interactsWith","Hedera helix"
"Scolia hirta","interactsWith","Hedera helix"
"Viscum album","eats","Robinia pseudoacacia"
"Argynnis paphia","interactsWith","Hedera helix"
"Vespa crabro","eats","Hedera helix"
"Turdus pilaris","eats","Hedera helix"
"Pica pica","eats","Hedera helix"
"Turdus torquatus","eats","Hedera helix"
"Cyanistes caeruleus","eats","Hedera helix"
"Parus major","eats","Hedera helix"
"Carduelis carduelis","eats","Alnus glutinosa"
"Graphosoma italicum","visitsFlowersOf","Hedera helix"
"Prionus coriarius","eats","Fagus sylvatica"
"Coccinella septempunctata","interactsWith","Hedera helix"
"Harmonia axyridis","interactsWith","Hedera helix"
"Elasmucha grisea","eats","Alnus glutinosa"
"Fomes fomentarius","hasHost","Fagus sylvatica"
"Laetiporus sulphureus","eats","Quercus robur"
"Piezodorus lituratus","eats","Robinia pseudoacacia"
"Leptotes pirithous","interactsWith","Hedera helix"
"Lymantria dispar","eats","Quercus robur"
"Bombus pascuorum","interactsWith","Hedera helix"
"Propylaea quatuordecimpunctata","visitsFlowersOf","Hedera helix"
"Sturnus vulgaris","eats","Hedera helix"
"Fringilla coelebs","eats","Hedera helix"
"Garrulus glandarius","eats","Hedera helix"
"Sylvia borin","eats","Hedera helix"
"Oriolus oriolus","adjacentTo","Morus alba"
"Lotus corniculatus","mutualistOf","Paragus haemorrhous"
"Trametes versicolor","hasHost","Quercus robur"
"Myathropa florea","eats","Hedera helix"
"Oudemansiella mucida","interactsWith","Fagus sylvatica"
"Coloeus monedula","eats","Emberiza cirlus"
"Satyrium ilicis","eats","Quercus robur"
"Cerambyx cerdo","eats","Quercus robur"
"Garrulus glandarius","eats","Emberiza cirlus"
"Phalera bucephala","eats","Fagus sylvatica"
"Empusa fasciata","preysOn","Apis mellifera"
"Favonius quercus","eats","Quercus robur"
"Camptogramma bilineata","interactsWith","Hedera helix"
"Halyomorpha halys","interactsWith","Hedera helix"
"Halyzia sedecimguttata","interactsWith","Fagus sylvatica"
"Malva neglecta","mutualistOf","Paragus haemorrhous"
"Sambucus nigra","mutualistOf","Scaeva pyrastri"
"Sambucus nigra","mutualistOf","Syritta pipiens"
"Xanthoria parietina","hasHost","Quercus robur"
"Sitta europaea","eats","Hedera helix"
"Psittacula krameri","eats","Fagus sylvatica"
"Dendrocopos major","createsHabitatFor","Fagus sylvatica"
"Nezara viridula","interactsWith","Hedera helix"
"Piezodorus lituratus","interactsWith","Hedera helix"
"Hipparchia statilinus","visitsFlowersOf","Hedera helix"
"Tettigonia viridissima","interactsWith","Hedera helix"
"Meconema thalassinum","hasHost","Quercus robur"
"Hemipenthes morio","interactsWith","Hedera helix"
"Chloromyia formosa","interactsWith","Hedera helix"
"Eristalinus aeneus","interactsWith","Hedera helix"
"Bombus pascuorum","visitsFlowersOf","Hedera helix"
"Corvus corax","eats","Emberiza cirlus"
"Pica pica","eats","Emberiza cirlus"
"Sylvia communis","eats","Hedera helix"
"Poecile palustris","eats","Hedera helix"
"Phoenicurus phoenicurus","eats","Hedera helix"
"Phoenicurus ochruros","eats","Hedera helix"
"Ficedula hypoleuca","eats","Hedera helix"
"Stercorarius parasiticus","eats","Emberiza cirlus"
"Bubulcus ibis","eats","Eristalis tenax"
"Bubulcus ibis","eats","Scaeva selenitica"
"Mustela eversmanii","eats","Emberiza cirlus"
"Trifolium pratense","mutualistOf","Paragus haemorrhous"
"Glechoma hederacea","interactsWith","Apis mellifera"
"Tanacetum vulgare","interactsWith","Syritta pipiens"
"Tanacetum vulgare","interactsWith","Apis mellifera"
"Erodium cicutarium","mutualistOf","Paragus haemorrhous"
"Canis aureus","eats","Emberiza cirlus"
"Vulpes vulpes","eats","Emberiza cirlus"
"Mustela nivalis","eats","Emberiza cirlus"
"Vormela peregusna","eats","Emberiza cirlus"
"Martes foina","eats","Emberiza cirlus"
"Laetiporus sulphureus","hasHost","Robinia pseudoacacia"
"Mustela erminea","eats","Emberiza cirlus"
"Canis lupus","eats","Emberiza cirlus"
"Chrysomela aenea","eats","Alnus glutinosa"
"Anoplodera sexguttata","eats","Fagus sylvatica"
"Peribalus strictus","interactsWith","Hedera helix"
"Acanthosoma haemorrhoidale","hasHost","Quercus robur"
"Chloris chloris","interactsWith","Quercus robur"
"Lanius excubitor","eats","Emberiza cirlus"
"Capreolus capreolus","eats","Alnus glutinosa"
"Loranthus europaeus","eats","Quercus robur"
"Schizophyllum commune","hasHost","Fagus sylvatica"
"Scopula ornata","interactsWith","Hedera helix"
"Maniola jurtina","visitsFlowersOf","Hedera helix"
"Phalera bucephala","visits","Quercus robur"
"Phalera bucephala","eats","Quercus robur"
"Stauropus fagi","visits","Fagus sylvatica"
"Diplazon laetatorius","parasitoidOf","Eupeodes corollae"
"Diplazon laetatorius","parasitoidOf","Episyrphus balteatus"
"Coccinella septempunctata","visitsFlowersOf","Hedera helix"
"Harmonia axyridis","interactsWith","Salix alba"
"Aglais io","visits","Hedera helix"
"Aglais io","interactsWith","Hedera helix"
"Brintesia circe","interactsWith","Hedera helix"
"Andricus quercuscalicis","parasiteOf","Quercus robur"
"Macrophya annulata","interactsWith","Hedera helix"
"Halyomorpha halys","visitsFlowersOf","Hedera helix"
"Palomena prasina","visits","Robinia pseudoacacia"
"Palomena prasina","visits","Hedera helix"
"Leptura quadrifasciata","eats","Alnus glutinosa"
"Rhagonycha fulva","pollinates","Apis mellifera"
"Rhagonycha fulva","interactsWith","Hedera helix"
"Gonocerus acuteangulatus","hasHost","Quercus robur"
"Vanessa cardui","interactsWith","Hedera helix"
"Cirsium vulgare","interactsWith","Apis mellifera"
"Viscum album","parasiteOf","Robinia pseudoacacia"
"Viscum album","hasHost","Robinia pseudoacacia"
"Sambucus nigra","mutualistOf","Paragus haemorrhous"
"Fomes fomentarius","eats","Quercus robur"
"Fomitopsis pinicola","hasHost","Fagus sylvatica"
"Meripilus giganteus","eats","Robinia pseudoacacia"
"Fistulina hepatica","interactsWith","Quercus robur"
"Columba palumbus","interactsWith","Quercus robur"
"Emberiza cia","eats","Hedera helix"
"Sturnus vulgaris","interactsWith","Hedera helix"
"Sturnus vulgaris","interactsWith","Quercus robur"
"Lophophanes cristatus","eats","Hedera helix"
"Cyanistes caeruleus","interactsWith","Hedera helix"
"Cyanistes caeruleus","interactsWith","Quercus robur"
"Periparus ater","eats","Hedera helix"
"Bubulcus ibis","eats","Emberiza cirlus"
"Dendrocopos major","createsHabitatFor","Alnus glutinosa"
"Dryobates minor","createsHabitatFor","Fagus sylvatica"
"Muscardinus avellanarius","eats","Quercus robur"
"Philaeus chrysops","interactsWith","Hedera helix"
"Nezara viridula","eats","Hedera helix"
"Deraeocoris ruber","interactsWith","Hedera helix"
"Kleidocerys resedae","eats","Alnus glutinosa"
"Aricia agestis","visitsFlowersOf","Hedera helix"
"Hipparchia statilinus","interactsWith","Hedera helix"
"Polygonia c-album","eats","Hedera helix"
"Peridea anceps","visits","Quercus robur"
"Poecilocampa populi","eats","Quercus robur"
"Poecilocampa populi","eats","Alnus glutinosa"
"Poecilocampa populi","eats","Salix alba"
"Pezotettix giornae","interactsWith","Hedera helix"
"Tettigonia viridissima","pollinates","Apis mellifera"
"Phaneroptera nana","interactsWith","Hedera helix"
"Conocephalus dorsalis","preysOn","Episyrphus balteatus"
"Hemipenthes velutina","interactsWith","Hedera helix"
"Volucella pellucens","eats","Hedera helix"
"Baccha elongata","visitsFlowersOf","Hedera helix"
"Sympetrum sanguineum","preysOn","Episyrphus balteatus"
"Vespa crabro","preysOn","Vanessa atalanta"
"Vespa crabro","interactsWith","Quercus robur"
"Vespa crabro","eats","Apis mellifera"
"Agelastica alni","interactsWith","Alnus glutinosa"
"Exochomus quadripustulatus","visits","Hedera helix"
"Martes foina","eats","Cervus elaphus"
"Pyrrhula pyrrhula","eats","Hedera helix"
"Coccothraustes coccothraustes","eats","Hedera helix"
"Corvus frugilegus","eats","Emberiza cirlus"
"Aegithalos caudatus","eats","Hedera helix"
"Otis tarda","eats","Emberiza cirlus"
"Vipera ammodytes","eats","Emberiza cirlus"
"Vipera berus","eats","Emberiza cirlus"
"Urtica dioica","interactsWith","Vanessa atalanta"
"Dendrocopos major","eats","Hedera helix"
"Corvus corax","eats","Hedera helix"
"Emberiza schoeniclus","preysOn","Apis mellifera"
"Turdus viscivorus","interactsWith","Hedera helix"
"Loxia curvirostra","eats","Hedera helix"
"Lanius senator","eats","Emberiza cirlus"
"Grus grus","eats","Emberiza cirlus"
"Falco subbuteo","preysOn","Agrotis exclamationis"
"Falco tinnunculus","eats","Emberiza cirlus"
"Circus cyaneus","eats","Emberiza cirlus"
"Aquila chrysaetos","eats","Cervus elaphus"
"Buteo lagopus","eats","Emberiza cirlus"
"Burhinus oedicnemus","eats","Emberiza cirlus"
"Bubulcus ibis","eats","Vespula germanica"
"Buteo buteo","eats","Emberiza cirlus"
"Circus macrourus","eats","Emberiza cirlus"
"Rhagium mordax","eats","Alnus glutinosa"
"Lacerta agilis","preysOn","Agrotis exclamationis"
"Platycheirus scutatus","visitsFlowersOf","Hedera helix"
"Stellaria media","interactsWith","Syrphus ribesii"
"Stellaria media","interactsWith","Eristalis tenax"
"Stellaria media","interactsWith","Eristalis arbustorum"
"Stellaria media","interactsWith","Syritta pipiens"
"Stellaria media","interactsWith","Apis mellifera"
"Abutilon theophrasti","interactsWith","Apis mellifera"
"Leucoma salicis","eats","Salix alba"
"Erigeron annuus","interactsWith","Syritta pipiens"
"Achillea millefolium","mutualistOf","Syritta pipiens"
"Xylocopa violacea","visitsFlowersOf","Hedera helix"
"Anaglyptus mysticus","eats","Alnus glutinosa"
"Alosterna tabacicolor","eats","Alnus glutinosa"
"Sus scrofa","eats","Emberiza cirlus"
"Felis silvestris","eats","Emberiza cirlus"
"Meles meles","eats","Emberiza cirlus"
"Locustella naevia","preysOn","Agrotis exclamationis"
"Plemyria rubiginata","eats","Alnus glutinosa"
"Ischnura elegans","preysOn","Episyrphus balteatus"
"Libellula depressa","preysOn","Episyrphus balteatus"
"Sambucus nigra","interactsWith","Syrphus ribesii"
"Sambucus nigra","interactsWith","Eristalis tenax"
"Sambucus nigra","interactsWith","Syritta pipiens"
"Sambucus nigra","interactsWith","Chalcosyrphus nemorum"
"Sambucus nigra","interactsWith","Apis mellifera"
"Schizophyllum commune","hasHost","Robinia pseudoacacia"
"Prionus coriarius","eats","Alnus glutinosa"
"Lacerta viridis","eats","Emberiza cirlus"
"Laetiporus sulphureus","hasHost","Salix alba"
"Laetiporus sulphureus","hasHost","Quercus robur"
"Trametes versicolor","hasHost","Salix alba"
"Eristalinus aeneus","visitsFlowersOf","Salix alba"
"Pisaura mirabilis","preysOn","Agrotis exclamationis"
"Pisaura mirabilis","preysOn","Episyrphus balteatus"
"Pisaura mirabilis","preysOn","Apis mellifera"
"Laetiporus sulphureus","parasiteOf","Fagus sylvatica"
"Peribalus strictus","hasHost","Quercus robur"
"Myathropa florea","visits","Hedera helix"
"Graphosoma italicum","eats","Quercus robur"
"Centrotus cornutus","interactsWith","Hedera helix"
"Centrotus cornutus","eats","Quercus robur"
"Ganoderma sessile","hasHost","Gleditsia triacanthos"
"Oudemansiella mucida","hasHost","Fagus sylvatica"
"Parus major","eats","Autographa gamma"
"Parus major","eats","Agrotis exclamationis"
"Caucasotachea vindobonensis","visits","Morus alba"
"Sciurus vulgaris","eats","Fagus sylvatica"
"Parus major","interactsWith","Salix alba"
"Parus major","interactsWith","Quercus robur"
"Oxalis acetosella","coOccursWith","Alnus glutinosa"
"Cardamine pratensis","coOccursWith","Alnus glutinosa"
"Eristalis lineata","visitsFlowersOf","Salix alba"
"Eristalis lineata","visitsFlowersOf","Hedera helix"
"Argynnis pandora","visits","Hedera helix"
"Physcia adscendens","epiphyteOf","Quercus robur"
"Physcia adscendens","epiphyteOf","Alnus glutinosa"
"Physcia adscendens","eats","Quercus robur"
"Solidago virgaurea","coOccursWith","Alnus glutinosa"
"Ephemera lineata","eats","Quercus robur"
"Spinus spinus","eats","Alnus glutinosa"
"Acanthosoma haemorrhoidale","visits","Alnus glutinosa"
"Acanthosoma haemorrhoidale","eats","Quercus robur"
"Acanthosoma haemorrhoidale","eats","Alnus glutinosa"
"Philanthus triangulum","interactsWith","Apis mellifera"
"Philanthus triangulum","eats","Apis mellifera"
"Pentatoma rufipes","hasHost","Quercus robur"
"Pentatoma rufipes","eats","Alnus glutinosa"
"Rhaphigaster nebulosa","eats","Quercus robur"
"Dorcus parallelipipedus","eats","Fagus sylvatica"
"Dorcus parallelipipedus","eats","Quercus robur"
"Myodes glareolus","eats","Quercus robur"
"Andromeda polifolia","interactsWith","Apis mellifera"
"Hepatica nobilis","interactsWith","Apis mellifera"
"Taraxacum officinale","interactsWith","Eristalis tenax"
"Arctium tomentosum","interactsWith","Apis mellifera"
"Stellaria media","interactsWith","Quercus robur"
"Alliaria petiolata","interactsWith","Apis mellifera"
"Hepatica nobilis","interactsWith","Hedera helix"
"Caltha palustris","coOccursWith","Alnus glutinosa"
"Geum rivale","coOccursWith","Alnus glutinosa"
"Potentilla erecta","coOccursWith","Alnus glutinosa"
"Trifolium pratense","interactsWith","Bombus lapidarius"
"Trifolium repens","visitsFlowersOf","Apis mellifera"
"Lotus corniculatus","interactsWith","Apis mellifera"
"Prunella vulgaris","coOccursWith","Alnus glutinosa"
"Chelidonium majus","interactsWith","Quercus robur"
"Picea abies","coOccursWith","Alnus glutinosa"
"Taxus baccata","hasHost","Salix alba"
"Schizophyllum commune","interactsWith","Fagus sylvatica"
"Schizophyllum commune","interactsWith","Alnus glutinosa"
"Amanita phalloides","interactsWith","Fagus sylvatica"
"Troglodytes troglodytes","interactsWith","Salix alba"
"Passer domesticus","eats","Quercus robur"
"Garrulus glandarius","eats","Quercus robur"
"Psittacula eupatria","eats","Fagus sylvatica"
"Capreolus capreolus","eats","Hedera helix"
"Martes foina","eats","Hedera helix"
"Bufo bufo","interactsWith","Hedera helix"
"Lycia hirtaria","eats","Quercus robur"
"Neptis sappho","eats","Robinia pseudoacacia"
"Nymphalis antiopa","eats","Salix alba"
"Nymphalis xanthomelas","eats","Salix alba"
"Endotricha flammealis","interactsWith","Hedera helix"
"Stauropus fagi","visits","Quercus robur"
"Arctia villica","interactsWith","Hedera helix"
"Cossus cossus","eats","Fagus sylvatica"
"Conops flavipes","endoparasitoidOf","Bombus lapidarius"
"Conops quadrifasciatus","endoparasitoidOf","Bombus lapidarius"
"Helophilus pendulus","visitsFlowersOf","Hedera helix"
"Gomphus vulgatissimus","eats","Autographa gamma"
"Diplazon laetatorius","interactsWith","Episyrphus balteatus"
"Diplazon laetatorius","interactsWith","Eupeodes corollae"
"Harmonia axyridis","hasHost","Salix alba"
"Aglais io","visitsFlowersOf","Hedera helix"
"Brintesia circe","eats","Hedera helix"
"Notodonta ziczac","eats","Salix alba"
"Euplagia quadripunctaria","interactsWith","Hedera helix"
"Eriogaster lanestris","eats","Quercus robur"
"Eriogaster lanestris","eats","Alnus glutinosa"
"Andricus quercuscalicis","pathogenOf","Quercus robur"
"Cynips quercusfolii","parasiteOf","Quercus robur"
"Cynips quercusfolii","visits","Quercus robur"
"Pyrrhocoris apterus","eats","Hedera helix"
"Oxycarenus lavaterae","visits","Hedera helix"
"Elasmucha grisea","hasHost","Alnus glutinosa"
"Arma custos","hasHost","Quercus robur"
"Dolycoris baccarum","eats","Robinia pseudoacacia"
"Carpocoris purpureipennis","eats","Robinia pseudoacacia"
"Palomena prasina","interactsWith","Hedera helix"
"Palomena prasina","hasHost","Fagus sylvatica"
"Palomena prasina","hasHost","Quercus robur"
"Palomena prasina","eats","Robinia pseudoacacia"
"Ancyrosoma leucogrammes","interactsWith","Hedera helix"
"Chrysolina polita","interactsWith","Hedera helix"
"Chrysolina polita","eats","Hedera helix"
"Plagiosterna aenea","hasHost","Alnus glutinosa"
"Plagiosterna aenea","eats","Alnus glutinosa"
"Chrysomela vigintipunctata","interactsWith","Salix alba"
"Psyllobora vigintiduopunctata","visits","Hedera helix"
"Psyllobora vigintiduopunctata","eats","Quercus robur"
"Malachius bipustulatus","interactsWith","Fagus sylvatica"
"Castor fiber","hasHost","Quercus robur"
"Corizus hyoscyami","interactsWith","Hedera helix"
"Gonocerus acuteangulatus","eats","Alnus glutinosa"
"Syromastus rhombeus","interactsWith","Hedera helix"
"Coreus marginatus","interactsWith","Hedera helix"
"Vanessa cardui","visitsFlowersOf","Hedera helix"
"Monotropa hypopitys","hasHost","Fagus sylvatica"
"Veronica chamaedrys","coOccursWith","Alnus glutinosa"
"Drosera rotundifolia","preysOn","Coenonympha pamphilus"
"Veronica officinalis","coOccursWith","Alnus glutinosa"
"Vinca minor","interactsWith","Hedera helix"
"Malva sylvestris","interactsWith","Apis mellifera"
"Tanacetum vulgare","interactsWith","Eristalis tenax"
"Cirsium arvense","interactsWith","Vanessa atalanta"
"Cirsium arvense","interactsWith","Volucella inanis"
"Cirsium arvense","interactsWith","Apis mellifera"
"Cirsium vulgare","interactsWith","Episyrphus balteatus"
"Sonchus oleraceus","visitsFlowersOf","Apis mellifera"
"Cornus sanguinea","coOccursWith","Alnus glutinosa"
"Anemone nemorosa","coOccursWith","Alnus glutinosa"
"Filipendula ulmaria","coOccursWith","Alnus glutinosa"
"Verbena officinalis","interactsWith","Episyrphus balteatus"
"Viscum album","parasiteOf","Quercus robur"
"Viscum album","hasHost","Salix alba"
"Viscum album","hasHost","Quercus robur"
"Viscum album","hasHost","Alnus glutinosa"
"Rumex acetosa","coOccursWith","Alnus glutinosa"
"Succisa pratensis","coOccursWith","Alnus glutinosa"
"Scabiosa ochroleuca","visitsFlowersOf","Apis mellifera"
"Vaccinium vitis-idaea","coOccursWith","Alnus glutinosa"
"Vaccinium myrtillus","coOccursWith","Alnus glutinosa"
"Vaccinium myrtillus","interactsWith","Quercus robur"
"Corylus avellana","coOccursWith","Alnus glutinosa"
"Dactylorhiza fuchsii","interactsWith","Quercus robur"
"Platanthera chlorantha","coOccursWith","Alnus glutinosa"
"Cephalanthera rubra","parasiteOf","Fagus sylvatica"
"Anthoxanthum odoratum","coOccursWith","Alnus glutinosa"
"Juniperus communis","coOccursWith","Alnus glutinosa"
"Phegopteris connectilis","coOccursWith","Alnus glutinosa"
"Gymnocarpium dryopteris","coOccursWith","Alnus glutinosa"
"Xanthoria parietina","epiphyteOf","Quercus robur"
"Xanthoria parietina","hasHost","Fagus sylvatica"
"Physcia tenella","epiphyteOf","Quercus robur"
"Physcia tenella","epiphyteOf","Alnus glutinosa"
"Ramalina farinacea","epiphyteOf","Quercus robur"
"Ramalina farinacea","epiphyteOf","Alnus glutinosa"
"Ramalina farinacea","interactsWith","Quercus robur"
"Lecidella elaeochroma","epiphyteOf","Quercus robur"
"Lecidella elaeochroma","epiphyteOf","Alnus glutinosa"
"Flavoparmelia caperata","hasHost","Quercus robur"
"Fomes fomentarius","visits","Fagus sylvatica"
"Fomes fomentarius","interactsWith","Quercus robur"
"Fomes fomentarius","parasiteOf","Quercus robur"
"Trametes versicolor","interactsWith","Quercus robur"
"Fomitopsis pinicola","hasHost","Alnus glutinosa"
"Laetiporus sulphureus","parasiteOf","Quercus robur"
"Laetiporus sulphureus","eats","Salix alba"
"Meripilus giganteus","pathogenOf","Robinia pseudoacacia"
"Meripilus giganteus","interactsWith","Fagus sylvatica"
"Meripilus giganteus","hasHost","Fagus sylvatica"
"Meripilus giganteus","hasHost","Quercus robur"
"Meripilus giganteus","eats","Fagus sylvatica"
"Anas platyrhynchos","eats","Quercus robur"
"Carduelis carduelis","interactsWith","Robinia pseudoacacia"
"Pyrrhula pyrrhula","eats","Fagus sylvatica"
"Pyrrhula pyrrhula","eats","Alnus glutinosa"
"Serinus serinus","eats","Hedera helix"
"Phylloscopus collybita","preysOn","Apis mellifera"
"Curruca melanocephala","visitsFlowersOf","Hedera helix"
"Curruca melanocephala","interactsWith","Hedera helix"
"Sylvia atricapilla","interactsWith","Alnus glutinosa"
"Erithacus rubecula","interactsWith","Hedera helix"
"Erithacus rubecula","createsHabitatFor","Quercus robur"
"Turdus merula","visitsFlowersOf","Gleditsia triacanthos"
"Cyanistes caeruleus","eats","Alnus glutinosa"
"Certhia familiaris","interactsWith","Quercus robur"
"Psittacula krameri","eats","Salix alba"
"Psittacula krameri","eats","Robinia pseudoacacia"
"Psittacula krameri","eats","Alnus glutinosa"
"Picus viridis","createsHabitatFor","Fagus sylvatica"
"Picus viridis","createsHabitatFor","Alnus glutinosa"
"Dendrocoptes medius","createsHabitatFor","Quercus robur"
"Dendrocoptes medius","createsHabitatFor","Alnus glutinosa"
"Dendrocopos medius","hasHabitat","Quercus robur"
"Dendrocopos major","hasHabitat","Quercus robur"
"Dendrocopos major","hasHabitat","Alnus glutinosa"
"Dendrocopos major","interactsWith","Robinia pseudoacacia"
"Dendrocopos major","createsHabitatFor","Quercus robur"
"Dryobates minor","createsHabitatFor","Alnus glutinosa"
"Dolichophis caspius","eats","Emberiza cirlus"
"Apodemus sylvaticus","eats","Quercus robur"
"Felis catus","kills","Emberiza cirlus"
"Miniopterus schreibersii","preysOn","Autographa gamma"
"Acrosternum heegeri","interactsWith","Hedera helix"
"Piezodorus lituratus","visitsFlowersOf","Hedera helix"
"Rhopalus subrufus","interactsWith","Hedera helix"
"Ceraleptus gracilicornis","eats","Robinia pseudoacacia"
"Cercopis intermedia","interactsWith","Hedera helix"
"Aphrophora alni","interactsWith","Hedera helix"
"Reduvius personatus","preysOn","Polistes dominula"
"Ectropis bistortata","eats","Robinia pseudoacacia"
"Campaea margaritaria","visitsFlowersOf","Fagus sylvatica"
"Campaea margaritaria","hasHost","Fagus sylvatica"
"Biston betularia","eats","Fagus sylvatica"
"Watsonalla binaria","hasHost","Quercus robur"
"Watsonalla binaria","eats","Quercus robur"
"Iphiclides podalirius","interactsWith","Hedera helix"
"Aricia agestis","interactsWith","Hedera helix"
"Lycaena phlaeas","interactsWith","Polyommatus icarus"
"Lycaena phlaeas","interactsWith","Hedera helix"
"Celastrina argiolus","eats","Robinia pseudoacacia"
"Gonepteryx rhamni","interactsWith","Hedera helix"
"Pieris brassicae","visitsFlowersOf","Hedera helix"
"Anthocharis cardamines","interactsWith","Hedera helix"
"Polygonia c-album","visitsFlowersOf","Hedera helix"
"Polygonia c-album","hasHost","Alnus glutinosa"
"Aglais urticae","visitsFlowersOf","Salix alba"
"Aglais urticae","visitsFlowersOf","Hedera helix"
"Ptilodon capucina","visits","Quercus robur"
"Ptilodon capucina","hasHost","Fagus sylvatica"
"Ptilodon capucina","eats","Alnus glutinosa"
"Lymantria dispar","visits","Quercus robur"
"Lymantria dispar","hasHost","Quercus robur"
"Pseudoips prasinana","visits","Fagus sylvatica"
"Lasiocampa quercus","interactsWith","Quercus robur"
"Pezotettix giornae","visitsFlowersOf","Hedera helix"
"Calliptamus barbarus","interactsWith","Hedera helix"
"Mikiola fagi","parasiteOf","Fagus sylvatica"
"Dasysyrphus albostriatus","visitsFlowersOf","Salix alba"
"Dasysyrphus albostriatus","visitsFlowersOf","Hedera helix"
"Dasysyrphus albostriatus","eats","Hedera helix"
"Dasysyrphus pinastri","visitsFlowersOf","Salix alba"
"Volucella pellucens","visitsFlowersOf","Salix alba"
"Volucella pellucens","visitsFlowersOf","Hedera helix"
"Volucella pellucens","interactsWith","Hedera helix"
"Sericomyia superbiens","visitsFlowersOf","Hedera helix"
"Lejops lineatus","visitsFlowersOf","Salix alba"
"Syrphus torvus","interactsWith","Hedera helix"
"Syrphus torvus","interactsWith","Quercus robur"
"Chrysogaster aerosa","visitsFlowersOf","Salix alba"
"Pipiza austriaca","visitsFlowersOf","Salix alba"
"Sphegina elegans","visitsFlowersOf","Salix alba"
"Calopteryx virgo","interactsWith","Fagus sylvatica"
"Bombus hortorum","visitsFlowersOf","Salix alba"
"Bombus hortorum","visitsFlowersOf","Hedera helix"
"Bombus terrestris","visitsFlowersOf","Salix alba"
"Bombus terrestris","visitsFlowersOf","Hedera helix"
"Vespa crabro","visits","Hedera helix"
"Amblyteles armatorius","interactsWith","Hedera helix"
"Valgus hemipterus","interactsWith","Hedera helix"
"Agelastica alni","visits","Fagus sylvatica"
"Agelastica alni","interactsWith","Salix alba"
"Exochomus quadripustulatus","hasHost","Hedera helix"
"Exochomus quadripustulatus","hasHost","Fagus sylvatica"
"Sturnus vulgaris","eats","Emberiza cirlus"
"Passer domesticus","eats","Morus alba"
"Fringilla coelebs","eats","Fagus sylvatica"
"Fringilla coelebs","eats","Quercus robur"
"Garrulus glandarius","interactsWith","Quercus robur"
"Corvus frugilegus","eats","Quercus robur"
"Asio flammeus","eats","Emberiza cirlus"
"Asio otus","eats","Emberiza cirlus"
"Streptopelia decaocto","eats","Hedera helix"
"Psittacula krameri","eats","Morus alba"
"Milvus milvus","eats","Emberiza cirlus"
"Hylobius abietis","interactsWith","Xylota segnis"
"Pentatoma rufipes","interactsWith","Alnus glutinosa"
"Cheilosia albitarsis","visitsFlowersOf","Salix alba"
"Lymantria dispar","pathogenOf","Alnus glutinosa"
"Strix aluco","eats","Emberiza cirlus"
"Otus scops","eats","Emberiza cirlus"
"Turdus iliacus","interactsWith","Hedera helix"
"Turdus pilaris","interactsWith","Hedera helix"
"Turdus merula","interactsWith","Hedera helix"
"Corvus monedula","eats","Quercus robur"
"Datura stramonium","interactsWith","Syrphus ribesii"
"Datura stramonium","interactsWith","Apis mellifera"
"Turdus torquatus","interactsWith","Hedera helix"
"Turdus philomelos","interactsWith","Hedera helix"
"Sylvia curruca","eats","Hedera helix"
"Oriolus oriolus","eats","Hedera helix"
"Luscinia megarhynchos","eats","Hedera helix"
"Muscicapa striata","eats","Hedera helix"
"Carduelis carduelis","eats","Quercus robur"
"Lanius collurio","eats","Emberiza cirlus"
"Carduelis chloris","eats","Quercus robur"
"Carduelis cannabina","eats","Quercus robur"
"Columba livia","eats","Robinia pseudoacacia"
"Columba palumbus","eats","Quercus robur"
"Gallinula chloropus","eats","Hedera helix"
"Inachis io","visitsFlowersOf","Salix alba"
"Inachis io","visitsFlowersOf","Hedera helix"
"Falco cherrug","eats","Emberiza cirlus"
"Falco columbarius","eats","Emberiza cirlus"
"Falco peregrinus","eats","Emberiza cirlus"
"Milvus migrans","eats","Emberiza cirlus"
"Haliaeetus albicilla","eats","Cervus elaphus"
"Aquila chrysaetos","eats","Emberiza cirlus"
"Accipiter nisus","eats","Emberiza cirlus"
"Emberiza citrinella","eats","Quercus robur"
"Hepialus humuli","eats","Fagus sylvatica"
"Conops flavipes","interactsWith","Bombus lapidarius"
"Eristalinus sepulchralis","visitsFlowersOf","Salix alba"
"Baccha elongata","visitsFlowersOf","Salix alba"
"Platycheirus rosarum","visitsFlowersOf","Salix alba"
"Platycheirus scutatus","visitsFlowersOf","Salix alba"
"Syrphus torvus","visitsFlowersOf","Salix alba"
"Syrphus torvus","visitsFlowersOf","Hedera helix"
"Leucozona lucorum","visitsFlowersOf","Salix alba"
"Leucozona lucorum","visitsFlowersOf","Hedera helix"
"Meliscaeva cinctella","visitsFlowersOf","Salix alba"
"Meliscaeva cinctella","visitsFlowersOf","Hedera helix"
"Cheilosia pagana","visitsFlowersOf","Salix alba"
"Cheilosia pagana","visitsFlowersOf","Hedera helix"
"Helophilus hybridus","visitsFlowersOf","Salix alba"
"Helophilus hybridus","visitsFlowersOf","Hedera helix"
"Lejogaster metallina","visitsFlowersOf","Salix alba"
"Chrysogaster solstitialis","visitsFlowersOf","Salix alba"
"Cheilosia impressa","visitsFlowersOf","Salix alba"
"Cheilosia impressa","visitsFlowersOf","Hedera helix"
"Cheilosia variabilis","visitsFlowersOf","Salix alba"
"Cheilosia vernalis","visitsFlowersOf","Salix alba"
"Cheilosia vernalis","visitsFlowersOf","Hedera helix"
"Eriozona syrphoides","visitsFlowersOf","Salix alba"
"Leucozona glaucia","visitsFlowersOf","Salix alba"
"Leucozona glaucia","visitsFlowersOf","Hedera helix"
"Melangyna cincta","visitsFlowersOf","Hedera helix"
"Sphegina clunipes","visitsFlowersOf","Salix alba"
"Sphegina clunipes","visitsFlowersOf","Hedera helix"
"Neoascia podagrica","visitsFlowersOf","Salix alba"
"Neoascia podagrica","visitsFlowersOf","Hedera helix"
"Volucella inflata","visitsFlowersOf","Hedera helix"
"Helophilus pendulus","visitsFlowersOf","Salix alba"
"Xylota sylvarum","visitsFlowersOf","Salix alba"
"Xylota sylvarum","visitsFlowersOf","Hedera helix"
"Sericomyia lappona","visitsFlowersOf","Salix alba"
"Chrysotoxum arcuatum","visitsFlowersOf","Salix alba"
"Chrysotoxum arcuatum","visitsFlowersOf","Hedera helix"
"Melilotus albus","interactsWith","Syritta pipiens"
"Melilotus albus","interactsWith","Apis mellifera"
"Hygrocybe conica","hasHost","Alnus glutinosa"
"Calliteara pudibunda","eats","Alnus glutinosa"
"Kleidocerys resedae","interactsWith","Alnus glutinosa"
"Drosera rotundifolia","interactsWith","Coenonympha pamphilus"
"Silene latifolia","interactsWith","Quercus robur"
"Echinocystis lobata","interactsWith","Syrphus ribesii"
"Echinocystis lobata","interactsWith","Syritta pipiens"
"Echinocystis lobata","interactsWith","Apis mellifera"
"Capsella bursa-pastoris","interactsWith","Melanostoma mellinum"
"Capsella bursa-pastoris","interactsWith","Eristalis arbustorum"
"Capsella bursa-pastoris","interactsWith","Syritta pipiens"
"Capsella bursa-pastoris","interactsWith","Apis mellifera"
"Acer negundo","interactsWith","Robinia pseudoacacia"
"Acer negundo","interactsWith","Apis mellifera"
"Convolvulus arvensis","mutualistOf","Scaeva pyrastri"
"Viscum album","interactsWith","Quercus robur"
"Viscum album","interactsWith","Robinia pseudoacacia"
"Asclepias syriaca","interactsWith","Syritta pipiens"
"Tribulus terrestris","mutualistOf","Paragus haemorrhous"
"Scoliopteryx libatrix","adjacentTo","Alnus glutinosa"
"Tyta luctuosa","interactsWith","Hedera helix"
"Primula elatior","interactsWith","Cervus elaphus"
"Acronicta leporina","eats","Alnus glutinosa"
"Cirsium arvense","interactsWith","Vespula germanica"
"Cirsium arvense","interactsWith","Melanostoma mellinum"
"Cirsium arvense","interactsWith","Syrphus ribesii"
"Cirsium arvense","interactsWith","Eristalis tenax"
"Cirsium arvense","interactsWith","Graphomya maculata"
"Linaria vulgaris","interactsWith","Apis mellifera"
"Achillea millefolium","interactsWith","Syrphus ribesii"
"Achillea millefolium","interactsWith","Eristalis tenax"
"Achillea millefolium","interactsWith","Eristalis arbustorum"
"Achillea millefolium","interactsWith","Syritta pipiens"
"Achillea millefolium","interactsWith","Graphomya maculata"
"Plagodis dolabraria","eats","Quercus robur"
"Phytolacca americana","interactsWith","Syritta pipiens"
"Phytolacca americana","interactsWith","Apis mellifera"
"Saturnia pyri","eats","Alnus glutinosa"
"Cossus cossus","interactsWith","Ferdinandea cuprea"
"Xylocopa violacea","interactsWith","Hedera helix"
"Sus scrofa","eats","Cervus elaphus"
"Vulpes vulpes","eats","Hedera helix"
"Canis lupus","interactsWith","Cervus elaphus"
"Ursus arctos","interactsWith","Cervus elaphus"
"Ursus arctos","eats","Apis mellifera"
"Meles meles","eats","Hedera helix"
"Gonocerus acuteangulatus","interactsWith","Alnus glutinosa"
"Ascotis selenaria","eats","Robinia pseudoacacia"
"Colotois pennaria","hasHost","Quercus robur"
"Biston betularia","eats","Quercus robur"
"Biston betularia","eats","Alnus glutinosa"
"Biston betularia","eats","Salix alba"
"Hydriomena impluviata","eats","Alnus glutinosa"
"Andrena flavipes","visitsFlowersOf","Salix alba"
"Andrena flavipes","visitsFlowersOf","Hedera helix"
"Lycaena phlaeas","visitsFlowersOf","Hedera helix"
"Quercusia quercus","eats","Quercus robur"
"Pieris napi","visitsFlowersOf","Hedera helix"
"Gonepteryx rhamni","visitsFlowersOf","Salix alba"
"Pieris rapae","visitsFlowersOf","Hedera helix"
"Cyathus striatus","hasHost","Quercus robur"
"Cynthia cardui","visitsFlowersOf","Hedera helix"
"Ganoderma resinaceum","hasHost","Quercus robur"
"Ganoderma resinaceum","hasHost","Alnus glutinosa"
"Epipactis palustris","interactsWith","Quercus robur"
"Epipactis palustris","interactsWith","Apis mellifera"
"Bombus pascuorum","visitsFlowersOf","Salix alba"
"Fomes fomentarius","hasHost","Alnus glutinosa"
"Schizophyllum commune","hasHost","Morus alba"
"Meripilus giganteus","interactsWith","Robinia pseudoacacia"
"Lactuca serriola","mutualistOf","Paragus haemorrhous"
"Agelastica alni","adjacentTo","Alnus glutinosa"
"Hypnum cupressiforme","epiphyteOf","Quercus robur"
"Hypnum cupressiforme","epiphyteOf","Alnus glutinosa"
"Silene dioica","interactsWith","Quercus robur"
"Viola tricolor","interactsWith","Syritta pipiens"
"Athene noctua","eats","Emberiza cirlus"
"Laetiporus sulphureus","hasHost","Alnus glutinosa"
"Rhytidiadelphus triquetrus","epiphyteOf","Quercus robur"
"Trametes versicolor","hasHost","Robinia pseudoacacia"
"Trametes versicolor","hasHost","Fagus sylvatica"
