"","X","usageKey","scientificName","canonicalName","rank","status","confidence","matchType","kingdom","species","kingdomKey","speciesKey","species_name_network","king_network"
"1",67,1047536,"Leptinotarsa decemlineata (Say, 1824)","Leptinotarsa decemlineata","SPECIES","ACCEPTED",100,"EXACT","Animalia","Leptinotarsa decemlineata",1,1047536,"Leptinotarsa decemlineata","Animalia"
"2",107,8223165,"Ostrinia nubilalis Hübner, 1796","Ostrinia nubilalis","SPECIES","ACCEPTED",100,"EXACT","Animalia","Ostrinia nubilalis",1,8223165,"Ostrinia nubilalis","Animalia"
"3",204,2480420,"Pernis apivorus (Linnaeus, 1758)","Pernis apivorus","SPECIES","ACCEPTED",100,"EXACT","Animalia","Pernis apivorus",1,2480420,"Pernis apivorus","Animalia"
"4",290,9326020,"Gallus gallus (Linnaeus, 1758)","Gallus gallus","SPECIES","ACCEPTED",100,"EXACT","Animalia","Gallus gallus",1,9326020,"Gallus gallus","Animalia"
"5",356,5959092,"Bubo bubo (Linnaeus, 1758)","Bubo bubo","SPECIES","ACCEPTED",100,"EXACT","Animalia","Bubo bubo",1,5959092,"Bubo bubo","Animalia"
"6",357,2482492,"Corvus corax Linnaeus, 1758","Corvus corax","SPECIES","ACCEPTED",100,"EXACT","Animalia","Corvus corax",1,2482492,"Corvus corax","Animalia"
"7",359,2480506,"Aquila chrysaetos (Linnaeus, 1758)","Aquila chrysaetos","SPECIES","ACCEPTED",100,"EXACT","Animalia","Aquila chrysaetos",1,2480506,"Aquila chrysaetos","Animalia"
"8",372,5218878,"Martes martes (Linnaeus, 1758)","Martes martes","SPECIES","ACCEPTED",100,"EXACT","Animalia","Martes martes",1,5218878,"Martes martes","Animalia"
"9",463,5219243,"Vulpes vulpes (Linnaeus, 1758)","Vulpes vulpes","SPECIES","ACCEPTED",100,"EXACT","Animalia","Vulpes vulpes",1,5219243,"Vulpes vulpes","Animalia"
"10",488,2482515,"Corvus cornix Linnaeus, 1758","Corvus cornix","SPECIES","ACCEPTED",100,"EXACT","Animalia","Corvus cornix",1,2482515,"Corvus cornix","Animalia"
"11",491,9797180,"Ardea cinerea Linnaeus, 1758","Ardea cinerea","SPECIES","ACCEPTED",100,"EXACT","Animalia","Ardea cinerea",1,9797180,"Ardea cinerea","Animalia"
"12",505,2435035,"Felis catus Linnaeus, 1758","Felis catus","SPECIES","ACCEPTED",100,"EXACT","Animalia","Felis catus",1,2435035,"Felis catus","Animalia"
"13",515,1341976,"Apis mellifera Linnaeus, 1758","Apis mellifera","SPECIES","ACCEPTED",100,"EXACT","Animalia","Apis mellifera",1,1341976,"Apis mellifera","Animalia"
"14",516,1311527,"Vespa crabro Linnaeus","Vespa crabro","SPECIES","ACCEPTED",100,"EXACT","Animalia","Vespa crabro",1,1311527,"Vespa crabro","Animalia"
"15",534,2497509,"Strix uralensis Pallas, 1771","Strix uralensis","SPECIES","ACCEPTED",100,"EXACT","Animalia","Strix uralensis",1,2497509,"Strix uralensis","Animalia"
"16",570,2433433,"Ursus arctos Linnaeus, 1758","Ursus arctos","SPECIES","ACCEPTED",100,"EXACT","Animalia","Ursus arctos",1,2433433,"Ursus arctos","Animalia"
"17",621,1594607,"Mikiola fagi (Hartig, 1839)","Mikiola fagi","SPECIES","ACCEPTED",100,"EXACT","Animalia","Mikiola fagi",1,1594607,"Mikiola fagi","Animalia"
"18",639,5871389,"Polistes dominula (Christ, 1791)","Polistes dominula","SPECIES","ACCEPTED",100,"EXACT","Animalia","Polistes dominula",1,5871389,"Polistes dominula","Animalia"
"19",645,1748922,"Parectopa robiniella Clemens, 1863","Parectopa robiniella","SPECIES","ACCEPTED",100,"EXACT","Animalia","Parectopa robiniella",1,1748922,"Parectopa robiniella","Animalia"
"20",655,1820406,"Lymantria dispar Linnaeus, 1758","Lymantria dispar","SPECIES","ACCEPTED",100,"EXACT","Animalia","Lymantria dispar",1,1820406,"Lymantria dispar","Animalia"
"21",699,2878688,"Quercus robur L.","Quercus robur","SPECIES","ACCEPTED",99,"EXACT","Plantae","Quercus robur",6,2878688,"Quercus robur","Plantae"
"22",707,5219173,"Canis lupus Linnaeus, 1758","Canis lupus","SPECIES","ACCEPTED",100,"EXACT","Animalia","Canis lupus",1,5219173,"Canis lupus","Animalia"
"23",720,1544431,"Syritta pipiens (Linnaeus, 1758)","Syritta pipiens","SPECIES","ACCEPTED",100,"EXACT","Animalia","Syritta pipiens",1,1544431,"Syritta pipiens","Animalia"
"24",746,1541146,"Eristalis arbustorum (Linnaeus, 1758)","Eristalis arbustorum","SPECIES","ACCEPTED",100,"EXACT","Animalia","Eristalis arbustorum",1,1541146,"Eristalis arbustorum","Animalia"
"25",754,1341976,"Apis mellifera Linnaeus, 1758","Apis mellifera","SPECIES","ACCEPTED",99,"EXACT","Animalia","Apis mellifera",1,1341976,"Apis mellifera ",""
"26",762,4496895,"Cynips quercusfolii Linnaeus, 1758","Cynips quercusfolii","SPECIES","ACCEPTED",100,"EXACT","Animalia","Cynips quercusfolii",1,4496895,"Cynips quercusfolii","Animalia"
"27",766,1737847,"Cydia pomonella (Linnaeus, 1758)","Cydia pomonella","SPECIES","ACCEPTED",100,"EXACT","Animalia","Cydia pomonella",1,1737847,"Cydia pomonella","Animalia"
"28",772,2542395,"Fomitopsis pinicola (Sw.) P.Karst.","Fomitopsis pinicola","SPECIES","ACCEPTED",100,"EXACT","Fungi","Fomitopsis pinicola",5,2542395,"Fomitopsis pinicola","Fungi"
"29",785,1536449,"Episyrphus balteatus (De Geer, 1776)","Episyrphus balteatus","SPECIES","ACCEPTED",100,"EXACT","Animalia","Episyrphus balteatus",1,1536449,"Episyrphus balteatus","Animalia"
"30",801,2050173,"Alydus calcaratus (Linnaeus, 1758)","Alydus calcaratus","SPECIES","ACCEPTED",100,"EXACT","Animalia","Alydus calcaratus",1,2050173,"Alydus calcaratus","Animalia"
"31",817,1541217,"Eristalis tenax (Linnaeus, 1758)","Eristalis tenax","SPECIES","ACCEPTED",100,"EXACT","Animalia","Eristalis tenax",1,1541217,"Eristalis tenax","Animalia"
"32",818,1898286,"Vanessa atalanta (Linnaeus, 1758)","Vanessa atalanta","SPECIES","ACCEPTED",99,"EXACT","Animalia","Vanessa atalanta",1,1898286,"Vanessa atalanta","Animalia"
"33",842,2542126,"Phaeolus schweinitzii (Fr.) Pat.","Phaeolus schweinitzii","SPECIES","ACCEPTED",100,"EXACT","Fungi","Phaeolus schweinitzii",5,2542126,"Phaeolus schweinitzii","Fungi"
"34",887,2433433,"Ursus arctos Linnaeus, 1758","Ursus arctos","SPECIES","ACCEPTED",99,"EXACT","Animalia","Ursus arctos",1,2433433,"Ursus arctos",""
"35",913,1311649,"Vespula germanica (Fabricius, 1793)","Vespula germanica","SPECIES","ACCEPTED",100,"EXACT","Animalia","Vespula germanica",1,1311649,"Vespula germanica","Animalia"
"36",916,4516754,"Myathropa florea (Linnaeus, 1758)","Myathropa florea","SPECIES","ACCEPTED",100,"EXACT","Animalia","Myathropa florea",1,4516754,"Myathropa florea","Animalia"
"37",936,1334821,"Anthidium manicatum (Linnaeus, 1758)","Anthidium manicatum","SPECIES","ACCEPTED",100,"EXACT","Animalia","Anthidium manicatum",1,1334821,"Anthidium manicatum","Animalia"
"38",967,8225376,"Papilio machaon Linnaeus, 1758","Papilio machaon","SPECIES","ACCEPTED",99,"EXACT","Animalia","Papilio machaon",1,8225376,"Papilio machaon","Animalia"
"39",982,1541832,"Volucella zonaria (Poda, 1761)","Volucella zonaria","SPECIES","ACCEPTED",100,"EXACT","Animalia","Volucella zonaria",1,1541832,"Volucella zonaria","Animalia"
"40",983,1541116,"Eristalis pertinax (Scopoli, 1763)","Eristalis pertinax","SPECIES","ACCEPTED",100,"EXACT","Animalia","Eristalis pertinax",1,1541116,"Eristalis pertinax","Animalia"
"41",996,4497124,"Andricus quercuscalicis (Burgsdorff, 1783)","Andricus quercuscalicis","SPECIES","ACCEPTED",100,"EXACT","Animalia","Andricus quercuscalicis",1,4497124,"Andricus quercuscalicis","Animalia"
"42",1036,4299368,"Vanessa cardui (Linnaeus, 1758)","Vanessa cardui","SPECIES","ACCEPTED",100,"EXACT","Animalia","Vanessa cardui",1,4299368,"Vanessa cardui","Animalia"
"43",1044,1047936,"Agelastica alni (Linnaeus, 1758)","Agelastica alni","SPECIES","ACCEPTED",100,"EXACT","Animalia","Agelastica alni",1,1047936,"Agelastica alni","Animalia"
"44",1067,1535781,"Paragus haemorrhous Meigen, 1822","Paragus haemorrhous","SPECIES","ACCEPTED",100,"EXACT","Animalia","Paragus haemorrhous",1,1535781,"Paragus haemorrhous","Animalia"
"45",1081,1340301,"Bombus lapidarius (Linnaeus, 1758)","Bombus lapidarius","SPECIES","ACCEPTED",100,"EXACT","Animalia","Bombus lapidarius",1,1340301,"Bombus lapidarius","Animalia"
"46",1095,8168319,"Amanita muscaria (L.) Lam.","Amanita muscaria","SPECIES","ACCEPTED",99,"EXACT","Fungi","Amanita muscaria",5,8168319,"Amanita muscaria","Fungi"
"47",1096,5140214,"Polyommatus icarus (von Rottemburg, 1775)","Polyommatus icarus","SPECIES","ACCEPTED",99,"EXACT","Animalia","Polyommatus icarus",1,5140214,"Polyommatus icarus","Animalia"
"48",1121,5041466,"Sceliphron caementarium (Drury, 1773)","Sceliphron caementarium","SPECIES","ACCEPTED",100,"EXACT","Animalia","Sceliphron caementarium",1,5041466,"Sceliphron caementarium","Animalia"
"49",1139,9072021,"Laetiporus sulphureus (Bull.) Murrill","Laetiporus sulphureus","SPECIES","ACCEPTED",99,"EXACT","Fungi","Laetiporus sulphureus",5,9072021,"Laetiporus sulphureus","Fungi"
"50",1169,4990191,"Coccinella septempunctata Linnaeus, 1758","Coccinella septempunctata","SPECIES","ACCEPTED",100,"EXACT","Animalia","Coccinella septempunctata",1,4990191,"Coccinella septempunctata","Animalia"
"51",1219,2928390,"Convolvulus arvensis L.","Convolvulus arvensis","SPECIES","ACCEPTED",100,"EXACT","Plantae","Convolvulus arvensis",6,2928390,"Convolvulus arvensis","Plantae"
"52",1229,8138711,"Apatura ilia (Denis & Schiffermüller), 1775","Apatura ilia","SPECIES","ACCEPTED",100,"EXACT","Animalia","Apatura ilia",1,8138711,"Apatura ilia","Animalia"
"53",1241,9173916,"Piptoporus betulinus (Bull.) P.Karst.","Piptoporus betulinus","SPECIES","SYNONYM",100,"EXACT","Fungi","Fomitopsis betulina",5,9819973,"Piptoporus betulinus","Fungi"
"54",1244,1537266,"Syrphus ribesii (Linnaeus, 1758)","Syrphus ribesii","SPECIES","ACCEPTED",100,"EXACT","Animalia","Syrphus ribesii",1,1537266,"Syrphus ribesii","Animalia"
"55",1294,4989904,"Harmonia axyridis (Pallas, 1773)","Harmonia axyridis","SPECIES","ACCEPTED",100,"EXACT","Animalia","Harmonia axyridis",1,4989904,"Harmonia axyridis","Animalia"
"56",1305,1920496,"Pieris rapae (Linnaeus, 1758)","Pieris rapae","SPECIES","ACCEPTED",100,"EXACT","Animalia","Pieris rapae",1,1920496,"Pieris rapae","Animalia"
"57",1352,1542830,"Eristalinus aeneus (Scopoli, 1763)","Eristalinus aeneus","SPECIES","ACCEPTED",100,"EXACT","Animalia","Eristalinus aeneus",1,1542830,"Eristalinus aeneus","Animalia"
"58",1353,1537719,"Scaeva pyrastri (Linnaeus, 1758)","Scaeva pyrastri","SPECIES","ACCEPTED",100,"EXACT","Animalia","Scaeva pyrastri",1,1537719,"Scaeva pyrastri","Animalia"
"59",1388,2548311,"Trametes versicolor (L.) Lloyd","Trametes versicolor","SPECIES","ACCEPTED",99,"EXACT","Fungi","Trametes versicolor",5,2548311,"Trametes versicolor","Fungi"
"60",1389,1541217,"Eristalis tenax (Linnaeus, 1758)","Eristalis tenax","SPECIES","ACCEPTED",99,"EXACT","Animalia","Eristalis tenax",1,1541217,"Eristalis tenax?",""
"61",1398,5219219,"Canis aureus Linnaeus, 1758","Canis aureus","SPECIES","ACCEPTED",100,"EXACT","Animalia","Canis aureus",1,5219219,"Canis aureus","Animalia"
"62",1416,9819973,"Fomitopsis betulina (Bull.) B.K.Cui, M.L.Han & Y.C.Dai","Fomitopsis betulina","SPECIES","ACCEPTED",100,"EXACT","Fungi","Fomitopsis betulina",5,9819973,"Fomitopsis betulina","Fungi"
"63",1425,5218878,"Martes martes (Linnaeus, 1758)","Martes martes","SPECIES","ACCEPTED",99,"EXACT","Animalia","Martes martes",1,5218878,"Martes martes",""
"64",1430,2490719,"Turdus merula Linnaeus, 1758","Turdus merula","SPECIES","ACCEPTED",100,"EXACT","Animalia","Turdus merula",1,2490719,"Turdus merula","Animalia"
"65",1491,7901064,"Turdus philomelos C.L.Brehm, 1831","Turdus philomelos","SPECIES","ACCEPTED",100,"EXACT","Animalia","Turdus philomelos",1,7901064,"Turdus philomelos","Animalia"
"66",1492,2492956,"Sylvia atricapilla (Linnaeus, 1758)","Sylvia atricapilla","SPECIES","ACCEPTED",100,"EXACT","Animalia","Sylvia atricapilla",1,2492956,"Sylvia atricapilla","Animalia"
"67",1493,2492462,"Erithacus rubecula (Linnaeus, 1758)","Erithacus rubecula","SPECIES","ACCEPTED",100,"EXACT","Animalia","Erithacus rubecula",1,2492462,"Erithacus rubecula","Animalia"
"68",1515,5241128,"Schizophyllum commune Fr.","Schizophyllum commune","SPECIES","ACCEPTED",100,"EXACT","Fungi","Schizophyllum commune",5,5241128,"Schizophyllum commune","Fungi"
"69",1530,7964291,"Felis silvestris Schreber, 1777","Felis silvestris","SPECIES","ACCEPTED",100,"EXACT","Animalia","Felis silvestris",1,7964291,"Felis silvestris","Animalia"
"70",1535,5766577,"Epistrophe eligans (Harris, 1780)","Epistrophe eligans","SPECIES","ACCEPTED",100,"EXACT","Animalia","Epistrophe eligans",1,5766577,"Epistrophe eligans","Animalia"
"71",1536,5766554,"Melanostoma mellina (Linnaeus, 1758)","Melanostoma mellina","SPECIES","ACCEPTED",98,"FUZZY","Animalia","Melanostoma mellina",1,5766554,"Melanostoma mellinum","Animalia"
"72",1571,1925918,"Celastrina argiolus (Linnaeus, 1758)","Celastrina argiolus","SPECIES","ACCEPTED",100,"EXACT","Animalia","Celastrina argiolus",1,1925918,"Celastrina argiolus","Animalia"
"73",1573,1539177,"Sphaerophoria scripta (Linnaeus, 1758)","Sphaerophoria scripta","SPECIES","ACCEPTED",100,"EXACT","Animalia","Sphaerophoria scripta",1,1539177,"Sphaerophoria scripta","Animalia"
"74",1579,5218887,"Martes foina (Erxleben, 1777)","Martes foina","SPECIES","ACCEPTED",99,"EXACT","Animalia","Martes foina",1,5218887,"Martes foina",""
"75",1581,2490781,"Turdus iliacus Linnaeus, 1758","Turdus iliacus","SPECIES","ACCEPTED",100,"EXACT","Animalia","Turdus iliacus",1,2490781,"Turdus iliacus","Animalia"
"76",1592,3120060,"Achillea millefolium L.","Achillea millefolium","SPECIES","ACCEPTED",99,"EXACT","Plantae","Achillea millefolium",6,3120060,"Achillea millefolium","Plantae"
"77",1624,5135513,"Maniola jurtina (Linnaeus, 1758)","Maniola jurtina","SPECIES","ACCEPTED",100,"EXACT","Animalia","Maniola jurtina",1,5135513,"Maniola jurtina","Animalia"
"78",1626,4505864,"Scolia hirta (Schrank, 1781)","Scolia hirta","SPECIES","ACCEPTED",100,"EXACT","Animalia","Scolia hirta",1,4505864,"Scolia hirta","Animalia"
"79",1647,1911461,"Coenonympha pamphilus (Linnaeus, 1758)","Coenonympha pamphilus","SPECIES","ACCEPTED",99,"EXACT","Animalia","Coenonympha pamphilus",1,1911461,"Coenonympha pamphilus","Animalia"
"80",1648,1909398,"Argynnis paphia (Linnaeus, 1758)","Argynnis paphia","SPECIES","ACCEPTED",100,"EXACT","Animalia","Argynnis paphia",1,1909398,"Argynnis paphia","Animalia"
"81",1656,1340383,"Bombus ruderatus (Fabricius, 1775)","Bombus ruderatus","SPECIES","ACCEPTED",100,"EXACT","Animalia","Bombus ruderatus",1,1340383,"Bombus ruderatus","Animalia"
"82",1659,1286739,"Amblyteles armatorius (Forster, 1771)","Amblyteles armatorius","SPECIES","ACCEPTED",100,"EXACT","Animalia","Amblyteles armatorius",1,1286739,"Amblyteles armatorius","Animalia"
"83",1665,8049830,"Pararge aegeria (Linnaeus, 1758)","Pararge aegeria","SPECIES","ACCEPTED",100,"EXACT","Animalia","Pararge aegeria",1,8049830,"Pararge aegeria","Animalia"
"84",1666,2490774,"Turdus viscivorus Linnaeus, 1758","Turdus viscivorus","SPECIES","ACCEPTED",100,"EXACT","Animalia","Turdus viscivorus",1,2490774,"Turdus viscivorus","Animalia"
"85",1721,6258028,"Mantis religiosa (Linne, 1758)","Mantis religiosa","SPECIES","ACCEPTED",100,"EXACT","Animalia","Mantis religiosa",1,6258028,"Mantis religiosa","Animalia"
"86",1724,5760758,"Philanthus triangulum (Fabricius, 1775)","Philanthus triangulum","SPECIES","ACCEPTED",100,"EXACT","Animalia","Philanthus triangulum",1,5760758,"Philanthus triangulum","Animalia"
"87",1748,4535180,"Favonius quercus (Linnaeus, 1758)","Favonius quercus","SPECIES","SYNONYM",100,"EXACT","Animalia","Quercusia quercus",1,1926324,"Favonius quercus","Animalia"
"88",1750,4485776,"Palomena prasina (Linnaeus, 1761)","Palomena prasina","SPECIES","ACCEPTED",100,"EXACT","Animalia","Palomena prasina",1,4485776,"Palomena prasina","Animalia"
"89",1752,4390084,"Gonocerus acuteangulatus (Goeze, 1778)","Gonocerus acuteangulatus","SPECIES","ACCEPTED",100,"EXACT","Animalia","Gonocerus acuteangulatus",1,4390084,"Gonocerus acuteangulatus","Animalia"
"90",1763,2876213,"Alnus glutinosa (L.) Gaertn.","Alnus glutinosa","SPECIES","ACCEPTED",99,"EXACT","Plantae","Alnus glutinosa",6,2876213,"Alnus glutinosa","Plantae"
"91",1786,1540742,"Eupeodes corollae (Fabricius, 1794)","Eupeodes corollae","SPECIES","ACCEPTED",100,"EXACT","Animalia","Eupeodes corollae",1,1540742,"Eupeodes corollae","Animalia"
"92",1787,1535529,"Meliscaeva auricollis (Meigen, 1822)","Meliscaeva auricollis","SPECIES","ACCEPTED",100,"EXACT","Animalia","Meliscaeva auricollis",1,1535529,"Meliscaeva auricollis","Animalia"
"93",1793,1340503,"Bombus terrestris (Linnaeus, 1758)","Bombus terrestris","SPECIES","ACCEPTED",100,"EXACT","Animalia","Bombus terrestris",1,1340503,"Bombus terrestris","Animalia"
"94",1799,1043572,"Propylaea quatuordecimpunctata (Linnaeus, 1758)","Propylaea quatuordecimpunctata","SPECIES","ACCEPTED",100,"EXACT","Animalia","Propylaea quatuordecimpunctata",1,1043572,"Propylaea quatuordecimpunctata","Animalia"
"95",1802,5229493,"Garrulus glandarius (Linnaeus, 1758)","Garrulus glandarius","SPECIES","ACCEPTED",100,"EXACT","Animalia","Garrulus glandarius",1,5229493,"Garrulus glandarius","Animalia"
"96",1805,2493091,"Phylloscopus collybita (Vieillot, 1817)","Phylloscopus collybita","SPECIES","ACCEPTED",100,"EXACT","Animalia","Phylloscopus collybita",1,2493091,"Phylloscopus collybita","Animalia"
"97",1806,2487879,"Cyanistes caeruleus (Linnaeus, 1758)","Cyanistes caeruleus","SPECIES","ACCEPTED",100,"EXACT","Animalia","Cyanistes caeruleus",1,2487879,"Cyanistes caeruleus","Animalia"
"98",1807,9705453,"Parus major Linnaeus, 1758","Parus major","SPECIES","ACCEPTED",100,"EXACT","Animalia","Parus major",1,9705453,"Parus major","Animalia"
"99",1809,2480830,"Bubulcus ibis (Linnaeus, 1758)","Bubulcus ibis","SPECIES","ACCEPTED",100,"EXACT","Animalia","Bubulcus ibis",1,2480830,"Bubulcus ibis","Animalia"
"100",1818,1536449,"Episyrphus balteatus (De Geer, 1776)","Episyrphus balteatus","SPECIES","ACCEPTED",99,"EXACT","Animalia","Episyrphus balteatus",1,1536449,"Episyrphus balteatus",""
"101",1819,5352251,"Robinia pseudoacacia L.","Robinia pseudoacacia","SPECIES","ACCEPTED",100,"EXACT","Plantae","Robinia pseudoacacia",6,5352251,"Robinia pseudoacacia","Plantae"
"102",1837,2550247,"Sparassis crispa (Wulfen) Fr.","Sparassis crispa","SPECIES","ACCEPTED",99,"EXACT","Fungi","Sparassis crispa",5,2550247,"Sparassis crispa","Fungi"
"103",1841,1340405,"Bombus pascuorum (Scopoli, 1763)","Bombus pascuorum","SPECIES","ACCEPTED",100,"EXACT","Animalia","Bombus pascuorum",1,1340405,"Bombus pascuorum","Animalia"
"104",1889,5030775,"Ichneumon sarcitorius Linnaeus, 1758","Ichneumon sarcitorius","SPECIES","ACCEPTED",100,"EXACT","Animalia","Ichneumon sarcitorius",1,5030775,"Ichneumon sarcitorius","Animalia"
"105",1890,4485843,"Halyomorpha halys (Stål, 1855)","Halyomorpha halys","SPECIES","ACCEPTED",100,"EXACT","Animalia","Halyomorpha halys",1,4485843,"Halyomorpha halys","Animalia"
"106",1906,8351737,"Hedera helix L.","Hedera helix","SPECIES","ACCEPTED",99,"EXACT","Plantae","Hedera helix",6,8351737,"Hedera helix","Plantae"
"107",1930,9809229,"Sturnus vulgaris Linnaeus, 1758","Sturnus vulgaris","SPECIES","ACCEPTED",100,"EXACT","Animalia","Sturnus vulgaris",1,9809229,"Sturnus vulgaris","Animalia"
"108",1931,2494543,"Pyrrhula pyrrhula (Linnaeus, 1758)","Pyrrhula pyrrhula","SPECIES","ACCEPTED",100,"EXACT","Animalia","Pyrrhula pyrrhula",1,2494543,"Pyrrhula pyrrhula","Animalia"
"109",1932,2494422,"Fringilla coelebs Linnaeus, 1758","Fringilla coelebs","SPECIES","ACCEPTED",100,"EXACT","Animalia","Fringilla coelebs",1,2494422,"Fringilla coelebs","Animalia"
"110",1937,2490737,"Turdus pilaris Linnaeus, 1758","Turdus pilaris","SPECIES","ACCEPTED",100,"EXACT","Animalia","Turdus pilaris",1,2490737,"Turdus pilaris","Animalia"
"111",1938,2492942,"Sylvia borin (Boddaert, 1783)","Sylvia borin","SPECIES","ACCEPTED",100,"EXACT","Animalia","Sylvia borin",1,2492942,"Sylvia borin","Animalia"
"112",1953,1792418,"Autographa gamma (Linnaeus, 1758)","Autographa gamma","SPECIES","ACCEPTED",99,"EXACT","Animalia","Autographa gamma",1,1792418,"Autographa gamma","Animalia"
"113",1957,1882210,"Loxostege sticticalis Linnaeus, 1761","Loxostege sticticalis","SPECIES","ACCEPTED",99,"EXACT","Animalia","Loxostege sticticalis",1,1882210,"Loxostege sticticalis","Animalia"
"114",1963,1930110,"Thecla betulae (Linnaeus, 1758)","Thecla betulae","SPECIES","ACCEPTED",100,"EXACT","Animalia","Thecla betulae",1,1930110,"Thecla betulae","Animalia"
"115",2000,1541763,"Volucella bombylans (Linnaeus, 1758)","Volucella bombylans","SPECIES","ACCEPTED",100,"EXACT","Animalia","Volucella bombylans",1,1541763,"Volucella bombylans","Animalia"
"116",2018,5372513,"Salix alba L.","Salix alba","SPECIES","ACCEPTED",99,"EXACT","Plantae","Salix alba",6,5372513,"Salix alba","Plantae"
"117",2019,5358748,"Trifolium repens L.","Trifolium repens","SPECIES","ACCEPTED",99,"EXACT","Plantae","Trifolium repens",6,5358748,"Trifolium repens","Plantae"
"118",2025,5218887,"Martes foina (Erxleben, 1777)","Martes foina","SPECIES","ACCEPTED",100,"EXACT","Animalia","Martes foina",1,5218887,"Martes foina","Animalia"
"119",2028,5130682,"Nymphalis antiopa (Linnaeus, 1758)","Nymphalis antiopa","SPECIES","ACCEPTED",100,"EXACT","Animalia","Nymphalis antiopa",1,5130682,"Nymphalis antiopa","Animalia"
"120",2031,5071382,"Helophilus trivittatus (Fabricius, 1805)","Helophilus trivittatus","SPECIES","ACCEPTED",100,"EXACT","Animalia","Helophilus trivittatus",1,5071382,"Helophilus trivittatus","Animalia"
"121",2039,4535827,"Aglais io (Linnaeus, 1758)","Aglais io","SPECIES","ACCEPTED",100,"EXACT","Animalia","Aglais io",1,4535827,"Aglais io","Animalia"
"122",2041,4485987,"Elasmucha grisea (Linnaeus, 1758)","Elasmucha grisea","SPECIES","ACCEPTED",100,"EXACT","Animalia","Elasmucha grisea",1,4485987,"Elasmucha grisea","Animalia"
"123",2063,10990852,"Lecidella elaeochroma (Ach.) M.Choisy","Lecidella elaeochroma","SPECIES","ACCEPTED",100,"EXACT","Fungi","Lecidella elaeochroma",5,10990852,"Lecidella elaeochroma","Fungi"
"124",2088,1932976,"Leptotes pirithous (Linnaeus, 1767)","Leptotes pirithous","SPECIES","ACCEPTED",100,"EXACT","Animalia","Leptotes pirithous",1,1932976,"Leptotes pirithous","Animalia"
"125",2090,1920506,"Pieris brassicae (Linnaeus, 1758)","Pieris brassicae","SPECIES","ACCEPTED",100,"EXACT","Animalia","Pieris brassicae",1,1920506,"Pieris brassicae","Animalia"
"126",2103,1524265,"Graphomya maculata (Scopoli, 1763)","Graphomya maculata","SPECIES","ACCEPTED",99,"EXACT","Animalia","Graphomya maculata",1,1524265,"Graphomya maculata","Animalia"
"127",2121,5218911,"Mustela putorius Linnaeus, 1758","Mustela putorius","SPECIES","ACCEPTED",99,"EXACT","Animalia","Mustela putorius",1,5218911,"Mustela putorius",""
"128",2128,2487843,"Poecile palustris (Linnaeus, 1758)","Poecile palustris","SPECIES","ACCEPTED",100,"EXACT","Animalia","Poecile palustris",1,2487843,"Poecile palustris","Animalia"
"129",2129,2495455,"Columba palumbus Linnaeus, 1758","Columba palumbus","SPECIES","ACCEPTED",100,"EXACT","Animalia","Columba palumbus",1,2495455,"Columba palumbus","Animalia"
"130",2143,1670212,"Bombylius major Linnaeus, 1758","Bombylius major","SPECIES","ACCEPTED",100,"EXACT","Animalia","Bombylius major",1,1670212,"Bombylius major","Animalia"
"131",2182,8068867,"Fomes fomentarius (L.) Fr.","Fomes fomentarius","SPECIES","ACCEPTED",99,"EXACT","Fungi","Fomes fomentarius",5,8068867,"Fomes fomentarius","Fungi"
"132",2213,7437802,"Graphosoma italicum (O.F.Müller, 1766)","Graphosoma italicum","SPECIES","ACCEPTED",100,"EXACT","Animalia","Graphosoma italicum",1,7437802,"Graphosoma italicum","Animalia"
"133",2249,5039293,"Osmia cornuta (Latreille, 1805)","Osmia cornuta","SPECIES","ACCEPTED",100,"EXACT","Animalia","Osmia cornuta",1,5039293,"Osmia cornuta","Animalia"
"134",2258,4535529,"Brintesia circe (Fabricius, 1775)","Brintesia circe","SPECIES","SYNONYM",100,"EXACT","Animalia","Loweia tityrus",1,1924494,"Brintesia circe","Animalia"
"135",2259,4528774,"Dasycera oliviella (Fabricius, 1794)","Dasycera oliviella","SPECIES","SYNONYM",100,"EXACT","Animalia","Dafa oliviella",1,1835031,"Dasycera oliviella","Animalia"
"136",2260,4525266,"Eriogaster lanestris Linnaeus, 1758","Eriogaster lanestris","SPECIES","ACCEPTED",100,"EXACT","Animalia","Eriogaster lanestris",1,4525266,"Eriogaster lanestris","Animalia"
"137",2285,2889828,"Viscum album L.","Viscum album","SPECIES","ACCEPTED",99,"EXACT","Plantae","Viscum album",6,2889828,"Viscum album","Plantae"
"138",2321,1932411,"Callophrys rubi (Linnaeus, 1758)","Callophrys rubi","SPECIES","ACCEPTED",100,"EXACT","Animalia","Callophrys rubi",1,1932411,"Callophrys rubi","Animalia"
"139",2322,1920494,"Pieris napi (Linnaeus, 1758)","Pieris napi","SPECIES","ACCEPTED",100,"EXACT","Animalia","Pieris napi",1,1920494,"Pieris napi","Animalia"
"140",2337,1537717,"Scaeva selenitica (Meigen, 1822)","Scaeva selenitica","SPECIES","ACCEPTED",100,"EXACT","Animalia","Scaeva selenitica",1,1537717,"Scaeva selenitica","Animalia"
"141",2338,1535990,"Chrysotoxum cautum (Harris, 1778)","Chrysotoxum cautum","SPECIES","ACCEPTED",100,"EXACT","Animalia","Chrysotoxum cautum",1,1535990,"Chrysotoxum cautum","Animalia"
"142",2366,5231198,"Passer montanus (Linnaeus, 1758)","Passer montanus","SPECIES","ACCEPTED",100,"EXACT","Animalia","Passer montanus",1,5231198,"Passer montanus","Animalia"
"143",2367,2494329,"Coccothraustes coccothraustes (Linnaeus, 1758)","Coccothraustes coccothraustes","SPECIES","ACCEPTED",100,"EXACT","Animalia","Coccothraustes coccothraustes",1,2494329,"Coccothraustes coccothraustes","Animalia"
"144",2382,5229490,"Pica pica (Linnaeus, 1758)","Pica pica","SPECIES","ACCEPTED",100,"EXACT","Animalia","Pica pica",1,5229490,"Pica pica","Animalia"
"145",2388,7865305,"Turdus torquatus Linnaeus, 1758","Turdus torquatus","SPECIES","ACCEPTED",100,"EXACT","Animalia","Turdus torquatus",1,7865305,"Turdus torquatus","Animalia"
"146",2389,2492960,"Sylvia curruca (Linnaeus, 1758)","Sylvia curruca","SPECIES","ACCEPTED",100,"EXACT","Animalia","Sylvia curruca",1,2492960,"Sylvia curruca","Animalia"
"147",2390,2492943,"Sylvia communis Latham, 1787","Sylvia communis","SPECIES","ACCEPTED",100,"EXACT","Animalia","Sylvia communis",1,2492943,"Sylvia communis","Animalia"
"148",2391,5739317,"Phoenicurus phoenicurus (Linnaeus, 1758)","Phoenicurus phoenicurus","SPECIES","ACCEPTED",100,"EXACT","Animalia","Phoenicurus phoenicurus",1,5739317,"Phoenicurus phoenicurus","Animalia"
"149",2392,5739315,"Phoenicurus ochruros (S.G.Gmelin, 1774)","Phoenicurus ochruros","SPECIES","ACCEPTED",100,"EXACT","Animalia","Phoenicurus ochruros",1,5739315,"Phoenicurus ochruros","Animalia"
"150",2393,2494686,"Carduelis carduelis (Linnaeus, 1758)","Carduelis carduelis","SPECIES","ACCEPTED",100,"EXACT","Animalia","Carduelis carduelis",1,2494686,"Carduelis carduelis","Animalia"
"151",2416,1533710,"Chalcosyrphus nemorum (Fabricius, 1805)","Chalcosyrphus nemorum","SPECIES","ACCEPTED",100,"EXACT","Animalia","Chalcosyrphus nemorum",1,1533710,"Chalcosyrphus nemorum","Animalia"
"152",2427,1759083,"Lacanobia oleracea Linnaeus, 1758","Lacanobia oleracea","SPECIES","ACCEPTED",100,"EXACT","Animalia","Lacanobia oleracea",1,1759083,"Lacanobia oleracea","Animalia"
"153",2441,2433875,"Meles meles (Linnaeus, 1758)","Meles meles","SPECIES","ACCEPTED",100,"EXACT","Animalia","Meles meles",1,2433875,"Meles meles","Animalia"
"154",2450,1920218,"Aporia crataegi (Linnaeus, 1758)","Aporia crataegi","SPECIES","ACCEPTED",100,"EXACT","Animalia","Aporia crataegi",1,1920218,"Aporia crataegi","Animalia"
"155",2452,1902749,"Brenthis ino (von Rottemburg, 1775)","Brenthis ino","SPECIES","ACCEPTED",99,"EXACT","Animalia","Brenthis ino",1,1902749,"Brenthis ino",""
"156",2477,5845582,"Chloris chloris (Linnaeus, 1758)","Chloris chloris","SPECIES","ACCEPTED",100,"EXACT","Animalia","Chloris chloris",1,5845582,"Chloris chloris","Animalia"
"157",2607,7887483,"Prionus coriarius (Linnaeus, 1758)","Prionus coriarius","SPECIES","ACCEPTED",99,"EXACT","Animalia","Prionus coriarius",1,7887483,"Prionus coriarius","Animalia"
"158",2746,8197849,"Xanthoria parietina (L.) Th.Fr.","Xanthoria parietina","SPECIES","ACCEPTED",99,"EXACT","Fungi","Xanthoria parietina",5,8197849,"Xanthoria parietina","Fungi"
"159",2794,2477968,"Dendrocopos major (Linnaeus, 1758)","Dendrocopos major","SPECIES","ACCEPTED",100,"EXACT","Animalia","Dendrocopos major",1,2477968,"Dendrocopos major","Animalia"
"160",2804,2078821,"Piezodorus lituratus (Fabricius, 1794)","Piezodorus lituratus","SPECIES","ACCEPTED",100,"EXACT","Animalia","Piezodorus lituratus",1,2078821,"Piezodorus lituratus","Animalia"
"161",2818,2007673,"Kleidocerys resedae (Panzer, 1793)","Kleidocerys resedae","SPECIES","ACCEPTED",100,"EXACT","Animalia","Kleidocerys resedae",1,2007673,"Kleidocerys resedae","Animalia"
"162",2824,5882980,"Satyrium pruni (Linnaeus, 1758)","Satyrium pruni","SPECIES","SYNONYM",100,"EXACT","Animalia","Fixsenia pruni",1,1931779,"Satyrium pruni","Animalia"
"163",2836,1759153,"Atethmia centrago (Haworth, 1809)","Atethmia centrago","SPECIES","ACCEPTED",100,"EXACT","Animalia","Atethmia centrago",1,1759153,"Atethmia centrago","Animalia"
"164",2847,1541562,"Xylota segnis (Linnaeus, 1758)","Xylota segnis","SPECIES","ACCEPTED",100,"EXACT","Animalia","Xylota segnis",1,1541562,"Xylota segnis","Animalia"
"165",2848,1541441,"Mallota florea (Linnaeus, 1758)","Mallota florea","SPECIES","SYNONYM",100,"EXACT","Animalia","Myathropa florea",1,4516754,"Mallota florea","Animalia"
"166",2893,1136888,"Pachytodes cerambyciformis (Schrank, 1781)","Pachytodes cerambyciformis","SPECIES","ACCEPTED",100,"EXACT","Animalia","Pachytodes cerambyciformis",1,1136888,"Pachytodes cerambyciformis","Animalia"
"167",2904,5231190,"Passer domesticus (Linnaeus, 1758)","Passer domesticus","SPECIES","ACCEPTED",100,"EXACT","Animalia","Passer domesticus",1,5231190,"Passer domesticus","Animalia"
"168",2925,2488949,"Oriolus oriolus (Linnaeus, 1758)","Oriolus oriolus","SPECIES","ACCEPTED",100,"EXACT","Animalia","Oriolus oriolus",1,2488949,"Oriolus oriolus","Animalia"
"169",2926,2492606,"Ficedula hypoleuca (Pallas, 1764)","Ficedula hypoleuca","SPECIES","ACCEPTED",100,"EXACT","Animalia","Ficedula hypoleuca",1,2492606,"Ficedula hypoleuca","Animalia"
"170",2927,2492576,"Muscicapa striata (Pallas, 1764)","Muscicapa striata","SPECIES","ACCEPTED",100,"EXACT","Animalia","Muscicapa striata",1,2492576,"Muscicapa striata","Animalia"
"171",3032,5357013,"Lotus corniculatus L.","Lotus corniculatus","SPECIES","ACCEPTED",100,"EXACT","Plantae","Lotus corniculatus",6,5357013,"Lotus corniculatus","Plantae"
"172",3069,2959443,"Gleditsia triacanthos L.","Gleditsia triacanthos","SPECIES","ACCEPTED",100,"EXACT","Plantae","Gleditsia triacanthos",6,2959443,"Gleditsia triacanthos","Plantae"
"173",3076,5101394,"Cossus cossus Linnaeus, 1758","Cossus cossus","SPECIES","ACCEPTED",99,"EXACT","Animalia","Cossus cossus",1,5101394,"Cossus cossus","Animalia"
"174",3092,1975897,"Biston betularia (Linnaeus, 1758)","Biston betularia","SPECIES","ACCEPTED",100,"EXACT","Animalia","Biston betularia",1,1975897,"Biston betularia","Animalia"
"175",3118,8140883,"Brenthis daphne (Denis & Schiffermüller), 1775","Brenthis daphne","SPECIES","ACCEPTED",98,"EXACT","Animalia","Brenthis daphne",1,8140883,"Brenthis daphne",""
"176",3149,1898286,"Vanessa atalanta (Linnaeus, 1758)","Vanessa atalanta","SPECIES","ACCEPTED",97,"EXACT","Animalia","Vanessa atalanta",1,1898286,"Vanessa atalanta",""
"177",3252,5137578,"Colias erate (Esper, 1805)","Colias erate","SPECIES","ACCEPTED",99,"EXACT","Animalia","Colias erate",1,5137578,"Colias erate ",""
"178",3288,5243647,"Oudemansiella mucida (Schrad.) Höhn.","Oudemansiella mucida","SPECIES","SYNONYM",100,"EXACT","Fungi","Mucidula mucida",5,2537081,"Oudemansiella mucida","Fungi"
"179",3311,8109173,"Pyrgus malvae (Linnaeus, 1758)","Pyrgus malvae","SPECIES","ACCEPTED",100,"EXACT","Animalia","Pyrgus malvae",1,8109173,"Pyrgus malvae","Animalia"
"180",3322,7705930,"Sus scrofa Linnaeus, 1758","Sus scrofa","SPECIES","ACCEPTED",100,"EXACT","Animalia","Sus scrofa",1,7705930,"Sus scrofa","Animalia"
"181",3354,6100954,"Coloeus monedula (Linnaeus, 1758)","Coloeus monedula","SPECIES","ACCEPTED",100,"EXACT","Animalia","Coloeus monedula",1,6100954,"Coloeus monedula","Animalia"
"182",3366,5882969,"Satyrium ilicis (Esper, 1779)","Satyrium ilicis","SPECIES","SYNONYM",100,"EXACT","Animalia","Nordmannia ilicis",1,5138681,"Satyrium ilicis","Animalia"
"183",3368,5820507,"Cerambyx cerdo Linnaeus, 1758","Cerambyx cerdo","SPECIES","ACCEPTED",100,"EXACT","Animalia","Cerambyx cerdo",1,5820507,"Cerambyx cerdo","Animalia"
"184",3424,5119245,"Phalera bucephala Linnaeus, 1758","Phalera bucephala","SPECIES","ACCEPTED",100,"EXACT","Animalia","Phalera bucephala",1,5119245,"Phalera bucephala","Animalia"
"185",3430,5048805,"Empusa fasciata Brulle, 1832","Empusa fasciata","SPECIES","ACCEPTED",100,"EXACT","Animalia","Empusa fasciata",1,5048805,"Empusa fasciata","Animalia"
"186",3449,4524376,"Camptogramma bilineata (Linnaeus, 1758)","Camptogramma bilineata","SPECIES","ACCEPTED",100,"EXACT","Animalia","Camptogramma bilineata",1,4524376,"Camptogramma bilineata","Animalia"
"187",3473,10480031,"Rutpela maculata (Poda, 1761)","Rutpela maculata","SPECIES","ACCEPTED",100,"EXACT","Animalia","Rutpela maculata",1,10480031,"Rutpela maculata","Animalia"
"188",3475,4452254,"Halyzia sedecimguttata (Linnaeus, 1758)","Halyzia sedecimguttata","SPECIES","ACCEPTED",100,"EXACT","Animalia","Halyzia sedecimguttata",1,4452254,"Halyzia sedecimguttata","Animalia"
"189",3480,3924597,"Aconitum hosteanum Schur","Aconitum hosteanum","SPECIES","SYNONYM",100,"EXACT","Plantae","Aconitum lycoctonum",6,3033675,"Aconitum hosteanum","Plantae"
"190",3527,3189866,"Acer negundo L.","Acer negundo","SPECIES","ACCEPTED",100,"EXACT","Plantae","Acer negundo",6,3189866,"Acer negundo","Plantae"
"191",3529,3152373,"Malva neglecta Wallr.","Malva neglecta","SPECIES","ACCEPTED",100,"EXACT","Plantae","Malva neglecta",6,3152373,"Malva neglecta","Plantae"
"192",3534,3033675,"Aconitum lycoctonum L.","Aconitum lycoctonum","SPECIES","ACCEPTED",99,"EXACT","Plantae","Aconitum lycoctonum",6,3033675,"Aconitum lycoctonum","Plantae"
"193",3541,2888728,"Sambucus nigra L.","Sambucus nigra","SPECIES","ACCEPTED",99,"EXACT","Plantae","Sambucus nigra",6,2888728,"Sambucus nigra","Plantae"
"194",3542,2882316,"Fagus sylvatica L.","Fagus sylvatica","SPECIES","ACCEPTED",100,"EXACT","Plantae","Fagus sylvatica",6,2882316,"Fagus sylvatica","Plantae"
"195",3544,2849427,"Orchis mascula (L.) L.","Orchis mascula","SPECIES","ACCEPTED",99,"EXACT","Plantae","Orchis mascula",6,2849427,"Orchis mascula","Plantae"
"196",3545,2816250,"Neottia ovata (L.) Bluff & Fingerh.","Neottia ovata","SPECIES","ACCEPTED",99,"EXACT","Plantae","Neottia ovata",6,2816250,"Neottia ovata","Plantae"
"197",3546,2810677,"Dactylorhiza fuchsii (Druce) Soó","Dactylorhiza fuchsii","SPECIES","SYNONYM",100,"EXACT","Plantae","Dactylorhiza maculata",6,8179794,"Dactylorhiza fuchsii","Plantae"
"198",3562,2608944,"Physcia tenella (Scop.) DC.","Physcia tenella","SPECIES","ACCEPTED",100,"EXACT","Fungi","Physcia tenella",5,2608944,"Physcia tenella","Fungi"
"199",3644,2484916,"Sitta europaea Linnaeus, 1758","Sitta europaea","SPECIES","ACCEPTED",100,"EXACT","Animalia","Sitta europaea",1,2484916,"Sitta europaea","Animalia"
"200",3646,2479226,"Psittacula krameri (Scopoli, 1769)","Psittacula krameri","SPECIES","ACCEPTED",100,"EXACT","Animalia","Psittacula krameri",1,2479226,"Psittacula krameri","Animalia"
"201",3647,2478523,"Picus viridis Linnaeus, 1758","Picus viridis","SPECIES","ACCEPTED",100,"EXACT","Animalia","Picus viridis",1,2478523,"Picus viridis","Animalia"
"202",3659,2078852,"Nezara viridula (Linnaeus, 1758)","Nezara viridula","SPECIES","ACCEPTED",100,"EXACT","Animalia","Nezara viridula",1,2078852,"Nezara viridula","Animalia"
"203",3672,1946844,"Ochlodes sylvanus (Esper, 1777)","Ochlodes sylvanus","SPECIES","SYNONYM",100,"EXACT","Animalia","Ochlodes venata",1,7389824,"Ochlodes sylvanus","Animalia"
"204",3673,1945597,"Spialia orbifer (Hübner, 1823)","Spialia orbifer","SPECIES","SYNONYM",100,"EXACT","Animalia","Spialia sertorius",1,1945569,"Spialia orbifer","Animalia"
"205",3685,8035998,"Hipparchia statilinus Hufnagel, 1766","Hipparchia statilinus","SPECIES","ACCEPTED",100,"EXACT","Animalia","Hipparchia statilinus",1,8035998,"Hipparchia statilinus","Animalia"
"206",3692,1862719,"Hyles euphorbiae Linnaeus, 1758","Hyles euphorbiae","SPECIES","ACCEPTED",99,"EXACT","Animalia","Hyles euphorbiae",1,1862719,"Hyles euphorbiae","Animalia"
"207",3710,1692898,"Tettigonia viridissima (Linnaeus, 1758)","Tettigonia viridissima","SPECIES","ACCEPTED",100,"EXACT","Animalia","Tettigonia viridissima",1,1692898,"Tettigonia viridissima","Animalia"
"208",3711,1690432,"Meconema thalassinum (De Geer, 1773)","Meconema thalassinum","SPECIES","ACCEPTED",100,"EXACT","Animalia","Meconema thalassinum",1,1690432,"Meconema thalassinum","Animalia"
"209",3712,1669519,"Hemipenthes morio (Linnaeus, 1758)","Hemipenthes morio","SPECIES","ACCEPTED",100,"EXACT","Animalia","Hemipenthes morio",1,1669519,"Hemipenthes morio","Animalia"
"210",3717,1576923,"Chloromyia formosa (Scopoli, 1763)","Chloromyia formosa","SPECIES","ACCEPTED",100,"EXACT","Animalia","Chloromyia formosa",1,1576923,"Chloromyia formosa","Animalia"
"211",3719,1556243,"Scathophaga stercoraria (Linnaeus, 1758)","Scathophaga stercoraria","SPECIES","ACCEPTED",100,"EXACT","Animalia","Scathophaga stercoraria",1,1556243,"Scathophaga stercoraria","Animalia"
"212",3721,1542979,"Ferdinandea cuprea (Scopoli, 1763)","Ferdinandea cuprea","SPECIES","ACCEPTED",100,"EXACT","Animalia","Ferdinandea cuprea",1,1542979,"Ferdinandea cuprea","Animalia"
"213",3722,1541740,"Volucella inanis (Linnaeus, 1758)","Volucella inanis","SPECIES","ACCEPTED",100,"EXACT","Animalia","Volucella inanis",1,1541740,"Volucella inanis","Animalia"
"214",3724,1540875,"Eupeodes luniger (Meigen, 1822)","Eupeodes luniger","SPECIES","ACCEPTED",100,"EXACT","Animalia","Eupeodes luniger",1,1540875,"Eupeodes luniger","Animalia"
"215",3725,1538870,"Temnostoma vespiforme (Linnaeus, 1758)","Temnostoma vespiforme","SPECIES","ACCEPTED",100,"EXACT","Animalia","Temnostoma vespiforme",1,1538870,"Temnostoma vespiforme","Animalia"
"216",3726,1537212,"Syrphus vitripennis Meigen, 1822","Syrphus vitripennis","SPECIES","ACCEPTED",100,"EXACT","Animalia","Syrphus vitripennis",1,1537212,"Syrphus vitripennis","Animalia"
"217",3768,1310811,"Polistes nimpha (Christ, 1791)","Polistes nimpha","SPECIES","ACCEPTED",100,"EXACT","Animalia","Polistes nimpha",1,1310811,"Polistes nimpha","Animalia"
"218",3786,5877963,"Exochomus quadripustulatus (Linnaeus, 1758)","Exochomus quadripustulatus","SPECIES","SYNONYM",100,"EXACT","Animalia","Brumus quadripustulatus",1,1043102,"Exochomus quadripustulatus","Animalia"
"219",3806,2487866,"Poecile montanus (Conrad von Baldenstein, 1827)","Poecile montanus","SPECIES","ACCEPTED",100,"EXACT","Animalia","Poecile montanus",1,2487866,"Poecile montanus","Animalia"
"220",3814,1896841,"Aphantopus hyperantus (Linnaeus, 1758)","Aphantopus hyperantus","SPECIES","ACCEPTED",100,"EXACT","Animalia","Aphantopus hyperantus",1,1896841,"Aphantopus hyperantus","Animalia"
"221",3822,2481621,"Stercorarius parasiticus (Linnaeus, 1758)","Stercorarius parasiticus","SPECIES","ACCEPTED",100,"EXACT","Animalia","Stercorarius parasiticus",1,2481621,"Stercorarius parasiticus","Animalia"
"222",3846,5219057,"Mustela eversmanii Lesson, 1827","Mustela eversmanii","SPECIES","ACCEPTED",99,"EXACT","Animalia","Mustela eversmanii",1,5219057,"Mustela eversmanii","Animalia"
"223",3874,1536716,"Chrysogaster solstitialis (Fallén, 1817)","Chrysogaster solstitialis","SPECIES","ACCEPTED",100,"EXACT","Animalia","Chrysogaster solstitialis",1,1536716,"Chrysogaster solstitialis","Animalia"
"224",3880,8324121,"Trifolium pratense L.","Trifolium pratense","SPECIES","ACCEPTED",100,"EXACT","Plantae","Trifolium pratense",6,8324121,"Trifolium pratense","Plantae"
"225",3905,5421338,"Dictamnus albus L.","Dictamnus albus","SPECIES","ACCEPTED",99,"EXACT","Plantae","Dictamnus albus",6,5421338,"Dictamnus albus",""
"226",3906,2926557,"Glechoma hederacea L.","Glechoma hederacea","SPECIES","ACCEPTED",100,"EXACT","Plantae","Glechoma hederacea",6,2926557,"Glechoma hederacea","Plantae"
"227",3911,3118274,"Tanacetum vulgare L.","Tanacetum vulgare","SPECIES","ACCEPTED",100,"EXACT","Plantae","Tanacetum vulgare",6,3118274,"Tanacetum vulgare","Plantae"
"228",3915,1881151,"Nomophila noctuella (Denis & Schiffermüller)","Nomophila noctuella","SPECIES","ACCEPTED",100,"EXACT","Animalia","Nomophila noctuella",1,1881151,"Nomophila noctuella","Animalia"
"229",3928,9485490,"Erodium cicutarium (L.) L'Hér.","Erodium cicutarium","SPECIES","ACCEPTED",99,"EXACT","Plantae","Erodium cicutarium",6,9485490,"Erodium cicutarium","Plantae"
"230",3943,5218987,"Mustela nivalis Linnaeus, 1766","Mustela nivalis","SPECIES","ACCEPTED",99,"EXACT","Animalia","Mustela nivalis",1,5218987,"Mustela nivalis",""
"231",3945,2433709,"Vormela peregusna (Güldenstädt, 1770)","Vormela peregusna","SPECIES","ACCEPTED",100,"EXACT","Animalia","Vormela peregusna",1,2433709,"Vormela peregusna","Animalia"
"232",3981,7762841,"Nymphalis polychloros (Linnaeus, 1758)","Nymphalis polychloros","SPECIES","ACCEPTED",100,"EXACT","Animalia","Nymphalis polychloros",1,7762841,"Nymphalis polychloros","Animalia"
"233",3992,2606178,"Flavoparmelia caperata (L.) Hale","Flavoparmelia caperata","SPECIES","ACCEPTED",100,"EXACT","Fungi","Flavoparmelia caperata",5,2606178,"Flavoparmelia caperata","Fungi"
"234",3999,2795869,"Cephalanthera longifolia (L.) Fritsch","Cephalanthera longifolia","SPECIES","ACCEPTED",100,"EXACT","Plantae","Cephalanthera longifolia",6,2795869,"Cephalanthera longifolia","Plantae"
"235",4000,2795952,"Cephalanthera damasonium (Mill.) Druce","Cephalanthera damasonium","SPECIES","ACCEPTED",100,"EXACT","Plantae","Cephalanthera damasonium",6,2795952,"Cephalanthera damasonium","Plantae"
"236",4001,2857601,"Allium ursinum L.","Allium ursinum","SPECIES","ACCEPTED",100,"EXACT","Plantae","Allium ursinum",6,2857601,"Allium ursinum","Plantae"
"237",4072,5219019,"Mustela erminea Linnaeus, 1758","Mustela erminea","SPECIES","ACCEPTED",100,"EXACT","Animalia","Mustela erminea",1,5219019,"Mustela erminea","Animalia"
"238",4121,5743112,"Dorcus parallelipipedus (Linnaeus, 1758)","Dorcus parallelipipedus","SPECIES","ACCEPTED",100,"EXACT","Animalia","Dorcus parallelipipedus",1,5743112,"Dorcus parallelipipedus","Animalia"
"239",4127,1344087,"Anthophora plumipes (Pallas, 1772)","Anthophora plumipes","SPECIES","ACCEPTED",99,"EXACT","Animalia","Anthophora plumipes",1,1344087,"Anthophora plumipes","Animalia"
"240",4136,2150764,"Pisaura mirabilis (Clerck, 1757)","Pisaura mirabilis","SPECIES","ACCEPTED",100,"EXACT","Animalia","Pisaura mirabilis",1,2150764,"Pisaura mirabilis","Animalia"
"241",4161,4459759,"Chrysomela aenea Linnaeus, 1758","Chrysomela aenea","SPECIES","SYNONYM",100,"EXACT","Animalia","Plagiosterna aenea",1,4459758,"Chrysomela aenea","Animalia"
"242",4183,5759055,"Liocoris tripustulatus (Fabricius, 1781)","Liocoris tripustulatus","SPECIES","ACCEPTED",100,"EXACT","Animalia","Liocoris tripustulatus",1,5759055,"Liocoris tripustulatus","Animalia"
"243",4185,4485802,"Carpocoris mediterraneus Tamanini, 1958","Carpocoris mediterraneus","SPECIES","ACCEPTED",100,"EXACT","Animalia","Carpocoris mediterraneus",1,4485802,"Carpocoris mediterraneus","Animalia"
"244",4193,1771214,"Agrotis exclamationis (Linnaeus, 1758)","Agrotis exclamationis","SPECIES","ACCEPTED",100,"EXACT","Animalia","Agrotis exclamationis",1,1771214,"Agrotis exclamationis","Animalia"
"245",4229,9128025,"Rhagium mordax (Degeer, 1775)","Rhagium mordax","SPECIES","ACCEPTED",99,"EXACT","Animalia","Rhagium mordax",1,9128025,"Rhagium mordax","Animalia"
"246",4273,8216511,"Anoplodera sexguttata (Fabricius, 1775)","Anoplodera sexguttata","SPECIES","ACCEPTED",99,"EXACT","Animalia","Anoplodera sexguttata",1,8216511,"Anoplodera sexguttata","Animalia"
"247",4337,7251037,"Physcia adscendens H.Olivier","Physcia adscendens","SPECIES","ACCEPTED",100,"EXACT","Fungi","Physcia adscendens",5,7251037,"Physcia adscendens","Fungi"
"248",4357,6871058,"Acanthis cabaret (Müller & Pls, 1776)","Acanthis cabaret","SPECIES","SYNONYM",100,"EXACT","Animalia","Acanthis flammea",1,5231630,"Acanthis cabaret","Animalia"
"249",4378,4485782,"Peribalus strictus (Fabricius, 1803)","Peribalus strictus","SPECIES","SYNONYM",100,"EXACT","Animalia","Holcostethus strictus",1,6096794,"Peribalus strictus","Animalia"
"250",4379,6096794,"Holcostethus strictus (Fabricius, 1803)","Holcostethus strictus","SPECIES","ACCEPTED",100,"EXACT","Animalia","Holcostethus strictus",1,6096794,"Holcostethus strictus","Animalia"
"251",4381,6093527,"Regulus ignicapilla (Temminck, 1820)","Regulus ignicapilla","SPECIES","ACCEPTED",100,"EXACT","Animalia","Regulus ignicapilla",1,6093527,"Regulus ignicapilla","Animalia"
"252",4396,5959617,"Coronella austriaca Laurenti, 1768","Coronella austriaca","SPECIES","ACCEPTED",100,"EXACT","Animalia","Coronella austriaca",1,5959617,"Coronella austriaca","Animalia"
"253",4405,5866246,"Acanthosoma haemorrhoidale (Linnaeus, 1758)","Acanthosoma haemorrhoidale","SPECIES","ACCEPTED",100,"EXACT","Animalia","Acanthosoma haemorrhoidale",1,5866246,"Acanthosoma haemorrhoidale","Animalia"
"254",4406,9444556,"Lanius excubitor Linnaeus, 1758","Lanius excubitor","SPECIES","ACCEPTED",100,"EXACT","Animalia","Lanius excubitor",1,9444556,"Lanius excubitor","Animalia"
"255",4414,5766579,"Epistrophe nitidicollis (Meigen, 1822)","Epistrophe nitidicollis","SPECIES","ACCEPTED",100,"EXACT","Animalia","Epistrophe nitidicollis",1,5766579,"Epistrophe nitidicollis","Animalia"
"256",4417,5753486,"Platyrhinus resinosus (J.A.Scopoli, 1763)","Platyrhinus resinosus","SPECIES","ACCEPTED",100,"EXACT","Animalia","Platyrhinus resinosus",1,5753486,"Platyrhinus resinosus","Animalia"
"257",4434,5220126,"Capreolus capreolus (Linnaeus, 1758)","Capreolus capreolus","SPECIES","ACCEPTED",100,"EXACT","Animalia","Capreolus capreolus",1,5220126,"Capreolus capreolus","Animalia"
"258",4437,5639535,"Loranthus europaeus Jacq.","Loranthus europaeus","SPECIES","ACCEPTED",100,"EXACT","Plantae","Loranthus europaeus",6,5639535,"Loranthus europaeus","Plantae"
"259",4470,5371685,"Caltha palustris L.","Caltha palustris","SPECIES","ACCEPTED",100,"EXACT","Plantae","Caltha palustris",6,5371685,"Caltha palustris","Plantae"
"260",4471,5331404,"Echinocystis lobata (Michx.) Torr. & A.Gray","Echinocystis lobata","SPECIES","ACCEPTED",100,"EXACT","Plantae","Echinocystis lobata",6,5331404,"Echinocystis lobata","Plantae"
"261",4548,5231209,"Passer hispaniolensis (Temminck, 1820)","Passer hispaniolensis","SPECIES","ACCEPTED",100,"EXACT","Animalia","Passer hispaniolensis",1,5231209,"Passer hispaniolensis","Animalia"
"262",4561,5219618,"Erinaceus roumanicus Barrett-Hamilton, 1900","Erinaceus roumanicus","SPECIES","ACCEPTED",100,"EXACT","Animalia","Erinaceus roumanicus",1,5219618,"Erinaceus roumanicus","Animalia"
"263",4573,5156102,"Leptoglossus occidentalis Heidemann, 1910","Leptoglossus occidentalis","SPECIES","ACCEPTED",100,"EXACT","Animalia","Leptoglossus occidentalis",1,5156102,"Leptoglossus occidentalis","Animalia"
"264",4576,5144805,"Scopula ornata (Scopoli, 1763)","Scopula ornata","SPECIES","ACCEPTED",100,"EXACT","Animalia","Scopula ornata",1,5144805,"Scopula ornata","Animalia"
"265",4578,5143129,"Drepana falcataria (Linnaeus, 1758)","Drepana falcataria","SPECIES","ACCEPTED",100,"EXACT","Animalia","Drepana falcataria",1,5143129,"Drepana falcataria","Animalia"
"266",4579,5142870,"Thyatira batis (Linnaeus, 1758)","Thyatira batis","SPECIES","ACCEPTED",100,"EXACT","Animalia","Thyatira batis",1,5142870,"Thyatira batis","Animalia"
"267",4588,5118996,"Stauropus fagi (Linnaeus, 1758)","Stauropus fagi","SPECIES","ACCEPTED",100,"EXACT","Animalia","Stauropus fagi",1,5118996,"Stauropus fagi","Animalia"
"268",4599,5071297,"Xanthogramma pedissequum (Harris, 1776)","Xanthogramma pedissequum","SPECIES","SYNONYM",100,"EXACT","Animalia","Philhelius pedissequum",1,11202067,"Xanthogramma pedissequum","Animalia"
"269",4600,6098350,"Xanthogramma festivum (Linnaeus, 1758)","Xanthogramma festivum","SPECIES","SYNONYM",97,"FUZZY","Animalia","Chrysotoxum festivum",1,4516839,"Xanthogramma festiva","Animalia"
"270",4601,5070993,"Criorhina berberina (Fabricius, 1805)","Criorhina berberina","SPECIES","ACCEPTED",100,"EXACT","Animalia","Criorhina berberina",1,5070993,"Criorhina berberina","Animalia"
"271",4617,5041471,"Sceliphron destillatorium (Illiger, 1807)","Sceliphron destillatorium","SPECIES","ACCEPTED",100,"EXACT","Animalia","Sceliphron destillatorium",1,5041471,"Sceliphron destillatorium","Animalia"
"272",4629,5025857,"Diplazon laetatorius (Fabricius, 1781)","Diplazon laetatorius","SPECIES","ACCEPTED",100,"EXACT","Animalia","Diplazon laetatorius",1,5025857,"Diplazon laetatorius","Animalia"
"273",4658,4532532,"Euplagia quadripunctaria (Poda, 1761)","Euplagia quadripunctaria","SPECIES","ACCEPTED",100,"EXACT","Animalia","Euplagia quadripunctaria",1,4532532,"Euplagia quadripunctaria","Animalia"
"274",4693,4490515,"Tenthredo temula Scopoli, 1763","Tenthredo temula","SPECIES","ACCEPTED",100,"EXACT","Animalia","Tenthredo temula",1,4490515,"Tenthredo temula","Animalia"
"275",4694,4490492,"Macrophya annulata (Geoffroy, 1785)","Macrophya annulata","SPECIES","ACCEPTED",100,"EXACT","Animalia","Macrophya annulata",1,4490492,"Macrophya annulata","Animalia"
"276",4704,4485971,"Arma custos (Fabricius, 1794)","Arma custos","SPECIES","ACCEPTED",100,"EXACT","Animalia","Arma custos",1,4485971,"Arma custos","Animalia"
"277",4715,4458782,"Leptura quadrifasciata Linnaeus, 1758","Leptura quadrifasciata","SPECIES","ACCEPTED",99,"EXACT","Animalia","Leptura quadrifasciata",1,4458782,"Leptura quadrifasciata","Animalia"
"278",4727,4453860,"Stenomax aeneus (Scopoli, 1763)","Stenomax aeneus","SPECIES","ACCEPTED",100,"EXACT","Animalia","Stenomax aeneus",1,4453860,"Stenomax aeneus","Animalia"
"279",4736,4452252,"Psyllobora vigintiduopunctata (Linnaeus, 1758)","Psyllobora vigintiduopunctata","SPECIES","ACCEPTED",100,"EXACT","Animalia","Psyllobora vigintiduopunctata",1,4452252,"Psyllobora vigintiduopunctata","Animalia"
"280",4737,4452146,"Coccinula quatuordecimpustulata (Linnaeus, 1758)","Coccinula quatuordecimpustulata","SPECIES","ACCEPTED",100,"EXACT","Animalia","Coccinula quatuordecimpustulata",1,4452146,"Coccinula quatuordecimpustulata","Animalia"
"281",4757,4429760,"Rhagonycha fulva (Scopoli, 1763)","Rhagonycha fulva","SPECIES","ACCEPTED",100,"EXACT","Animalia","Rhagonycha fulva",1,4429760,"Rhagonycha fulva","Animalia"
"282",4776,4388646,"Coreus marginatus (Linnaeus, 1758)","Coreus marginatus","SPECIES","ACCEPTED",100,"EXACT","Animalia","Coreus marginatus",1,4388646,"Coreus marginatus","Animalia"
"283",4881,3112801,"Cirsium vulgare (Savi) Ten.","Cirsium vulgare","SPECIES","ACCEPTED",99,"EXACT","Plantae","Cirsium vulgare",6,3112801,"Cirsium vulgare","Plantae"
"284",4896,2889828,"Viscum album L.","Viscum album","SPECIES","ACCEPTED",99,"EXACT","Plantae","Viscum album",6,2889828,"Viscum album","Plantae"
"285",4897,2889299,"Bistorta vivipara (L.) Delarbre","Bistorta vivipara","SPECIES","ACCEPTED",99,"EXACT","Plantae","Bistorta vivipara",6,2889299,"Bistorta vivipara","Plantae"
"286",5133,2542126,"Phaeolus schweinitzii (Fr.) Pat.","Phaeolus schweinitzii","SPECIES","ACCEPTED",99,"EXACT","Fungi","Phaeolus schweinitzii",5,2542126,"Phaeolus schweinitzii",""
"287",5135,2540761,"Meripilus giganteus (Pers.) P.Karst.","Meripilus giganteus","SPECIES","ACCEPTED",100,"EXACT","Fungi","Meripilus giganteus",5,2540761,"Meripilus giganteus","Fungi"
"288",5154,2531012,"Fistulina hepatica (Schaeff.) With.","Fistulina hepatica","SPECIES","ACCEPTED",99,"EXACT","Fungi","Fistulina hepatica",5,2531012,"Fistulina hepatica","Fungi"
"289",5192,2495471,"Columba oenas Linnaeus, 1758","Columba oenas","SPECIES","ACCEPTED",100,"EXACT","Animalia","Columba oenas",1,2495471,"Columba oenas","Animalia"
"290",5196,2491498,"Emberiza cia Linnaeus, 1767","Emberiza cia","SPECIES","ACCEPTED",100,"EXACT","Animalia","Emberiza cia",1,2491498,"Emberiza cia","Animalia"
"291",5198,9687165,"Motacilla alba Linnaeus, 1758","Motacilla alba","SPECIES","ACCEPTED",100,"EXACT","Animalia","Motacilla alba",1,9687165,"Motacilla alba","Animalia"
"292",5203,2487883,"Lophophanes cristatus (Linnaeus, 1758)","Lophophanes cristatus","SPECIES","ACCEPTED",100,"EXACT","Animalia","Lophophanes cristatus",1,2487883,"Lophophanes cristatus","Animalia"
"293",5204,2487871,"Periparus ater (Linnaeus, 1758)","Periparus ater","SPECIES","ACCEPTED",100,"EXACT","Animalia","Periparus ater",1,2487871,"Periparus ater","Animalia"
"294",5216,2480666,"Circaetus gallicus (Gmelin, 1788)","Circaetus gallicus","SPECIES","ACCEPTED",100,"EXACT","Animalia","Circaetus gallicus",1,2480666,"Circaetus gallicus","Animalia"
"295",5217,2480537,"Buteo buteo (Linnaeus, 1758)","Buteo buteo","SPECIES","ACCEPTED",100,"EXACT","Animalia","Buteo buteo",1,2480537,"Buteo buteo","Animalia"
"296",5222,9015784,"Dryobates minor (Linnaeus, 1758)","Dryobates minor","SPECIES","ACCEPTED",100,"EXACT","Animalia","Dryobates minor",1,9015784,"Dryobates minor","Animalia"
"297",5228,2457224,"Dolichophis caspius (Gmelin, 1789)","Dolichophis caspius","SPECIES","ACCEPTED",100,"EXACT","Animalia","Dolichophis caspius",1,2457224,"Dolichophis caspius","Animalia"
"298",5235,2440958,"Cervus elaphus Linnaeus, 1758","Cervus elaphus","SPECIES","ACCEPTED",100,"EXACT","Animalia","Cervus elaphus",1,2440958,"Cervus elaphus","Animalia"
"299",5238,2439658,"Muscardinus avellanarius (Linnaeus, 1758)","Muscardinus avellanarius","SPECIES","ACCEPTED",100,"EXACT","Animalia","Muscardinus avellanarius",1,2439658,"Muscardinus avellanarius","Animalia"
"300",5259,2176858,"Philaeus chrysops (Poda, 1761)","Philaeus chrysops","SPECIES","ACCEPTED",100,"EXACT","Animalia","Philaeus chrysops",1,2176858,"Philaeus chrysops","Animalia"
"301",5277,2079270,"Elasmostethus interstinctus (Linnaeus, 1758)","Elasmostethus interstinctus","SPECIES","ACCEPTED",100,"EXACT","Animalia","Elasmostethus interstinctus",1,2079270,"Elasmostethus interstinctus","Animalia"
"302",5302,2009435,"Deraeocoris ruber (Linnaeus, 1758)","Deraeocoris ruber","SPECIES","ACCEPTED",100,"EXACT","Animalia","Deraeocoris ruber",1,2009435,"Deraeocoris ruber","Animalia"
"303",5310,1962268,"Selenia lunularia (Hübner)","Selenia lunularia","SPECIES","ACCEPTED",100,"EXACT","Animalia","Selenia lunularia",1,1962268,"Selenia lunularia","Animalia"
"304",5331,1938214,"Iphiclides podalirius (Linnaeus, 1758)","Iphiclides podalirius","SPECIES","ACCEPTED",99,"EXACT","Animalia","Iphiclides podalirius",1,1938214,"Iphiclides podalirius","Animalia"
"305",5336,1933095,"Aricia agestis (Denis & Schiffermüller), 1775","Aricia agestis","SPECIES","ACCEPTED",100,"EXACT","Animalia","Aricia agestis",1,1933095,"Aricia agestis","Animalia"
"306",5349,1902533,"Araschnia levana (Linnaeus, 1758)","Araschnia levana","SPECIES","ACCEPTED",100,"EXACT","Animalia","Araschnia levana",1,1902533,"Araschnia levana","Animalia"
"307",5352,1898544,"Polygonia c-album (Linnaeus, 1758)","Polygonia c-album","SPECIES","ACCEPTED",100,"EXACT","Animalia","Polygonia c-album",1,1898544,"Polygonia c-album","Animalia"
"308",5353,8442268,"Nymphalis c-album (Linnaeus, 1758)","Nymphalis c-album","SPECIES","SYNONYM",100,"EXACT","Animalia","Polygonia c-album",1,1898544,"Nymphalis c-album","Animalia"
"309",5362,1864652,"Macroglossum stellatarum Linnaeus, 1758","Macroglossum stellatarum","SPECIES","ACCEPTED",99,"EXACT","Animalia","Macroglossum stellatarum",1,1864652,"Macroglossum stellatarum","Animalia"
"310",5380,1822346,"Peridea anceps (Goeze, 1781)","Peridea anceps","SPECIES","ACCEPTED",100,"EXACT","Animalia","Peridea anceps",1,1822346,"Peridea anceps","Animalia"
"311",5387,1791422,"Craniophora ligustri (Denis & Schiffermüller), 1775","Craniophora ligustri","SPECIES","ACCEPTED",99,"EXACT","Animalia","Craniophora ligustri",1,1791422,"Craniophora ligustri","Animalia"
"312",5419,1732063,"Poecilocampa populi Linnaeus, 1758","Poecilocampa populi","SPECIES","ACCEPTED",100,"EXACT","Animalia","Poecilocampa populi",1,1732063,"Poecilocampa populi","Animalia"
"313",5420,1730978,"Zeuzera pyrina Linnaeus, 1761","Zeuzera pyrina","SPECIES","ACCEPTED",100,"EXACT","Animalia","Zeuzera pyrina",1,1730978,"Zeuzera pyrina","Animalia"
"314",5422,1710463,"Pezotettix giornae (Rossi, 1794)","Pezotettix giornae","SPECIES","ACCEPTED",100,"EXACT","Animalia","Pezotettix giornae",1,1710463,"Pezotettix giornae","Animalia"
"315",5425,1686202,"Phaneroptera nana Fieber, 1853","Phaneroptera nana","SPECIES","ACCEPTED",100,"EXACT","Animalia","Phaneroptera nana",1,1686202,"Phaneroptera nana","Animalia"
"316",5426,1683331,"Conocephalus dorsalis (Latreille, 1804)","Conocephalus dorsalis","SPECIES","ACCEPTED",99,"EXACT","Animalia","Conocephalus dorsalis",1,1683331,"Conocephalus dorsalis","Animalia"
"317",5427,1669479,"Hemipenthes velutina (Meigen, 1820)","Hemipenthes velutina","SPECIES","ACCEPTED",100,"EXACT","Animalia","Hemipenthes velutina",1,1669479,"Hemipenthes velutina","Animalia"
"318",5441,1577660,"Stratiomys longicornis (Scopoli, 1763)","Stratiomys longicornis","SPECIES","ACCEPTED",100,"EXACT","Animalia","Stratiomys longicornis",1,1577660,"Stratiomys longicornis","Animalia"
"319",5453,1541799,"Volucella pellucens (Linnaeus, 1758)","Volucella pellucens","SPECIES","ACCEPTED",100,"EXACT","Animalia","Volucella pellucens",1,1541799,"Volucella pellucens","Animalia"
"320",5461,1536559,"Baccha elongata (Fabricius, 1775)","Baccha elongata","SPECIES","ACCEPTED",100,"EXACT","Animalia","Baccha elongata",1,1536559,"Baccha elongata","Animalia"
"321",5462,1536009,"Chrysotoxum bicincta (Linnaeus, 1758)","Chrysotoxum bicincta","SPECIES","ACCEPTED",98,"FUZZY","Animalia","Chrysotoxum bicincta",1,1536009,"Chrysotoxum bicinctum","Animalia"
"322",5463,1535909,"Chrysotoxum verralli Collin, 1940","Chrysotoxum verralli","SPECIES","ACCEPTED",100,"EXACT","Animalia","Chrysotoxum verralli",1,1535909,"Chrysotoxum verralli","Animalia"
"323",5467,1532982,"Pipizella viduata (Linnaeus, 1758)","Pipizella viduata","SPECIES","ACCEPTED",99,"EXACT","Animalia","Pipizella viduata",1,1532982,"Pipizella viduata","Animalia"
"324",5474,1502142,"Cynomya mortuorum (Linnaeus, 1761)","Cynomya mortuorum","SPECIES","ACCEPTED",100,"EXACT","Animalia","Cynomya mortuorum",1,1502142,"Cynomya mortuorum","Animalia"
"325",5480,1428217,"Sympetrum sanguineum (Müller, 1764)","Sympetrum sanguineum","SPECIES","ACCEPTED",100,"EXACT","Animalia","Sympetrum sanguineum",1,1428217,"Sympetrum sanguineum","Animalia"
"326",5482,1423540,"Pyrrhosoma nymphula (Sulzer, 1776)","Pyrrhosoma nymphula","SPECIES","ACCEPTED",100,"EXACT","Animalia","Pyrrhosoma nymphula",1,1423540,"Pyrrhosoma nymphula","Animalia"
"327",5557,1340542,"Bombus hortorum (Linnaeus, 1761)","Bombus hortorum","SPECIES","ACCEPTED",99,"EXACT","Animalia","Bombus hortorum",1,1340542,"Bombus hortorum","Animalia"
"328",5584,6159197,"Lacerta trilineata Bedriaga, 1886","Lacerta trilineata","SPECIES","ACCEPTED",100,"EXACT","Animalia","Lacerta trilineata",1,6159197,"Lacerta trilineata","Animalia"
"329",5628,1036789,"Carabus granulatus Linnaeus, 1758","Carabus granulatus","SPECIES","ACCEPTED",100,"EXACT","Animalia","Carabus granulatus",1,1036789,"Carabus granulatus","Animalia"
"330",5636,5275012,"Pteridium aquilinum (L.) Kuhn","Pteridium aquilinum","SPECIES","ACCEPTED",100,"EXACT","Plantae","Pteridium aquilinum",6,5275012,"Pteridium aquilinum","Plantae"
"331",5640,2359706,"Rutilus rutilus (Linnaeus, 1758)","Rutilus rutilus","SPECIES","ACCEPTED",99,"EXACT","Animalia","Rutilus rutilus",1,2359706,"Rutilus rutilus",""
"332",5652,2482613,"Nucifraga caryocatactes (Linnaeus, 1758)","Nucifraga caryocatactes","SPECIES","ACCEPTED",100,"EXACT","Animalia","Nucifraga caryocatactes",1,2482613,"Nucifraga caryocatactes","Animalia"
"333",5656,2482513,"Corvus frugilegus Linnaeus, 1758","Corvus frugilegus","SPECIES","ACCEPTED",100,"EXACT","Animalia","Corvus frugilegus",1,2482513,"Corvus frugilegus","Animalia"
"334",5657,2497306,"Asio otus (Linnaeus, 1758)","Asio otus","SPECIES","ACCEPTED",100,"EXACT","Animalia","Asio otus",1,2497306,"Asio otus","Animalia"
"335",5658,9415596,"Eremophila alpestris (Linnaeus, 1758)","Eremophila alpestris","SPECIES","ACCEPTED",100,"EXACT","Animalia","Eremophila alpestris",1,9415596,"Eremophila alpestris","Animalia"
"336",5660,2495000,"Aegithalos caudatus (Linnaeus, 1758)","Aegithalos caudatus","SPECIES","DOUBTFUL",99,"EXACT","Animalia","Aegithalos caudatus",1,2495000,"Aegithalos caudatus","Animalia"
"337",5661,2474921,"Otis tarda Linnaeus, 1758","Otis tarda","SPECIES","ACCEPTED",100,"EXACT","Animalia","Otis tarda",1,2474921,"Otis tarda","Animalia"
"338",5662,2495696,"Streptopelia decaocto (Frivaldszky, 1838)","Streptopelia decaocto","SPECIES","ACCEPTED",100,"EXACT","Animalia","Streptopelia decaocto",1,2495696,"Streptopelia decaocto","Animalia"
"339",5670,2444308,"Vipera ammodytes (Linnaeus, 1758)","Vipera ammodytes","SPECIES","ACCEPTED",100,"EXACT","Animalia","Vipera ammodytes",1,2444308,"Vipera ammodytes","Animalia"
"340",5680,5115874,"Arctia caja (Linnaeus, 1758)","Arctia caja","SPECIES","ACCEPTED",100,"EXACT","Animalia","Arctia caja",1,5115874,"Arctia caja","Animalia"
"341",5696,4532534,"Callimorpha dominula (Linnaeus, 1758)","Callimorpha dominula","SPECIES","ACCEPTED",100,"EXACT","Animalia","Callimorpha dominula",1,4532534,"Callimorpha dominula","Animalia"
"342",5721,7573049,"Cerambyx scopoli Marquet, 2001","Cerambyx scopoli","SPECIES","SYNONYM",99,"EXACT","Animalia","Cerambyx scopolii",1,5002115,"Cerambyx scopoli","Animalia"
"343",5723,5960862,"Vipera berus (Linnaeus, 1758)","Vipera berus","SPECIES","ACCEPTED",100,"EXACT","Animalia","Vipera berus",1,5960862,"Vipera berus","Animalia"
"344",5738,7960979,"Urtica dioica L.","Urtica dioica","SPECIES","ACCEPTED",99,"EXACT","Plantae","Urtica dioica",6,7960979,"Urtica dioica","Plantae"
"345",5745,2481181,"Larus cachinnans Pallas, 1811","Larus cachinnans","SPECIES","ACCEPTED",100,"EXACT","Animalia","Larus cachinnans",1,2481181,"Larus cachinnans","Animalia"
"346",5746,9752617,"Ardea alba Linnaeus, 1758","Ardea alba","SPECIES","ACCEPTED",99,"EXACT","Animalia","Ardea alba",1,9752617,"Ardea alba","Animalia"
"347",5748,2497701,"Otus scops (Linnaeus, 1758)","Otus scops","SPECIES","ACCEPTED",99,"EXACT","Animalia","Otus scops",1,2497701,"Otus scops",""
"348",5762,2491557,"Emberiza schoeniclus (Linnaeus, 1758)","Emberiza schoeniclus","SPECIES","ACCEPTED",100,"EXACT","Animalia","Emberiza schoeniclus",1,2491557,"Emberiza schoeniclus","Animalia"
"349",5763,2494441,"Fringilla montifringilla Linnaeus, 1758","Fringilla montifringilla","SPECIES","ACCEPTED",100,"EXACT","Animalia","Fringilla montifringilla",1,2494441,"Fringilla montifringilla","Animalia"
"350",5767,9629160,"Loxia curvirostra Linnaeus, 1758","Loxia curvirostra","SPECIES","ACCEPTED",100,"EXACT","Animalia","Loxia curvirostra",1,9629160,"Loxia curvirostra","Animalia"
"351",5768,2492867,"Lanius senator Linnaeus, 1758","Lanius senator","SPECIES","ACCEPTED",100,"EXACT","Animalia","Lanius senator",1,2492867,"Lanius senator","Animalia"
"352",5769,2492854,"Lanius minor Gmelin, 1788","Lanius minor","SPECIES","ACCEPTED",100,"EXACT","Animalia","Lanius minor",1,2492854,"Lanius minor","Animalia"
"353",5770,7745240,"Lanius collurio Linnaeus, 1758","Lanius collurio","SPECIES","ACCEPTED",100,"EXACT","Animalia","Lanius collurio",1,7745240,"Lanius collurio","Animalia"
"354",5771,5231438,"Troglodytes troglodytes (Linnaeus, 1758)","Troglodytes troglodytes","SPECIES","ACCEPTED",100,"EXACT","Animalia","Troglodytes troglodytes",1,5231438,"Troglodytes troglodytes","Animalia"
"355",5775,7982160,"Larus canus Linnaeus, 1758","Larus canus","SPECIES","ACCEPTED",99,"EXACT","Animalia","Larus canus",1,7982160,"Larus canus",""
"356",5776,2481139,"Larus argentatus Pontoppidan, 1763","Larus argentatus","SPECIES","ACCEPTED",99,"EXACT","Animalia","Larus argentatus",1,2481139,"Larus argentatus",""
"357",5777,2481172,"Larus marinus Linnaeus, 1758","Larus marinus","SPECIES","ACCEPTED",99,"EXACT","Animalia","Larus marinus",1,2481172,"Larus marinus",""
"358",5779,2481792,"Numenius arquata (Linnaeus, 1758)","Numenius arquata","SPECIES","ACCEPTED",100,"EXACT","Animalia","Numenius arquata",1,2481792,"Numenius arquata","Animalia"
"359",5780,8028588,"Ichthyaetus ichthyaetus (Pallas, 1773)","Ichthyaetus ichthyaetus","SPECIES","ACCEPTED",100,"EXACT","Animalia","Ichthyaetus ichthyaetus",1,8028588,"Ichthyaetus ichthyaetus","Animalia"
"360",5781,2474950,"Grus grus (Linnaeus, 1758)","Grus grus","SPECIES","ACCEPTED",100,"EXACT","Animalia","Grus grus",1,2474950,"Grus grus","Animalia"
"361",5783,2481035,"Falco subbuteo Linnaeus, 1758","Falco subbuteo","SPECIES","ACCEPTED",100,"EXACT","Animalia","Falco subbuteo",1,2481035,"Falco subbuteo","Animalia"
"362",5784,9616058,"Falco tinnunculus Linnaeus, 1758","Falco tinnunculus","SPECIES","ACCEPTED",100,"EXACT","Animalia","Falco tinnunculus",1,9616058,"Falco tinnunculus","Animalia"
"363",5785,2481909,"Ciconia nigra (Linnaeus, 1758)","Ciconia nigra","SPECIES","ACCEPTED",100,"EXACT","Animalia","Ciconia nigra",1,2481909,"Ciconia nigra","Animalia"
"364",5786,2481912,"Ciconia ciconia (Linnaeus, 1758)","Ciconia ciconia","SPECIES","ACCEPTED",100,"EXACT","Animalia","Ciconia ciconia",1,2481912,"Ciconia ciconia","Animalia"
"365",5787,2480487,"Circus cyaneus (Linnaeus, 1766)","Circus cyaneus","SPECIES","ACCEPTED",100,"EXACT","Animalia","Circus cyaneus",1,2480487,"Circus cyaneus","Animalia"
"366",5788,2480524,"Buteo lagopus (Pontoppidan, 1763)","Buteo lagopus","SPECIES","ACCEPTED",100,"EXACT","Animalia","Buteo lagopus",1,2480524,"Buteo lagopus","Animalia"
"367",5789,2482100,"Burhinus oedicnemus (Linnaeus, 1758)","Burhinus oedicnemus","SPECIES","ACCEPTED",100,"EXACT","Animalia","Burhinus oedicnemus",1,2482100,"Burhinus oedicnemus","Animalia"
"368",5791,2480934,"Ardea purpurea Linnaeus, 1766","Ardea purpurea","SPECIES","ACCEPTED",100,"EXACT","Animalia","Ardea purpurea",1,2480934,"Ardea purpurea","Animalia"
"369",5792,2480863,"Nycticorax nycticorax (Linnaeus, 1758)","Nycticorax nycticorax","SPECIES","ACCEPTED",100,"EXACT","Animalia","Nycticorax nycticorax",1,2480863,"Nycticorax nycticorax","Animalia"
"370",5793,2480876,"Egretta garzetta (Linnaeus, 1766)","Egretta garzetta","SPECIES","ACCEPTED",100,"EXACT","Animalia","Egretta garzetta",1,2480876,"Egretta garzetta","Animalia"
"371",5794,2480564,"Buteo rufinus (Cretzschmar, 1829)","Buteo rufinus","SPECIES","ACCEPTED",100,"EXACT","Animalia","Buteo rufinus",1,2480564,"Buteo rufinus","Animalia"
"372",5796,2480482,"Circus aeruginosus (Linnaeus, 1758)","Circus aeruginosus","SPECIES","ACCEPTED",100,"EXACT","Animalia","Circus aeruginosus",1,2480482,"Circus aeruginosus","Animalia"
"373",5797,2480491,"Circus macrourus (S.G.Gmelin, 1770)","Circus macrourus","SPECIES","ACCEPTED",100,"EXACT","Animalia","Circus macrourus",1,2480491,"Circus macrourus","Animalia"
"374",5817,1136138,"Pachyta quadrimaculata (Linnaeus, 1758)","Pachyta quadrimaculata","SPECIES","ACCEPTED",100,"EXACT","Animalia","Pachyta quadrimaculata",1,1136138,"Pachyta quadrimaculata","Animalia"
"375",5841,8062927,"Mesosa curculionoides (Linnaeus, 1761)","Mesosa curculionoides","SPECIES","ACCEPTED",99,"EXACT","Animalia","Mesosa curculionoides",1,8062927,"Mesosa curculionoides","Animalia"
"376",5928,6159223,"Lacerta agilis Linnaeus, 1758","Lacerta agilis","SPECIES","ACCEPTED",100,"EXACT","Animalia","Lacerta agilis",1,6159223,"Lacerta agilis","Animalia"
"377",5930,6161347,"Natrix natrix (Linnaeus, 1758)","Natrix natrix","SPECIES","ACCEPTED",100,"EXACT","Animalia","Natrix natrix",1,6161347,"Natrix natrix","Animalia"
"378",5936,1543099,"Platycheirus scutatus (Meigen, 1822)","Platycheirus scutatus","SPECIES","ACCEPTED",100,"EXACT","Animalia","Platycheirus scutatus",1,1543099,"Platycheirus scutatus","Animalia"
"379",5937,1536796,"Neoascia podagrica (Fabricius, 1775)","Neoascia podagrica","SPECIES","ACCEPTED",100,"EXACT","Animalia","Neoascia podagrica",1,1536796,"Neoascia podagrica","Animalia"
"380",5970,5361889,"Morus alba L.","Morus alba","SPECIES","ACCEPTED",99,"EXACT","Plantae","Morus alba",6,5361889,"Morus alba","Plantae"
"381",5978,5384604,"Stellaria media (L.) Vill.","Stellaria media","SPECIES","ACCEPTED",99,"EXACT","Plantae","Stellaria media",6,5384604,"Stellaria media","Plantae"
"382",5981,3152614,"Abutilon theophrasti Medik.","Abutilon theophrasti","SPECIES","ACCEPTED",100,"EXACT","Plantae","Abutilon theophrasti",6,3152614,"Abutilon theophrasti","Plantae"
"383",5992,3172057,"Veronica serpyllifolia L.","Veronica serpyllifolia","SPECIES","ACCEPTED",99,"EXACT","Plantae","Veronica serpyllifolia",6,3172057,"Veronica serpyllifolia","Plantae"
"384",5999,1786980,"Grammodes stolida Fabricius, 1775","Grammodes stolida","SPECIES","ACCEPTED",100,"EXACT","Animalia","Grammodes stolida",1,1786980,"Grammodes stolida","Animalia"
"385",6005,1769566,"Cosmia trapezina (Linnaeus, 1758)","Cosmia trapezina","SPECIES","ACCEPTED",100,"EXACT","Animalia","Cosmia trapezina",1,1769566,"Cosmia trapezina","Animalia"
"386",6020,1820039,"Leucoma salicis Linnaeus, 1758","Leucoma salicis","SPECIES","ACCEPTED",100,"EXACT","Animalia","Leucoma salicis",1,1820039,"Leucoma salicis","Animalia"
"387",6034,1782763,"Acronicta aceris (Linnaeus, 1758)","Acronicta aceris","SPECIES","ACCEPTED",99,"EXACT","Animalia","Acronicta aceris",1,1782763,"Acronicta aceris","Animalia"
"388",6047,3117449,"Erigeron annuus (L.) Pers.","Erigeron annuus","SPECIES","ACCEPTED",99,"EXACT","Plantae","Erigeron annuus",6,3117449,"Erigeron annuus","Plantae"
"389",6065,1771245,"Agrotis ipsilon (Hufnagel, 1766)","Agrotis ipsilon","SPECIES","ACCEPTED",99,"EXACT","Animalia","Agrotis ipsilon",1,1771245,"Agrotis ipsilon","Animalia"
"390",6082,1986052,"Lomographa bimaculata (Fabricius, 1775)","Lomographa bimaculata","SPECIES","ACCEPTED",100,"EXACT","Animalia","Lomographa bimaculata",1,1986052,"Lomographa bimaculata","Animalia"
"391",6136,1342108,"Xylocopa violacea (Linnaeus, 1758)","Xylocopa violacea","SPECIES","ACCEPTED",100,"EXACT","Animalia","Xylocopa violacea",1,1342108,"Xylocopa violacea","Animalia"
"392",6143,8054788,"Anaglyptus mysticus (Linnaeus, 1758)","Anaglyptus mysticus","SPECIES","ACCEPTED",99,"EXACT","Animalia","Anaglyptus mysticus",1,8054788,"Anaglyptus mysticus","Animalia"
"393",6146,4458870,"Alosterna tabacicolor (Degeer, 1775)","Alosterna tabacicolor","SPECIES","ACCEPTED",99,"EXACT","Animalia","Alosterna tabacicolor",1,4458870,"Alosterna tabacicolor","Animalia"
"394",6154,2493548,"Locustella naevia (Boddaert, 1783)","Locustella naevia","SPECIES","ACCEPTED",100,"EXACT","Animalia","Locustella naevia",1,2493548,"Locustella naevia","Animalia"
"395",6192,1965913,"Angerona prunaria (Linnaeus, 1758)","Angerona prunaria","SPECIES","ACCEPTED",100,"EXACT","Animalia","Angerona prunaria",1,1965913,"Angerona prunaria","Animalia"
"396",6193,1967873,"Abraxas grossulariata (Linnaeus, 1758)","Abraxas grossulariata","SPECIES","ACCEPTED",99,"EXACT","Animalia","Abraxas grossulariata",1,1967873,"Abraxas grossulariata","Animalia"
"397",6195,5146412,"Plemyria rubiginata (Denis & Schiffermüller), 1775","Plemyria rubiginata","SPECIES","ACCEPTED",100,"EXACT","Animalia","Plemyria rubiginata",1,5146412,"Plemyria rubiginata","Animalia"
"398",6199,1077829,"Cetonia aurata (Linnaeus, 1758)","Cetonia aurata","SPECIES","ACCEPTED",100,"EXACT","Animalia","Cetonia aurata",1,1077829,"Cetonia aurata","Animalia"
"399",6201,1423395,"Ischnura elegans (Vander Linden, 1820)","Ischnura elegans","SPECIES","ACCEPTED",100,"EXACT","Animalia","Ischnura elegans",1,1423395,"Ischnura elegans","Animalia"
"400",6203,1427883,"Libellula depressa Linnaeus, 1758","Libellula depressa","SPECIES","ACCEPTED",100,"EXACT","Animalia","Libellula depressa",1,1427883,"Libellula depressa","Animalia"
"401",6204,5743122,"Lucanus cervus (Linnaeus, 1758)","Lucanus cervus","SPECIES","ACCEPTED",100,"EXACT","Animalia","Lucanus cervus",1,5743122,"Lucanus cervus","Animalia"
"402",6210,1963306,"Thalera fimbrialis (Scopoli, 1763)","Thalera fimbrialis","SPECIES","ACCEPTED",100,"EXACT","Animalia","Thalera fimbrialis",1,1963306,"Thalera fimbrialis","Animalia"
"403",6217,1357156,"Andrena flavipes Panzer, 1799","Andrena flavipes","SPECIES","ACCEPTED",100,"EXACT","Animalia","Andrena flavipes",1,1357156,"Andrena flavipes","Animalia"
"404",6238,8215487,"Salmo trutta Linnaeus, 1758","Salmo trutta","SPECIES","ACCEPTED",100,"EXACT","Animalia","Salmo trutta",1,8215487,"Salmo trutta","Animalia"
"405",6271,5129588,"Cynthia cardui (Linnaeus, 1758)","Cynthia cardui","SPECIES","SYNONYM",100,"EXACT","Animalia","Vanessa cardui",1,4299368,"Cynthia cardui","Animalia"
"406",6390,2478026,"Dendrocopos medius (Linnaeus, 1758)","Dendrocopos medius","SPECIES","SYNONYM",100,"EXACT","Animalia","Dendrocoptes medius",1,8773033,"Dendrocopos medius","Animalia"
"407",6394,7659055,"Plagionotus arcuatus (Linnaeus, 1758)","Plagionotus arcuatus","SPECIES","ACCEPTED",99,"EXACT","Animalia","Plagionotus arcuatus",1,7659055,"Plagionotus arcuatus","Animalia"
"408",6400,8779452,"Stenurella nigra (Linnaeus, 1758)","Stenurella nigra","SPECIES","ACCEPTED",99,"EXACT","Animalia","Stenurella nigra",1,8779452,"Stenurella nigra","Animalia"
"409",6402,6159273,"Lacerta viridis (Laurenti, 1768)","Lacerta viridis","SPECIES","ACCEPTED",99,"EXACT","Animalia","Lacerta viridis",1,6159273,"Lacerta viridis","Animalia"
"410",6548,1537719,"Scaeva pyrastri (Linnaeus, 1758)","Scaeva pyrastri","SPECIES","ACCEPTED",99,"EXACT","Animalia","Scaeva pyrastri",1,1537719,"Scaeva pyrastri?",""
"411",6835,9072021,"Laetiporus sulphureus (Bull.) Murrill","Laetiporus sulphureus","SPECIES","ACCEPTED",97,"EXACT","Fungi","Laetiporus sulphureus",5,9072021,"Laetiporus sulphureus",""
"412",7002,2024221,"Centrotus cornuta Linnaeus, 1758","Centrotus cornuta","SPECIES","ACCEPTED",98,"FUZZY","Animalia","Centrotus cornuta",1,2024221,"Centrotus cornutus","Animalia"
"413",7006,2549708,"Ganoderma sessile Murrill","Ganoderma sessile","SPECIES","SYNONYM",100,"EXACT","Fungi","Ganoderma resinaceum",5,2549683,"Ganoderma sessile","Fungi"
"414",7023,7391741,"Satyrium spini (Denis & Schiffermüller, 1775)","Satyrium spini","SPECIES","SYNONYM",100,"EXACT","Animalia","Tuttiola spini",1,1931179,"Satyrium spini","Animalia"
"415",7151,9268470,"Caucasotachea vindobonensis (C.Pfeiffer, 1828)","Caucasotachea vindobonensis","SPECIES","ACCEPTED",100,"EXACT","Animalia","Caucasotachea vindobonensis",1,9268470,"Caucasotachea vindobonensis","Animalia"
"416",7223,5152523,"Rhyparochromus vulgaris (Schilling, 1829)","Rhyparochromus vulgaris","SPECIES","ACCEPTED",100,"EXACT","Animalia","Rhyparochromus vulgaris",1,5152523,"Rhyparochromus vulgaris","Animalia"
"417",7254,8546826,"Agapanthia villosoviridescens (Degeer, 1775)","Agapanthia villosoviridescens","SPECIES","ACCEPTED",99,"EXACT","Animalia","Agapanthia villosoviridescens",1,8546826,"Agapanthia villosoviridescens","Animalia"
"418",7335,8211070,"Sciurus vulgaris Linnaeus, 1758","Sciurus vulgaris","SPECIES","ACCEPTED",100,"EXACT","Animalia","Sciurus vulgaris",1,8211070,"Sciurus vulgaris","Animalia"
"419",7350,8176911,"Hipparchia semele Linnaeus, 1758","Hipparchia semele","SPECIES","ACCEPTED",100,"EXACT","Animalia","Hipparchia semele",1,8176911,"Hipparchia semele","Animalia"
"420",7365,8128385,"Phylloscopus sibillatrix (Bechstein, 1792)","Phylloscopus sibillatrix","SPECIES","ACCEPTED",100,"EXACT","Animalia","Phylloscopus sibillatrix",1,8128385,"Phylloscopus sibillatrix","Animalia"
"421",7397,8211958,"Oxalis acetosella L.","Oxalis acetosella","SPECIES","ACCEPTED",99,"EXACT","Plantae","Oxalis acetosella",6,8211958,"Oxalis acetosella","Plantae"
"422",7415,7972010,"Cardamine pratensis L.","Cardamine pratensis","SPECIES","ACCEPTED",99,"EXACT","Plantae","Cardamine pratensis",6,7972010,"Cardamine pratensis","Plantae"
"423",7440,7854318,"Melanargia galathea Linnaeus, 1758","Melanargia galathea","SPECIES","ACCEPTED",99,"EXACT","Animalia","Melanargia galathea",1,7854318,"Melanargia galathea","Animalia"
"424",7447,1540234,"Eristalis lineata Wahlberg, 1843","Eristalis lineata","SPECIES","SYNONYM",99,"EXACT","Animalia","Cheilosia morio",1,1540231,"Eristalis lineata","Animalia"
"425",7456,7810861,"Argynnis pandora (Denis & Schiffermüller, 1775)","Argynnis pandora","SPECIES","SYNONYM",100,"EXACT","Animalia","Damora pandora",1,1901850,"Argynnis pandora","Animalia"
"426",7480,8108066,"Asplenium trichomanes L.","Asplenium trichomanes","SPECIES","ACCEPTED",99,"EXACT","Plantae","Asplenium trichomanes",6,8108066,"Asplenium trichomanes","Plantae"
"427",7512,7622059,"Pyronia tithonus (Linnaeus, 1771)","Pyronia tithonus","SPECIES","ACCEPTED",100,"EXACT","Animalia","Pyronia tithonus",1,7622059,"Pyronia tithonus","Animalia"
"428",7523,7569075,"Rosalia alpina (Linnaeus, 1758)","Rosalia alpina","SPECIES","ACCEPTED",99,"EXACT","Animalia","Rosalia alpina",1,7569075,"Rosalia alpina","Animalia"
"429",7575,7406504,"Ichthyaetus audouinii (Payraudeau, 1826)","Ichthyaetus audouinii","SPECIES","ACCEPTED",100,"EXACT","Animalia","Ichthyaetus audouinii",1,7406504,"Ichthyaetus audouinii","Animalia"
"430",7706,6446462,"Solidago virgaurea L.","Solidago virgaurea","SPECIES","ACCEPTED",99,"EXACT","Plantae","Solidago virgaurea",6,6446462,"Solidago virgaurea","Plantae"
"431",7730,2497295,"Asio flammeus (Pontoppidan, 1763)","Asio flammeus","SPECIES","ACCEPTED",100,"EXACT","Animalia","Asio flammeus",1,2497295,"Asio flammeus","Animalia"
"432",7751,6096694,"Ephemera lineata Eaton, 1870","Ephemera lineata","SPECIES","ACCEPTED",100,"EXACT","Animalia","Ephemera lineata",1,6096694,"Ephemera lineata","Animalia"
"433",7754,6092830,"Spinus spinus (Linnaeus, 1758)","Spinus spinus","SPECIES","ACCEPTED",100,"EXACT","Animalia","Spinus spinus",1,6092830,"Spinus spinus","Animalia"
"434",7796,5882965,"Satyrium w-album (Knoch, 1782)","Satyrium w-album","SPECIES","ACCEPTED",100,"EXACT","Animalia","Satyrium w-album",1,5882965,"Satyrium w-album","Animalia"
"435",7820,1925221,"Lysandra coridon (Poda, 1761)","Lysandra coridon","SPECIES","ACCEPTED",100,"EXACT","Animalia","Lysandra coridon",1,1925221,"Lysandra coridon","Animalia"
"436",7824,5766549,"Xanthogramma citrofasciatum (De Geer, 1776)","Xanthogramma citrofasciatum","SPECIES","SYNONYM",100,"EXACT","Animalia","Philhelius citrofasciata",1,12008023,"Xanthogramma citrofasciatum","Animalia"
"437",7827,5758737,"Pentatoma rufipes (Linnaeus, 1758)","Pentatoma rufipes","SPECIES","ACCEPTED",100,"EXACT","Animalia","Pentatoma rufipes",1,5758737,"Pentatoma rufipes","Animalia"
"438",7828,5758736,"Rhaphigaster nebulosa (Poda, 1761)","Rhaphigaster nebulosa","SPECIES","ACCEPTED",100,"EXACT","Animalia","Rhaphigaster nebulosa",1,5758736,"Rhaphigaster nebulosa","Animalia"
"439",7840,5748234,"Trichodes alvearius (Fabricius, 1792)","Trichodes alvearius","SPECIES","ACCEPTED",100,"EXACT","Animalia","Trichodes alvearius",1,5748234,"Trichodes alvearius","Animalia"
"440",7843,5744135,"Cantharis livida Linnaeus, 1758","Cantharis livida","SPECIES","ACCEPTED",100,"EXACT","Animalia","Cantharis livida",1,5744135,"Cantharis livida","Animalia"
"441",7848,5739361,"Iduna pallida (Hemprich & Ehrenberg, 1833)","Iduna pallida","SPECIES","ACCEPTED",100,"EXACT","Animalia","Iduna pallida",1,5739361,"Iduna pallida","Animalia"
"442",7857,5706764,"Myodes glareolus (Schreber, 1780)","Myodes glareolus","SPECIES","ACCEPTED",100,"EXACT","Animalia","Myodes glareolus",1,5706764,"Myodes glareolus","Animalia"
"443",7859,5706486,"Glis glis (Linnaeus, 1766)","Glis glis","SPECIES","ACCEPTED",100,"EXACT","Animalia","Glis glis",1,5706486,"Glis glis","Animalia"
"444",7860,5333413,"Andromeda polifolia L.","Andromeda polifolia","SPECIES","ACCEPTED",100,"EXACT","Plantae","Andromeda polifolia",6,5333413,"Andromeda polifolia","Plantae"
"445",7865,5371699,"Hepatica nobilis Schreb.","Hepatica nobilis","SPECIES","ACCEPTED",99,"EXACT","Plantae","Hepatica nobilis",6,5371699,"Hepatica nobilis","Plantae"
"446",7993,5394163,"Taraxacum officinale Weber ex F.H.Wigg.","Taraxacum officinale","SPECIES","ACCEPTED",99,"EXACT","Plantae","Taraxacum officinale",6,5394163,"Taraxacum officinale","Plantae"
"447",7994,5393080,"Arctium tomentosum Mill.","Arctium tomentosum","SPECIES","ACCEPTED",100,"EXACT","Plantae","Arctium tomentosum",6,5393080,"Arctium tomentosum","Plantae"
"448",8001,5384604,"Stellaria media (L.) Vill.","Stellaria media","SPECIES","ACCEPTED",99,"EXACT","Plantae","Stellaria media",6,5384604,"Stellaria media","Plantae"
"449",8002,5376075,"Alliaria petiolata (M.Bieb.) Cavara & Grande","Alliaria petiolata","SPECIES","ACCEPTED",100,"EXACT","Plantae","Alliaria petiolata",6,5376075,"Alliaria petiolata","Plantae"
"450",8009,5369701,"Geum rivale L.","Geum rivale","SPECIES","ACCEPTED",99,"EXACT","Plantae","Geum rivale",6,5369701,"Geum rivale","Plantae"
"451",8012,5365576,"Potentilla erecta (L.) Raeusch.","Potentilla erecta","SPECIES","ACCEPTED",99,"EXACT","Plantae","Potentilla erecta",6,5365576,"Potentilla erecta","Plantae"
"452",8021,5357013,"Lotus corniculatus L.","Lotus corniculatus","SPECIES","ACCEPTED",100,"EXACT","Plantae","Lotus corniculatus",6,5357013,"Lotus corniculatus","Plantae"
"453",8025,5341297,"Prunella vulgaris L.","Prunella vulgaris","SPECIES","ACCEPTED",99,"EXACT","Plantae","Prunella vulgaris",6,5341297,"Prunella vulgaris","Plantae"
"454",8032,5334186,"Chelidonium majus L.","Chelidonium majus","SPECIES","ACCEPTED",99,"EXACT","Plantae","Chelidonium majus",6,5334186,"Chelidonium majus","Plantae"
"455",8050,5284884,"Picea abies (L.) H.Karst.","Picea abies","SPECIES","ACCEPTED",99,"EXACT","Plantae","Picea abies",6,5284884,"Picea abies","Plantae"
"456",8051,5284517,"Taxus baccata L.","Taxus baccata","SPECIES","ACCEPTED",99,"EXACT","Plantae","Taxus baccata",6,5284517,"Taxus baccata","Plantae"
"457",8068,5275316,"Thelypteris palustris Schott","Thelypteris palustris","SPECIES","ACCEPTED",100,"EXACT","Plantae","Thelypteris palustris",6,5275316,"Thelypteris palustris","Plantae"
"458",8136,5258678,"Aleuria aurantia (Pers.) Fuckel","Aleuria aurantia","SPECIES","ACCEPTED",100,"EXACT","Fungi","Aleuria aurantia",5,5258678,"Aleuria aurantia","Fungi"
"459",8288,5240325,"Amanita phalloides (Vaill. ex Fr.) Link","Amanita phalloides","SPECIES","ACCEPTED",99,"EXACT","Fungi","Amanita phalloides",5,5240325,"Amanita phalloides","Fungi"
"460",8335,5229055,"Psittacula eupatria (Linnaeus, 1766)","Psittacula eupatria","SPECIES","ACCEPTED",100,"EXACT","Animalia","Psittacula eupatria",1,5229055,"Psittacula eupatria","Animalia"
"461",8360,5217160,"Bufo bufo (Linnaeus, 1758)","Bufo bufo","SPECIES","ACCEPTED",100,"EXACT","Animalia","Bufo bufo",1,5217160,"Bufo bufo","Animalia"
"462",8385,5147681,"Lycia hirtaria (Clerck, 1759)","Lycia hirtaria","SPECIES","ACCEPTED",100,"EXACT","Animalia","Lycia hirtaria",1,5147681,"Lycia hirtaria","Animalia"
"463",8389,7633472,"Hesperia comma Linnaeus, 1758","Hesperia comma","SPECIES","ACCEPTED",100,"EXACT","Animalia","Hesperia comma",1,7633472,"Hesperia comma","Animalia"
"464",8399,5137612,"Colias croceus (Geoffroy, 1785)","Colias croceus","SPECIES","ACCEPTED",99,"EXACT","Animalia","Colias croceus",1,5137612,"Colias croceus","Animalia"
"465",8402,5135191,"Erebia aethiops Esper, 1777","Erebia aethiops","SPECIES","ACCEPTED",99,"EXACT","Animalia","Erebia aethiops",1,5135191,"Erebia aethiops","Animalia"
"466",8405,5131142,"Neptis sappho Pallas, 1771","Neptis sappho","SPECIES","ACCEPTED",100,"EXACT","Animalia","Neptis sappho",1,5131142,"Neptis sappho","Animalia"
"467",8406,5130587,"Nymphalis xanthomelas (Denis & Schiffermüller), 1775","Nymphalis xanthomelas","SPECIES","ACCEPTED",99,"EXACT","Animalia","Nymphalis xanthomelas",1,5130587,"Nymphalis xanthomelas","Animalia"
"468",8409,5129378,"Polygonia vaualbum (Denis & Schiffermüller), 1775","Polygonia vaualbum","SPECIES","ACCEPTED",98,"FUZZY","Animalia","Polygonia vaualbum",1,5129378,"Polygonia vau-album","Animalia"
"469",8413,5125689,"Endotricha flammealis (Denis & Schiffermüller), 1775","Endotricha flammealis","SPECIES","ACCEPTED",100,"EXACT","Animalia","Endotricha flammealis",1,5125689,"Endotricha flammealis","Animalia"
"470",8417,5124143,"Sphinx ligustri Linnaeus, 1758","Sphinx ligustri","SPECIES","ACCEPTED",100,"EXACT","Animalia","Sphinx ligustri",1,5124143,"Sphinx ligustri","Animalia"
"471",8418,5124007,"Laothoe populi Linnaeus, 1758","Laothoe populi","SPECIES","ACCEPTED",100,"EXACT","Animalia","Laothoe populi",1,5124007,"Laothoe populi","Animalia"
"472",8427,5115818,"Arctia villica Linnaeus, 1758","Arctia villica","SPECIES","SYNONYM",100,"EXACT","Animalia","Epicallia villica",1,8148822,"Arctia villica","Animalia"
"473",8465,5076862,"Conops flavipes Linnaeus, 1758","Conops flavipes","SPECIES","ACCEPTED",99,"EXACT","Animalia","Conops flavipes",1,5076862,"Conops flavipes","Animalia"
"474",8466,5076797,"Conops quadrifasciatus De Geer, 1776","Conops quadrifasciatus","SPECIES","ACCEPTED",100,"EXACT","Animalia","Conops quadrifasciatus",1,5076797,"Conops quadrifasciatus","Animalia"
"475",8467,5076739,"Conops strigatus Wiedemann, 1824","Conops strigatus","SPECIES","ACCEPTED",100,"EXACT","Animalia","Conops strigatus",1,5076739,"Conops strigatus","Animalia"
"476",8471,5071352,"Helophilus pendulus (Linnaeus, 1758)","Helophilus pendulus","SPECIES","ACCEPTED",100,"EXACT","Animalia","Helophilus pendulus",1,5071352,"Helophilus pendulus","Animalia"
"477",8472,5071172,"Leucozona lucorum (Linnaeus, 1758)","Leucozona lucorum","SPECIES","ACCEPTED",100,"EXACT","Animalia","Leucozona lucorum",1,5071172,"Leucozona lucorum","Animalia"
"478",8474,5071001,"Criorhina asilica (Fallén, 1816)","Criorhina asilica","SPECIES","ACCEPTED",100,"EXACT","Animalia","Criorhina asilica",1,5071001,"Criorhina asilica","Animalia"
"479",8476,5068730,"Phaonia angelicae (Scopoli, 1763)","Phaonia angelicae","SPECIES","ACCEPTED",100,"EXACT","Animalia","Phaonia angelicae",1,5068730,"Phaonia angelicae","Animalia"
"480",8486,5051951,"Gomphus vulgatissimus (Linnaeus, 1758)","Gomphus vulgatissimus","SPECIES","ACCEPTED",100,"EXACT","Animalia","Gomphus vulgatissimus",1,5051951,"Gomphus vulgatissimus","Animalia"
"481",8559,7805462,"Hylobius abietis (C.Linnaeus, 1758)","Hylobius abietis","SPECIES","ACCEPTED",100,"EXACT","Animalia","Hylobius abietis",1,7805462,"Hylobius (Callirus) abietis","Animalia"
"482",8574,4996726,"Odonteus armiger (Scopoli, 1772)","Odonteus armiger","SPECIES","ACCEPTED",100,"EXACT","Animalia","Odonteus armiger",1,4996726,"Odonteus armiger","Animalia"
"483",8684,4535632,"Lasiommata megera (Linnaeus, 1767)","Lasiommata megera","SPECIES","DOUBTFUL",99,"EXACT","Animalia","Lasiommata megera",1,4535632,"Lasiommata megera","Animalia"
"484",8685,4535447,"Argynnis aglaja (Linnaeus, 1758)","Argynnis aglaja","SPECIES","SYNONYM",100,"EXACT","Animalia","Speyeria aglaja",1,6221746,"Argynnis aglaja","Animalia"
"485",8686,7931431,"Argynnis adippe Schiffermuller, 1775","Argynnis adippe","SPECIES","SYNONYM",99,"EXACT","Animalia","Fabriciana adippe",1,7809779,"Argynnis adippe","Animalia"
"486",8687,4534909,"Notodonta ziczac (Linnaeus, 1758)","Notodonta ziczac","SPECIES","ACCEPTED",100,"EXACT","Animalia","Notodonta ziczac",1,4534909,"Notodonta ziczac","Animalia"
"487",8714,4516845,"Xylota jakutorum Bagatshanova, 1980","Xylota jakutorum","SPECIES","ACCEPTED",100,"EXACT","Animalia","Xylota jakutorum",1,4516845,"Xylota jakutorum","Animalia"
"488",8783,4490913,"Athalia rosae (Linnaeus, 1758)","Athalia rosae","SPECIES","ACCEPTED",100,"EXACT","Animalia","Athalia rosae",1,4490913,"Athalia rosae","Animalia"
"489",8815,4486826,"Pyrrhocoris apterus (Linnaeus, 1758)","Pyrrhocoris apterus","SPECIES","ACCEPTED",100,"EXACT","Animalia","Pyrrhocoris apterus",1,4486826,"Pyrrhocoris apterus","Animalia"
"490",8816,4486328,"Spilostethus saxatilis (Scopoli, 1763)","Spilostethus saxatilis","SPECIES","ACCEPTED",100,"EXACT","Animalia","Spilostethus saxatilis",1,4486328,"Spilostethus saxatilis","Animalia"
"491",8817,4486243,"Oxycarenus lavaterae (Fabricius, 1787)","Oxycarenus lavaterae","SPECIES","ACCEPTED",100,"EXACT","Animalia","Oxycarenus lavaterae",1,4486243,"Oxycarenus lavaterae","Animalia"
"492",8819,4485952,"Eysarcoris venustissimus (Schrank, 1776)","Eysarcoris venustissimus","SPECIES","ACCEPTED",100,"EXACT","Animalia","Eysarcoris venustissimus",1,4485952,"Eysarcoris venustissimus","Animalia"
"493",8821,4485824,"Dolycoris baccarum (Linnaeus, 1758)","Dolycoris baccarum","SPECIES","ACCEPTED",100,"EXACT","Animalia","Dolycoris baccarum",1,4485824,"Dolycoris baccarum","Animalia"
"494",8822,4485800,"Carpocoris fuscispinus (Boheman, 1850)","Carpocoris fuscispinus","SPECIES","ACCEPTED",100,"EXACT","Animalia","Carpocoris fuscispinus",1,4485800,"Carpocoris fuscispinus","Animalia"
"495",8823,4485798,"Carpocoris purpureipennis (DeGeer, 1773)","Carpocoris purpureipennis","SPECIES","ACCEPTED",100,"EXACT","Animalia","Carpocoris purpureipennis",1,4485798,"Carpocoris purpureipennis","Animalia"
"496",8824,4485722,"Ancyrosoma leucogrammes (Gmelin, 1790)","Ancyrosoma leucogrammes","SPECIES","ACCEPTED",100,"EXACT","Animalia","Ancyrosoma leucogrammes",1,4485722,"Ancyrosoma leucogrammes","Animalia"
"497",8841,4460251,"Chrysolina polita (Linnaeus, 1758)","Chrysolina polita","SPECIES","SYNONYM",100,"EXACT","Animalia","Chrysomela polita",1,4460252,"Chrysolina polita","Animalia"
"498",8845,4459758,"Plagiosterna aenea (Linnaeus, 1758)","Plagiosterna aenea","SPECIES","ACCEPTED",100,"EXACT","Animalia","Plagiosterna aenea",1,4459758,"Plagiosterna aenea","Animalia"
"499",8846,4459731,"Chrysomela vigintipunctata Scopoli, 1763","Chrysomela vigintipunctata","SPECIES","ACCEPTED",100,"EXACT","Animalia","Chrysomela vigintipunctata",1,4459731,"Chrysomela vigintipunctata","Animalia"
"500",8848,4459546,"Chlorophorus varius (Müller, 1766)","Chlorophorus varius","SPECIES","ACCEPTED",99,"EXACT","Animalia","Chlorophorus varius",1,4459546,"Chlorophorus varius","Animalia"
"501",8877,4449375,"Malachius bipustulatus (Linnaeus, 1758)","Malachius bipustulatus","SPECIES","ACCEPTED",100,"EXACT","Animalia","Malachius bipustulatus",1,4449375,"Malachius bipustulatus","Animalia"
"502",8901,4428942,"Agrypnus murinus (Linnaeus, 1758)","Agrypnus murinus","SPECIES","ACCEPTED",100,"EXACT","Animalia","Agrypnus murinus",1,4428942,"Agrypnus murinus","Animalia"
"503",8907,4425804,"Phyllopertha horticola (Linnaeus, 1758)","Phyllopertha horticola","SPECIES","ACCEPTED",100,"EXACT","Animalia","Phyllopertha horticola",1,4425804,"Phyllopertha horticola","Animalia"
"504",8917,4409131,"Castor fiber Linnaeus, 1758","Castor fiber","SPECIES","ACCEPTED",100,"EXACT","Animalia","Castor fiber",1,4409131,"Castor fiber","Animalia"
"505",8921,4391874,"Corizus hyoscyami (Linnaeus, 1758)","Corizus hyoscyami","SPECIES","ACCEPTED",100,"EXACT","Animalia","Corizus hyoscyami",1,4391874,"Corizus hyoscyami","Animalia"
"506",8929,4388663,"Syromastus rhombeus (Linnaeus, 1767)","Syromastus rhombeus","SPECIES","ACCEPTED",100,"EXACT","Animalia","Syromastus rhombeus",1,4388663,"Syromastus rhombeus","Animalia"
"507",8954,8600904,"Cervus canadensis Erxleben, 1777","Cervus canadensis","SPECIES","SYNONYM",100,"EXACT","Animalia","Cervus elaphus",1,2440958,"Cervus canadensis","Animalia"
"508",8962,8249145,"Monotropa hypopitys L.","Monotropa hypopitys","SPECIES","SYNONYM",100,"EXACT","Plantae","Hypopitys monotropa",6,2888342,"Monotropa hypopitys","Plantae"
"509",8996,7874883,"Veronica chamaedrys L.","Veronica chamaedrys","SPECIES","ACCEPTED",99,"EXACT","Plantae","Veronica chamaedrys",6,7874883,"Veronica chamaedrys","Plantae"
"510",9192,11074143,"Candelariella aurella (Hoffm.) Zahlbr.","Candelariella aurella","SPECIES","ACCEPTED",100,"EXACT","Fungi","Candelariella aurella",5,11074143,"Candelariella aurella","Fungi"
"511",9346,3191030,"Drosera rotundifolia L.","Drosera rotundifolia","SPECIES","ACCEPTED",99,"EXACT","Plantae","Drosera rotundifolia",6,3191030,"Drosera rotundifolia","Plantae"
"512",9354,3172049,"Veronica officinalis L.","Veronica officinalis","SPECIES","ACCEPTED",100,"EXACT","Plantae","Veronica officinalis",6,3172049,"Veronica officinalis","Plantae"
"513",9359,3169707,"Vinca minor L.","Vinca minor","SPECIES","ACCEPTED",99,"EXACT","Plantae","Vinca minor",6,3169707,"Vinca minor","Plantae"
"514",9366,3152374,"Malva sylvestris L.","Malva sylvestris","SPECIES","ACCEPTED",100,"EXACT","Plantae","Malva sylvestris",6,3152374,"Malva sylvestris","Plantae"
"515",9381,3113414,"Cirsium arvense (L.) Scop.","Cirsium arvense","SPECIES","ACCEPTED",100,"EXACT","Plantae","Cirsium arvense",6,3113414,"Cirsium arvense","Plantae"
"516",9386,8228544,"Sonchus oleraceus L.","Sonchus oleraceus","SPECIES","ACCEPTED",99,"EXACT","Plantae","Sonchus oleraceus",6,8228544,"Sonchus oleraceus","Plantae"
"517",9395,3082234,"Cornus sanguinea L.","Cornus sanguinea","SPECIES","ACCEPTED",99,"EXACT","Plantae","Cornus sanguinea",6,3082234,"Cornus sanguinea","Plantae"
"518",9418,3033263,"Anemone nemorosa L.","Anemone nemorosa","SPECIES","ACCEPTED",99,"EXACT","Plantae","Anemone nemorosa",6,3033263,"Anemone nemorosa","Plantae"
"519",9439,2987999,"Filipendula ulmaria (L.) Maxim.","Filipendula ulmaria","SPECIES","ACCEPTED",99,"EXACT","Plantae","Filipendula ulmaria",6,2987999,"Filipendula ulmaria","Plantae"
"520",9451,2926557,"Glechoma hederacea L.","Glechoma hederacea","SPECIES","ACCEPTED",100,"EXACT","Plantae","Glechoma hederacea",6,2926557,"Glechoma hederacea","Plantae"
"521",9453,2925529,"Verbena officinalis L.","Verbena officinalis","SPECIES","ACCEPTED",100,"EXACT","Plantae","Verbena officinalis",6,2925529,"Verbena officinalis","Plantae"
"522",9467,2889828,"Viscum album L.","Viscum album","SPECIES","ACCEPTED",99,"EXACT","Plantae","Viscum album",6,2889828,"Viscum album","Viridiplantae"
"523",9469,2888951,"Rumex acetosa L.","Rumex acetosa","SPECIES","ACCEPTED",100,"EXACT","Plantae","Rumex acetosa",6,2888951,"Rumex acetosa","Plantae"
"524",9471,2888811,"Succisa pratensis Moench","Succisa pratensis","SPECIES","ACCEPTED",100,"EXACT","Plantae","Succisa pratensis",6,2888811,"Succisa pratensis","Plantae"
"525",9472,2888806,"Scabiosa ochroleuca L.","Scabiosa ochroleuca","SPECIES","ACCEPTED",99,"EXACT","Plantae","Scabiosa ochroleuca",6,2888806,"Scabiosa ochroleuca","Plantae"
"526",9477,2882835,"Vaccinium vitis-idaea L.","Vaccinium vitis-idaea","SPECIES","ACCEPTED",100,"EXACT","Plantae","Vaccinium vitis-idaea",6,2882835,"Vaccinium vitis-idaea","Plantae"
"527",9478,2882833,"Vaccinium myrtillus L.","Vaccinium myrtillus","SPECIES","ACCEPTED",99,"EXACT","Plantae","Vaccinium myrtillus",6,2882833,"Vaccinium myrtillus","Plantae"
"528",9487,2878688,"Quercus robur L.","Quercus robur","SPECIES","ACCEPTED",99,"EXACT","Plantae","Quercus robur",6,2878688,"Quercus robur","Plantae"
"529",9499,2875979,"Corylus avellana L.","Corylus avellana","SPECIES","ACCEPTED",99,"EXACT","Plantae","Corylus avellana",6,2875979,"Corylus avellana","Plantae"
"530",9509,2797913,"Platanthera chlorantha (Custer) Rchb.","Platanthera chlorantha","SPECIES","ACCEPTED",100,"EXACT","Plantae","Platanthera chlorantha",6,2797913,"Platanthera chlorantha","Plantae"
"531",9510,2795845,"Cephalanthera rubra (L.) Rich.","Cephalanthera rubra","SPECIES","ACCEPTED",100,"EXACT","Plantae","Cephalanthera rubra",6,2795845,"Cephalanthera rubra","Plantae"
"532",9545,2705975,"Anthoxanthum odoratum L.","Anthoxanthum odoratum","SPECIES","ACCEPTED",100,"EXACT","Plantae","Anthoxanthum odoratum",6,2705975,"Anthoxanthum odoratum","Plantae"
"533",9550,2704394,"Cynosurus echinatus L.","Cynosurus echinatus","SPECIES","ACCEPTED",100,"EXACT","Plantae","Cynosurus echinatus",6,2704394,"Cynosurus echinatus","Plantae"
"534",9577,2684709,"Juniperus communis L.","Juniperus communis","SPECIES","ACCEPTED",99,"EXACT","Plantae","Juniperus communis",6,2684709,"Juniperus communis","Plantae"
"535",9580,2681972,"Hypnum cupressiforme Hedw.","Hypnum cupressiforme","SPECIES","ACCEPTED",100,"EXACT","Plantae","Hypnum cupressiforme",6,2681972,"Hypnum cupressiforme","Plantae"
"536",9641,2651330,"Phegopteris connectilis (Michx.) Watt","Phegopteris connectilis","SPECIES","ACCEPTED",100,"EXACT","Plantae","Phegopteris connectilis",6,2651330,"Phegopteris connectilis","Plantae"
"537",9642,2651330,"Phegopteris connectilis (Michx.) Watt","Phegopteris connectilis","SPECIES","ACCEPTED",100,"EXACT","Plantae","Phegopteris connectilis",6,2651330,"Phegopteris connectilis","Plantae"
"538",9643,2650832,"Gymnocarpium dryopteris (L.) Newman","Gymnocarpium dryopteris","SPECIES","ACCEPTED",99,"EXACT","Plantae","Gymnocarpium dryopteris",6,2650832,"Gymnocarpium dryopteris","Plantae"
"539",9645,2650165,"Botrychium lunaria (L.) Sw.","Botrychium lunaria","SPECIES","ACCEPTED",100,"EXACT","Plantae","Botrychium lunaria",6,2650165,"Botrychium lunaria","Plantae"
"540",9868,2608167,"Ramalina farinacea (L.) Ach.","Ramalina farinacea","SPECIES","ACCEPTED",100,"EXACT","Fungi","Ramalina farinacea",5,2608167,"Ramalina farinacea","Fungi"
"541",9945,2605831,"Vulpicida pinastri (Scop.) J.-E.Mattsson & M.J.Lai","Vulpicida pinastri","SPECIES","ACCEPTED",100,"EXACT","Fungi","Vulpicida pinastri",5,2605831,"Vulpicida pinastri","Fungi"
"542",10483,2550493,"Artomyces pyxidatus (Pers.) Jülich","Artomyces pyxidatus","SPECIES","ACCEPTED",100,"EXACT","Fungi","Artomyces pyxidatus",5,2550493,"Artomyces pyxidatus","Fungi"
"543",10492,2549683,"Ganoderma resinaceum Boud.","Ganoderma resinaceum","SPECIES","ACCEPTED",99,"EXACT","Fungi","Ganoderma resinaceum",5,2549683,"Ganoderma resinaceum","Fungi"
"544",10715,9761484,"Anas platyrhynchos Linnaeus, 1758","Anas platyrhynchos","SPECIES","ACCEPTED",100,"EXACT","Animalia","Anas platyrhynchos",1,9761484,"Anas platyrhynchos","Animalia"
"545",10716,2498017,"Anser albifrons (Scopoli, 1769)","Anser albifrons","SPECIES","ACCEPTED",100,"EXACT","Animalia","Anser albifrons",1,2498017,"Anser albifrons","Animalia"
"546",10724,2494200,"Serinus serinus (Linnaeus, 1766)","Serinus serinus","SPECIES","ACCEPTED",100,"EXACT","Animalia","Serinus serinus",1,2494200,"Serinus serinus","Animalia"
"547",10732,9990095,"Curruca melanocephala (J.F.Gmelin, 1789)","Curruca melanocephala","SPECIES","ACCEPTED",100,"EXACT","Animalia","Curruca melanocephala",1,9990095,"Curruca melanocephala","Animalia"
"548",10735,2492542,"Luscinia luscinia (Linnaeus, 1758)","Luscinia luscinia","SPECIES","ACCEPTED",100,"EXACT","Animalia","Luscinia luscinia",1,2492542,"Luscinia luscinia","Animalia"
"549",10777,2487603,"Certhia familiaris Linnaeus, 1758","Certhia familiaris","SPECIES","ACCEPTED",100,"EXACT","Animalia","Certhia familiaris",1,2487603,"Certhia familiaris","Animalia"
"550",10805,2480685,"Hieraaetus pennatus (Gmelin, 1788)","Hieraaetus pennatus","SPECIES","ACCEPTED",100,"EXACT","Animalia","Hieraaetus pennatus",1,2480685,"Hieraaetus pennatus","Animalia"
"551",10806,2480637,"Accipiter nisus (Linnaeus, 1758)","Accipiter nisus","SPECIES","ACCEPTED",100,"EXACT","Animalia","Accipiter nisus",1,2480637,"Accipiter nisus","Animalia"
"552",10830,2478031,"Dendrocopos syriacus (Hemprich & Ehrenberg, 1833)","Dendrocopos syriacus","SPECIES","ACCEPTED",100,"EXACT","Animalia","Dendrocopos syriacus",1,2478031,"Dendrocopos syriacus","Animalia"
"553",10831,8773033,"Dendrocoptes medius (Linnaeus, 1758)","Dendrocoptes medius","SPECIES","ACCEPTED",100,"EXACT","Animalia","Dendrocoptes medius",1,8773033,"Dendrocoptes medius","Animalia"
"554",10849,2458538,"Zamenis longissimus (Laurenti, 1768)","Zamenis longissimus","SPECIES","ACCEPTED",100,"EXACT","Animalia","Zamenis longissimus",1,2458538,"Zamenis longissimus","Animalia"
"555",10862,2437760,"Apodemus sylvaticus (Linnaeus, 1758)","Apodemus sylvaticus","SPECIES","ACCEPTED",100,"EXACT","Animalia","Apodemus sylvaticus",1,2437760,"Apodemus sylvaticus","Animalia"
"556",10880,2432614,"Rhinolophus hipposideros (Bechstein, 1800)","Rhinolophus hipposideros","SPECIES","ACCEPTED",99,"EXACT","Animalia","Rhinolophus hipposideros",1,2432614,"Rhinolophus hipposideros","Animalia"
"557",10881,2432582,"Barbastella barbastellus (Schreber, 1774)","Barbastella barbastellus","SPECIES","ACCEPTED",100,"EXACT","Animalia","Barbastella barbastellus",1,2432582,"Barbastella barbastellus","Animalia"
"558",10882,9796816,"Miniopterus schreibersii (Kuhl, 1817)","Miniopterus schreibersii","SPECIES","ACCEPTED",99,"EXACT","Animalia","Miniopterus schreibersii",1,9796816,"Miniopterus schreibersii","Animalia"
"559",10885,2432427,"Myotis bechsteinii (Kuhl, 1817)","Myotis bechsteinii","SPECIES","ACCEPTED",99,"EXACT","Animalia","Myotis bechsteinii",1,2432427,"Myotis bechsteinii","Animalia"
"560",10985,2079176,"Acrosternum heegeri Fieber, 1861","Acrosternum heegeri","SPECIES","ACCEPTED",100,"EXACT","Animalia","Acrosternum heegeri",1,2079176,"Acrosternum heegeri","Animalia"
"561",11014,2068870,"Metcalfa pruinosa (Say, 1830)","Metcalfa pruinosa","SPECIES","ACCEPTED",100,"EXACT","Animalia","Metcalfa pruinosa",1,2068870,"Metcalfa pruinosa","Animalia"
"562",11018,2050239,"Rhopalus subrufus (Gmelin, 1790)","Rhopalus subrufus","SPECIES","ACCEPTED",100,"EXACT","Animalia","Rhopalus subrufus",1,2050239,"Rhopalus subrufus","Animalia"
"563",11020,2050012,"Ceraleptus gracilicornis (Herrich-Schäffer, 1835)","Ceraleptus gracilicornis","SPECIES","ACCEPTED",100,"EXACT","Animalia","Ceraleptus gracilicornis",1,2050012,"Ceraleptus gracilicornis","Animalia"
"564",11054,2019168,"Cercopis intermedia Kirschbaum, 1868","Cercopis intermedia","SPECIES","ACCEPTED",99,"EXACT","Animalia","Cercopis intermedia",1,2019168,"Cercopis intermedia","Animalia"
"565",11055,2016266,"Aphrophora alni (Fallén, 1805)","Aphrophora alni","SPECIES","ACCEPTED",100,"EXACT","Animalia","Aphrophora alni",1,2016266,"Aphrophora alni","Animalia"
"566",11082,2008516,"Reduvius personatus (Linnaeus, 1758)","Reduvius personatus","SPECIES","ACCEPTED",100,"EXACT","Animalia","Reduvius personatus",1,2008516,"Reduvius personatus","Animalia"
"567",11086,1998104,"Ectobius lapponicus (Linnaeus, 1758)","Ectobius lapponicus","SPECIES","ACCEPTED",100,"EXACT","Animalia","Ectobius lapponicus",1,1998104,"Ectobius lapponicus","Animalia"
"568",11093,7612599,"Ectropis bistortata Rebel","Ectropis bistortata","SPECIES","SYNONYM",100,"EXACT","Animalia","Ectropis crepuscularia",1,8421569,"Ectropis bistortata","Animalia"
"569",11094,1978776,"Campaea margaritaria (Linnaeus, 1761)","Campaea margaritaria","SPECIES","ACCEPTED",100,"EXACT","Animalia","Campaea margaritaria",1,1978776,"Campaea margaritaria","Animalia"
"570",11095,1978754,"Campaea margaritata (Linnaeus, 1767)","Campaea margaritata","SPECIES","SYNONYM",100,"EXACT","Animalia","Campaea margaritaria",1,1978776,"Campaea margaritata","Animalia"
"571",11102,1966017,"Timandra comae Schmidt, 1931","Timandra comae","SPECIES","ACCEPTED",100,"EXACT","Animalia","Timandra comae",1,1966017,"Timandra comae","Animalia"
"572",11105,1963446,"Chloroclysta siterata (Hufnagel, 1767)","Chloroclysta siterata","SPECIES","ACCEPTED",100,"EXACT","Animalia","Chloroclysta siterata",1,1963446,"Chloroclysta siterata","Animalia"
"573",11114,1952806,"Watsonalla binaria (Hufnagel, 1769)","Watsonalla binaria","SPECIES","ACCEPTED",100,"EXACT","Animalia","Watsonalla binaria",1,1952806,"Watsonalla binaria","Animalia"
"574",11127,1947335,"Carterocephalus palaemon (Pallas, 1771)","Carterocephalus palaemon","SPECIES","ACCEPTED",100,"EXACT","Animalia","Carterocephalus palaemon",1,1947335,"Carterocephalus palaemon","Animalia"
"575",11134,1945569,"Spialia sertorius (Hoffmannsegg, 1804)","Spialia sertorius","SPECIES","ACCEPTED",100,"EXACT","Animalia","Spialia sertorius",1,1945569,"Spialia sertorius","Animalia"
"576",11138,8273661,"Thymelicus sylvestris (Poda, 1761)","Thymelicus sylvestris","SPECIES","ACCEPTED",100,"EXACT","Animalia","Thymelicus sylvestris",1,8273661,"Thymelicus sylvestris","Animalia"
"577",11142,12352224,"Synanthedon typhiaeformis (Borkhausen, 1789)","Synanthedon typhiaeformis","SPECIES","SYNONYM",100,"EXACT","Animalia","Synanthedon myopaeformis",1,4525777,"Synanthedon typhiaeformis","Animalia"
"578",11167,1929697,"Lycaena phlaeas (Linnaeus, 1761)","Lycaena phlaeas","SPECIES","ACCEPTED",99,"EXACT","Animalia","Lycaena phlaeas",1,1929697,"Lycaena phlaeas","Animalia"
"579",11177,1920712,"Gonepteryx rhamni (Linnaeus, 1758)","Gonepteryx rhamni","SPECIES","ACCEPTED",100,"EXACT","Animalia","Gonepteryx rhamni",1,1920712,"Gonepteryx rhamni","Animalia"
"580",11187,1919712,"Anthocharis cardamines (Linnaeus, 1758)","Anthocharis cardamines","SPECIES","ACCEPTED",100,"EXACT","Animalia","Anthocharis cardamines",1,1919712,"Anthocharis cardamines","Animalia"
"581",11211,1894840,"Aglais urticae (Linnaeus, 1758)","Aglais urticae","SPECIES","ACCEPTED",100,"EXACT","Animalia","Aglais urticae",1,1894840,"Aglais urticae","Animalia"
"582",11267,1828162,"Ptilodon capucina (Linnaeus, 1758)","Ptilodon capucina","SPECIES","ACCEPTED",99,"EXACT","Animalia","Ptilodon capucina",1,1828162,"Ptilodon capucina","Animalia"
"583",11268,1825077,"Notodonta dromedarius (Linnaeus, 1767)","Notodonta dromedarius","SPECIES","ACCEPTED",100,"EXACT","Animalia","Notodonta dromedarius",1,1825077,"Notodonta dromedarius","Animalia"
"584",11276,1819145,"Calliteara pudibunda Linnaeus, 1758","Calliteara pudibunda","SPECIES","ACCEPTED",100,"EXACT","Animalia","Calliteara pudibunda",1,1819145,"Calliteara pudibunda","Animalia"
"585",11281,8237987,"Spilosoma lubricipeda (Linnaeus, 1758)","Spilosoma lubricipeda","SPECIES","ACCEPTED",99,"EXACT","Animalia","Spilosoma lubricipeda",1,8237987,"Spilosoma lubricipeda","Animalia"
"586",11286,1802280,"Pseudoips prasinana (Linnaeus, 1758)","Pseudoips prasinana","SPECIES","ACCEPTED",100,"EXACT","Animalia","Pseudoips prasinana",1,1802280,"Pseudoips prasinana","Animalia"
"587",11290,1799799,"Panemeria tenebrata (Scopoli, 1763)","Panemeria tenebrata","SPECIES","ACCEPTED",99,"EXACT","Animalia","Panemeria tenebrata",1,1799799,"Panemeria tenebrata","Animalia"
"588",11303,1782672,"Acronicta rumicis Linnaeus, 1758","Acronicta rumicis","SPECIES","ACCEPTED",100,"EXACT","Animalia","Acronicta rumicis",1,1782672,"Acronicta rumicis","Animalia"
"589",11304,1782560,"Phlogophora meticulosa (Linnaeus, 1758)","Phlogophora meticulosa","SPECIES","ACCEPTED",100,"EXACT","Animalia","Phlogophora meticulosa",1,1782560,"Phlogophora meticulosa","Animalia"
"590",11365,1734826,"Lasiocampa quercus Linnaeus, 1758","Lasiocampa quercus","SPECIES","ACCEPTED",100,"EXACT","Animalia","Lasiocampa quercus",1,1734826,"Lasiocampa quercus","Animalia"
"591",11373,1703295,"Calliptamus barbarus (Costa, 1836)","Calliptamus barbarus","SPECIES","ACCEPTED",100,"EXACT","Animalia","Calliptamus barbarus",1,1703295,"Calliptamus barbarus","Animalia"
"592",11378,1695297,"Pholidoptera griseoaptera (De Geer, 1773)","Pholidoptera griseoaptera","SPECIES","ACCEPTED",100,"EXACT","Animalia","Pholidoptera griseoaptera",1,1695297,"Pholidoptera griseoaptera","Animalia"
"593",11468,1542111,"Dasysyrphus albostriatus (Fallén, 1817)","Dasysyrphus albostriatus","SPECIES","ACCEPTED",100,"EXACT","Animalia","Dasysyrphus albostriatus",1,1542111,"Dasysyrphus albostriatus","Animalia"
"594",11469,1542077,"Dasysyrphus pinastri (De Geer, 1776)","Dasysyrphus pinastri","SPECIES","ACCEPTED",100,"EXACT","Animalia","Dasysyrphus pinastri",1,1542077,"Dasysyrphus pinastri","Animalia"
"595",11472,1541339,"Eristalis rupium Fabricius, 1805","Eristalis rupium","SPECIES","ACCEPTED",100,"EXACT","Animalia","Eristalis rupium",1,1541339,"Eristalis rupium","Animalia"
"596",11482,1540726,"Eupeodes nitens (Zetterstedt, 1843)","Eupeodes nitens","SPECIES","ACCEPTED",100,"EXACT","Animalia","Eupeodes nitens",1,1540726,"Eupeodes nitens","Animalia"
"597",11484,1540549,"Cheilosia barbata Loew, 1857","Cheilosia barbata","SPECIES","ACCEPTED",100,"EXACT","Animalia","Cheilosia barbata",1,1540549,"Cheilosia barbata","Animalia"
"598",11491,1538824,"Sericomyia superbiens (Müller, 1776)","Sericomyia superbiens","SPECIES","ACCEPTED",100,"EXACT","Animalia","Sericomyia superbiens",1,1538824,"Sericomyia superbiens","Animalia"
"599",11495,1538434,"Lejops lineatus (Fabricius, 1787)","Lejops lineatus","SPECIES","SYNONYM",100,"EXACT","Animalia","Eurimyia lineatus",1,10366531,"Lejops lineatus","Animalia"
"600",11501,1537245,"Syrphus torvus Osten Sacken, 1875","Syrphus torvus","SPECIES","ACCEPTED",100,"EXACT","Animalia","Syrphus torvus",1,1537245,"Syrphus torvus","Animalia"
"601",11506,1536728,"Chrysogaster aerosa Loew, 1843","Chrysogaster aerosa","SPECIES","ACCEPTED",100,"EXACT","Animalia","Chrysogaster aerosa",1,1536728,"Chrysogaster aerosa","Animalia"
"602",11512,1536326,"Pipiza austriaca Meigen, 1822","Pipiza austriaca","SPECIES","SYNONYM",100,"EXACT","Animalia","Pipiza festiva",1,1536318,"Pipiza austriaca","Animalia"
"603",11513,1536015,"Chrysotoxum vernale Loew, 1841","Chrysotoxum vernale","SPECIES","ACCEPTED",100,"EXACT","Animalia","Chrysotoxum vernale",1,1536015,"Chrysotoxum vernale","Animalia"
"604",11514,1535728,"Paragus pecchiolii Rondani, 1857","Paragus pecchiolii","SPECIES","ACCEPTED",100,"EXACT","Animalia","Paragus pecchiolii",1,1535728,"Paragus pecchiolii","Animalia"
"605",11515,1535656,"Sphegina elegans Schummel, 1841","Sphegina elegans","SPECIES","ACCEPTED",99,"EXACT","Animalia","Sphegina elegans",1,1535656,"Sphegina elegans","Animalia"
"606",11517,1535521,"Meliscaeva cinctella (Zetterstedt, 1843)","Meliscaeva cinctella","SPECIES","ACCEPTED",100,"EXACT","Animalia","Meliscaeva cinctella",1,1535521,"Meliscaeva cinctella","Animalia"
"607",11531,1533005,"Caliprobola speciosa (Rossi, 1790)","Caliprobola speciosa","SPECIES","ACCEPTED",100,"EXACT","Animalia","Caliprobola speciosa",1,1533005,"Caliprobola speciosa","Animalia"
"608",11570,1464567,"Phasia hemiptera (Fabricius, 1794)","Phasia hemiptera","SPECIES","ACCEPTED",100,"EXACT","Animalia","Phasia hemiptera",1,1464567,"Phasia hemiptera","Animalia"
"609",11583,1427037,"Calopteryx virgo (Linnaeus, 1758)","Calopteryx virgo","SPECIES","ACCEPTED",99,"EXACT","Animalia","Calopteryx virgo",1,1427037,"Calopteryx virgo","Animalia"
"610",12015,1296299,"Diphyus quadripunctorius (Muller, 1776)","Diphyus quadripunctorius","SPECIES","ACCEPTED",100,"EXACT","Animalia","Diphyus quadripunctorius",1,1296299,"Diphyus quadripunctorius","Animalia"
"611",12125,1085188,"Trichius fasciatus (Linnaeus, 1758)","Trichius fasciatus","SPECIES","ACCEPTED",100,"EXACT","Animalia","Trichius fasciatus",1,1085188,"Trichius fasciatus","Animalia"
"612",12130,1082966,"Valgus hemipterus (Linnaeus, 1758)","Valgus hemipterus","SPECIES","ACCEPTED",100,"EXACT","Animalia","Valgus hemipterus",1,1082966,"Valgus hemipterus","Animalia"
"613",12139,1077130,"Oxythyrea funesta (Poda, 1761)","Oxythyrea funesta","SPECIES","ACCEPTED",100,"EXACT","Animalia","Oxythyrea funesta",1,1077130,"Oxythyrea funesta","Animalia"
"614",12173,1046592,"Lytta vesicatoria (Linnaeus, 1758)","Lytta vesicatoria","SPECIES","ACCEPTED",100,"EXACT","Animalia","Lytta vesicatoria",1,1046592,"Lytta vesicatoria","Animalia"
"615",12195,1043082,"Hippodamia variegata (Goeze, 1777)","Hippodamia variegata","SPECIES","ACCEPTED",100,"EXACT","Animalia","Hippodamia variegata",1,1043082,"Hippodamia variegata","Animalia"
"616",12239,2433753,"Lutra lutra (Linnaeus, 1758)","Lutra lutra","SPECIES","ACCEPTED",99,"EXACT","Animalia","Lutra lutra",1,2433753,"Lutra lutra",""
"617",12246,5203999,"Thymallus thymallus (Linnaeus, 1758)","Thymallus thymallus","SPECIES","ACCEPTED",99,"EXACT","Animalia","Thymallus thymallus",1,5203999,"Thymallus thymallus",""
"618",12285,5231763,"Prunella modularis (Linnaeus, 1758)","Prunella modularis","SPECIES","ACCEPTED",100,"EXACT","Animalia","Prunella modularis",1,5231763,"Prunella modularis","Animalia"
"619",12306,5229168,"Milvus milvus (Linnaeus, 1758)","Milvus milvus","SPECIES","ACCEPTED",100,"EXACT","Animalia","Milvus milvus",1,5229168,"Milvus milvus","Animalia"
"620",12310,2480513,"Aquila nipalensis Hodgson, 1833","Aquila nipalensis","SPECIES","ACCEPTED",100,"EXACT","Animalia","Aquila nipalensis",1,2480513,"Aquila nipalensis","Animalia"
"621",12313,2480500,"Aquila heliaca Savigny, 1809","Aquila heliaca","SPECIES","ACCEPTED",100,"EXACT","Animalia","Aquila heliaca",1,2480500,"Aquila heliaca","Animalia"
"622",12314,2480505,"Aquila pomarina C.L.Brehm, 1831","Aquila pomarina","SPECIES","ACCEPTED",100,"EXACT","Animalia","Aquila pomarina",1,2480505,"Aquila pomarina","Animalia"
"623",12335,7805462,"Hylobius abietis (C.Linnaeus, 1758)","Hylobius abietis","SPECIES","ACCEPTED",100,"EXACT","Animalia","Hylobius abietis",1,7805462,"Hylobius abietis","Animalia"
"624",12370,2498036,"Anser anser (Linnaeus, 1758)","Anser anser","SPECIES","ACCEPTED",100,"EXACT","Animalia","Anser anser",1,2498036,"Anser anser","Animalia"
"625",12401,8168242,"Fagisyrphus cincta (Fallén, 1817)","Fagisyrphus cincta","SPECIES","ACCEPTED",98,"FUZZY","Animalia","Fagisyrphus cincta",1,8168242,"Fagisyrphus cinctus","Animalia"
"626",12403,1536381,"Brachypalpus valgus (Panzer, 1797)","Brachypalpus valgus","SPECIES","ACCEPTED",100,"EXACT","Animalia","Brachypalpus valgus",1,1536381,"Brachypalpus valgus","Animalia"
"627",12405,4516695,"Cheilosia albitarsis Meigen, 1822","Cheilosia albitarsis","SPECIES","ACCEPTED",100,"EXACT","Animalia","Cheilosia albitarsis",1,4516695,"Cheilosia albitarsis","Animalia"
"628",12520,9282206,"Strix aluco Linnaeus, 1758","Strix aluco","SPECIES","ACCEPTED",100,"EXACT","Animalia","Strix aluco",1,9282206,"Strix aluco","Animalia"
"629",12522,5232162,"Glaucidium passerinum (Linnaeus, 1758)","Glaucidium passerinum","SPECIES","ACCEPTED",100,"EXACT","Animalia","Glaucidium passerinum",1,5232162,"Glaucidium passerinum","Animalia"
"630",12545,2482473,"Corvus monedula Linnaeus, 1758","Corvus monedula","SPECIES","SYNONYM",100,"EXACT","Animalia","Coloeus monedula",1,6100954,"Corvus monedula","Animalia"
"631",12546,2477872,"Dryocopus martius (Linnaeus, 1758)","Dryocopus martius","SPECIES","ACCEPTED",100,"EXACT","Animalia","Dryocopus martius",1,2477872,"Dryocopus martius","Animalia"
"632",12556,2928751,"Datura stramonium L.","Datura stramonium","SPECIES","ACCEPTED",99,"EXACT","Plantae","Datura stramonium",6,2928751,"Datura stramonium","Viridiplantae"
"633",12586,2491719,"Plectrophenax nivalis (Linnaeus, 1758)","Plectrophenax nivalis","SPECIES","ACCEPTED",100,"EXACT","Animalia","Plectrophenax nivalis",1,2491719,"Plectrophenax nivalis","Animalia"
"634",12591,2493052,"Phylloscopus trochilus (Linnaeus, 1758)","Phylloscopus trochilus","SPECIES","ACCEPTED",100,"EXACT","Animalia","Phylloscopus trochilus",1,2493052,"Phylloscopus trochilus","Animalia"
"635",12594,2493012,"Cettia cetti (Temminck, 1820)","Cettia cetti","SPECIES","ACCEPTED",100,"EXACT","Animalia","Cettia cetti",1,2493012,"Cettia cetti","Animalia"
"636",12618,7660710,"Luscinia megarhynchos C.L.Brehm, 1831","Luscinia megarhynchos","SPECIES","ACCEPTED",100,"EXACT","Animalia","Luscinia megarhynchos",1,7660710,"Luscinia megarhynchos","Animalia"
"637",12635,2494642,"Carduelis chloris (Linnaeus, 1758)","Carduelis chloris","SPECIES","SYNONYM",100,"EXACT","Animalia","Chloris chloris",1,5845582,"Carduelis chloris","Animalia"
"638",12636,2494708,"Carduelis cannabina (Linnaeus, 1758)","Carduelis cannabina","SPECIES","SYNONYM",100,"EXACT","Animalia","Linaria cannabina",1,8104397,"Carduelis cannabina","Animalia"
"639",12650,2495414,"Columba livia J.F.Gmelin, 1789","Columba livia","SPECIES","ACCEPTED",100,"EXACT","Animalia","Columba livia",1,2495414,"Columba livia","Animalia"
"640",12651,2475365,"Coracias garrulus Linnaeus, 1758","Coracias garrulus","SPECIES","ACCEPTED",100,"EXACT","Animalia","Coracias garrulus",1,2475365,"Coracias garrulus","Animalia"
"641",12663,2481174,"Larus fuscus Linnaeus, 1758","Larus fuscus","SPECIES","ACCEPTED",100,"EXACT","Animalia","Larus fuscus",1,2481174,"Larus fuscus","Animalia"
"642",12664,5228199,"Gallinula chloropus (Linnaeus, 1758)","Gallinula chloropus","SPECIES","ACCEPTED",100,"EXACT","Animalia","Gallinula chloropus",1,5228199,"Gallinula chloropus","Animalia"
"643",12666,5881450,"Inachis io (Linnaeus, 1758)","Inachis io","SPECIES","SYNONYM",98,"EXACT","Animalia","Aglais io",1,4535827,"Inachis io",""
"644",12669,2481034,"Falco cherrug J.E.Gray, 1834","Falco cherrug","SPECIES","ACCEPTED",100,"EXACT","Animalia","Falco cherrug",1,2481034,"Falco cherrug","Animalia"
"645",12672,9813242,"Falco columbarius Linnaeus, 1758","Falco columbarius","SPECIES","ACCEPTED",100,"EXACT","Animalia","Falco columbarius",1,9813242,"Falco columbarius","Animalia"
"646",12673,2481047,"Falco peregrinus Tunstall, 1771","Falco peregrinus","SPECIES","ACCEPTED",100,"EXACT","Animalia","Falco peregrinus",1,2481047,"Falco peregrinus","Animalia"
"647",12674,5229167,"Milvus migrans (Boddaert, 1783)","Milvus migrans","SPECIES","ACCEPTED",100,"EXACT","Animalia","Milvus migrans",1,5229167,"Milvus migrans","Animalia"
"648",12675,2480449,"Haliaeetus albicilla (Linnaeus, 1758)","Haliaeetus albicilla","SPECIES","ACCEPTED",99,"EXACT","Animalia","Haliaeetus albicilla",1,2480449,"Haliaeetus albicilla",""
"649",12690,2491534,"Emberiza citrinella Linnaeus, 1758","Emberiza citrinella","SPECIES","ACCEPTED",100,"EXACT","Animalia","Emberiza citrinella",1,2491534,"Emberiza citrinella","Animalia"
"650",12807,1828637,"Hepialus humuli (Linnaeus, 1758)","Hepialus humuli","SPECIES","ACCEPTED",100,"EXACT","Animalia","Hepialus humuli",1,1828637,"Hepialus humuli","Animalia"
"651",13016,1542852,"Eristalinus sepulchralis (Linnaeus, 1758)","Eristalinus sepulchralis","SPECIES","ACCEPTED",100,"EXACT","Animalia","Eristalinus sepulchralis",1,1542852,"Eristalinus sepulchralis","Animalia"
"652",13017,1543305,"Platycheirus rosarum (Fabricius, 1787)","Platycheirus rosarum","SPECIES","SYNONYM",100,"EXACT","Animalia","Pyrophaena rosarum",1,4294542,"Platycheirus rosarum","Animalia"
"653",13025,1539941,"Cheilosia pagana (Meigen, 1822)","Cheilosia pagana","SPECIES","ACCEPTED",100,"EXACT","Animalia","Cheilosia pagana",1,1539941,"Cheilosia pagana","Animalia"
"654",13027,5071368,"Helophilus hybridus Loew, 1846","Helophilus hybridus","SPECIES","ACCEPTED",100,"EXACT","Animalia","Helophilus hybridus",1,5071368,"Helophilus hybridus","Animalia"
"655",13035,5072223,"Triglyphus primus Loew, 1840","Triglyphus primus","SPECIES","ACCEPTED",100,"EXACT","Animalia","Triglyphus primus",1,5072223,"Triglyphus primus","Animalia"
"656",13037,1536318,"Pipiza festiva Meigen, 1822","Pipiza festiva","SPECIES","ACCEPTED",100,"EXACT","Animalia","Pipiza festiva",1,1536318,"Pipiza festiva","Animalia"
"657",13041,1537380,"Lejogaster metallina (Fabricius, 1777)","Lejogaster metallina","SPECIES","ACCEPTED",100,"EXACT","Animalia","Lejogaster metallina",1,1537380,"Lejogaster metallina","Animalia"
"658",13047,1540633,"Cheilosia impressa (Loew, 1840)","Cheilosia impressa","SPECIES","ACCEPTED",100,"EXACT","Animalia","Cheilosia impressa",1,1540633,"Cheilosia impressa","Animalia"
"659",13050,1540086,"Cheilosia variabilis (Panzer, 1798)","Cheilosia variabilis","SPECIES","ACCEPTED",100,"EXACT","Animalia","Cheilosia variabilis",1,1540086,"Cheilosia variabilis","Animalia"
"660",13051,1539991,"Cheilosia vernalis (Fallén, 1817)","Cheilosia vernalis","SPECIES","ACCEPTED",100,"EXACT","Animalia","Cheilosia vernalis",1,1539991,"Cheilosia vernalis","Animalia"
"661",13056,1543332,"Eriozona syrphoides (Fallén, 1817)","Eriozona syrphoides","SPECIES","ACCEPTED",100,"EXACT","Animalia","Eriozona syrphoides",1,1543332,"Eriozona syrphoides","Animalia"
"662",13057,5071167,"Leucozona glaucia (Linnaeus, 1758)","Leucozona glaucia","SPECIES","ACCEPTED",100,"EXACT","Animalia","Leucozona glaucia",1,5071167,"Leucozona glaucia","Animalia"
"663",13059,1536627,"Melangyna cincta (Fallén, 1817)","Melangyna cincta","SPECIES","SYNONYM",100,"EXACT","Animalia","Fagisyrphus cincta",1,8168242,"Melangyna cincta","Animalia"
"664",13062,1534410,"Brachyopa insensilis Collin, 1939","Brachyopa insensilis","SPECIES","ACCEPTED",100,"EXACT","Animalia","Brachyopa insensilis",1,1534410,"Brachyopa insensilis","Animalia"
"665",13064,1535561,"Sphegina clunipes (Fallén, 1816)","Sphegina clunipes","SPECIES","ACCEPTED",100,"EXACT","Animalia","Sphegina clunipes",1,1535561,"Sphegina clunipes","Animalia"
"666",13068,1541819,"Volucella inflata (Fabricius, 1794)","Volucella inflata","SPECIES","ACCEPTED",100,"EXACT","Animalia","Volucella inflata",1,1541819,"Volucella inflata","Animalia"
"667",13072,1541654,"Xylota sylvarum (Linnaeus, 1758)","Xylota sylvarum","SPECIES","ACCEPTED",100,"EXACT","Animalia","Xylota sylvarum",1,1541654,"Xylota sylvarum","Animalia"
"668",13076,1538831,"Sericomyia lappona (Linnaeus, 1758)","Sericomyia lappona","SPECIES","ACCEPTED",100,"EXACT","Animalia","Sericomyia lappona",1,1538831,"Sericomyia lappona","Animalia"
"669",13077,1535878,"Chrysotoxum arcuatum (Linnaeus, 1758)","Chrysotoxum arcuatum","SPECIES","ACCEPTED",99,"EXACT","Animalia","Chrysotoxum arcuatum",1,1535878,"Chrysotoxum arcuatum","Animalia"
"670",13133,2971095,"Melilotus albus Medik.","Melilotus albus","SPECIES","ACCEPTED",99,"EXACT","Plantae","Melilotus albus",6,2971095,"Melilotus albus","Plantae"
"671",13144,2538524,"Hygrocybe conica (Schaeff.) P.Kumm.","Hygrocybe conica","SPECIES","ACCEPTED",99,"EXACT","Fungi","Hygrocybe conica",5,2538524,"Hygrocybe conica","Fungi"
"672",13225,5384805,"Silene latifolia Poir.","Silene latifolia","SPECIES","ACCEPTED",99,"EXACT","Plantae","Silene latifolia",6,5384805,"Silene latifolia","Plantae"
"673",13261,3189486,"Hypericum perforatum L.","Hypericum perforatum","SPECIES","ACCEPTED",100,"EXACT","Plantae","Hypericum perforatum",6,3189486,"Hypericum perforatum","Plantae"
"674",13289,5375388,"Capsella bursa-pastoris (L.) Medik.","Capsella bursa-pastoris","SPECIES","ACCEPTED",100,"EXACT","Plantae","Capsella bursa-pastoris",6,5375388,"Capsella bursa-pastoris","Plantae"
"675",13328,3170247,"Asclepias syriaca L.","Asclepias syriaca","SPECIES","ACCEPTED",99,"EXACT","Plantae","Asclepias syriaca",6,3170247,"Asclepias syriaca","Plantae"
"676",13332,5421116,"Tribulus terrestris L.","Tribulus terrestris","SPECIES","ACCEPTED",99,"EXACT","Plantae","Tribulus terrestris",6,5421116,"Tribulus terrestris","Plantae"
"677",13352,8208358,"Plantago lanceolata L.","Plantago lanceolata","SPECIES","ACCEPTED",99,"EXACT","Plantae","Plantago lanceolata",6,8208358,"Plantago lanceolata","Plantae"
"678",13369,1798449,"Scoliopteryx libatrix Linnaeus, 1758","Scoliopteryx libatrix","SPECIES","ACCEPTED",100,"EXACT","Animalia","Scoliopteryx libatrix",1,1798449,"Scoliopteryx libatrix","Animalia"
"679",13372,1790692,"Tyta luctuosa (Denis & Schiffermüller), 1775","Tyta luctuosa","SPECIES","ACCEPTED",100,"EXACT","Animalia","Tyta luctuosa",1,1790692,"Tyta luctuosa","Animalia"
"680",13448,3140320,"Lactuca muralis (L.) Gaertn.","Lactuca muralis","SPECIES","SYNONYM",99,"EXACT","Plantae","Mycelis muralis",6,3139040,"Lactuca muralis","Plantae"
"681",13468,5414326,"Primula elatior (L.) L.","Primula elatior","SPECIES","ACCEPTED",99,"EXACT","Plantae","Primula elatior",6,5414326,"Primula elatior","Plantae"
"682",13486,1783043,"Acronicta leporina (Linnaeus, 1758)","Acronicta leporina","SPECIES","ACCEPTED",100,"EXACT","Animalia","Acronicta leporina",1,1783043,"Acronicta leporina","Animalia"
"683",13508,3113414,"Cirsium arvense (L.) Scop.","Cirsium arvense","SPECIES","ACCEPTED",100,"EXACT","Plantae","Cirsium arvense",6,3113414,"Cirsium arvense","Plantae"
"684",13530,5415020,"Linaria vulgaris Mill.","Linaria vulgaris","SPECIES","ACCEPTED",99,"EXACT","Plantae","Linaria vulgaris",6,5415020,"Linaria vulgaris","Plantae"
"685",13583,1959914,"Plagodis dolabraria (Linnaeus, 1767)","Plagodis dolabraria","SPECIES","ACCEPTED",100,"EXACT","Animalia","Plagodis dolabraria",1,1959914,"Plagodis dolabraria","Animalia"
"686",13586,5149438,"Lomaspilis marginata (Linnaeus, 1758)","Lomaspilis marginata","SPECIES","ACCEPTED",100,"EXACT","Animalia","Lomaspilis marginata",1,5149438,"Lomaspilis marginata","Animalia"
"687",13593,3084015,"Phytolacca americana L.","Phytolacca americana","SPECIES","ACCEPTED",100,"EXACT","Plantae","Phytolacca americana",6,3084015,"Phytolacca americana","Plantae"
"688",13603,1867928,"Saturnia pyri (Denis & Schiffermüller), 1775","Saturnia pyri","SPECIES","ACCEPTED",100,"EXACT","Animalia","Saturnia pyri",1,1867928,"Saturnia pyri","Animalia"
"689",13609,5124911,"Aglia tau Linnaeus, 1758","Aglia tau","SPECIES","ACCEPTED",100,"EXACT","Animalia","Aglia tau",1,5124911,"Aglia tau","Animalia"
"690",13761,2439688,"Dryomys nitedula (Pallas, 1778)","Dryomys nitedula","SPECIES","ACCEPTED",100,"EXACT","Animalia","Dryomys nitedula",1,2439688,"Dryomys nitedula","Animalia"
"691",13792,8421569,"Ectropis crepuscularia (Denis & Schiffermüller), 1775","Ectropis crepuscularia","SPECIES","ACCEPTED",99,"EXACT","Animalia","Ectropis crepuscularia",1,8421569,"Ectropis crepuscularia","Animalia"
"692",13818,1980521,"Ascotis selenaria (Denis & Schiffermüller), 1775","Ascotis selenaria","SPECIES","ACCEPTED",100,"EXACT","Animalia","Ascotis selenaria",1,1980521,"Ascotis selenaria","Animalia"
"693",13828,1968867,"Colotois pennaria (Linnaeus, 1761)","Colotois pennaria","SPECIES","ACCEPTED",100,"EXACT","Animalia","Colotois pennaria",1,1968867,"Colotois pennaria","Animalia"
"694",13831,5143380,"Alcis repandata (Linnaeus, 1758)","Alcis repandata","SPECIES","ACCEPTED",100,"EXACT","Animalia","Alcis repandata",1,5143380,"Alcis repandata","Animalia"
"695",13839,1969954,"Triphosa dubitata (Linnaeus, 1758)","Triphosa dubitata","SPECIES","ACCEPTED",100,"EXACT","Animalia","Triphosa dubitata",1,1969954,"Triphosa dubitata","Animalia"
"696",13849,1984734,"Odezia atrata (Linnaeus, 1758)","Odezia atrata","SPECIES","ACCEPTED",100,"EXACT","Animalia","Odezia atrata",1,1984734,"Odezia atrata","Animalia"
"697",13869,1979308,"Hydriomena impluviata (Denis & Schiffermüller), 1775","Hydriomena impluviata","SPECIES","ACCEPTED",100,"EXACT","Animalia","Hydriomena impluviata",1,1979308,"Hydriomena impluviata","Animalia"
"698",13928,1357222,"Andrena labialis (Kirby, 1802)","Andrena labialis","SPECIES","ACCEPTED",100,"EXACT","Animalia","Andrena labialis",1,1357222,"Andrena labialis","Animalia"
"699",13955,5149746,"Cyclophora albipunctata (Hufnagel, 1767)","Cyclophora albipunctata","SPECIES","ACCEPTED",100,"EXACT","Animalia","Cyclophora albipunctata",1,5149746,"Cyclophora albipunctata","Animalia"
"700",13965,5138561,"Plebejus argus (Linnaeus, 1758)","Plebejus argus","SPECIES","ACCEPTED",100,"EXACT","Animalia","Plebejus argus",1,5138561,"Plebejus argus","Animalia"
"701",13973,1926324,"Quercusia quercus (Linnaeus, 1758)","Quercusia quercus","SPECIES","ACCEPTED",100,"EXACT","Animalia","Quercusia quercus",1,1926324,"Quercusia quercus","Animalia"
"702",13976,1925233,"Lysandra bellargus (von Rottemburg, 1775)","Lysandra bellargus","SPECIES","ACCEPTED",100,"EXACT","Animalia","Lysandra bellargus",1,1925233,"Lysandra bellargus","Animalia"
"703",14091,5137903,"Leptidea sinapis (Linnaeus, 1758)","Leptidea sinapis","SPECIES","ACCEPTED",100,"EXACT","Animalia","Leptidea sinapis",1,5137903,"Leptidea sinapis","Animalia"
"704",14105,5131096,"Neptis rivularis (Scopoli, 1763)","Neptis rivularis","SPECIES","ACCEPTED",100,"EXACT","Animalia","Neptis rivularis",1,5131096,"Neptis rivularis","Animalia"
"705",14106,5131096,"Neptis rivularis (Scopoli, 1763)","Neptis rivularis","SPECIES","ACCEPTED",99,"EXACT","Animalia","Neptis rivularis",1,5131096,"Neptis rivularis",""
"706",14110,5131910,"Apatura iris (Linnaeus, 1758)","Apatura iris","SPECIES","ACCEPTED",100,"EXACT","Animalia","Apatura iris",1,5131910,"Apatura iris","Animalia"
"707",14114,5243151,"Cyathus striatus Willd.","Cyathus striatus","SPECIES","ACCEPTED",100,"EXACT","Fungi","Cyathus striatus",5,5243151,"Cyathus striatus","Fungi"
"708",14149,1912325,"Boloria selene (Denis & Schiffermüller), 1775","Boloria selene","SPECIES","ACCEPTED",100,"EXACT","Animalia","Boloria selene",1,1912325,"Boloria selene","Animalia"
"709",14163,1911112,"Coenonympha tullia Müller, 1764","Coenonympha tullia","SPECIES","ACCEPTED",100,"EXACT","Animalia","Coenonympha tullia",1,1911112,"Coenonympha tullia","Animalia"
"710",14189,1095848,"Dermestes lardarius Linnaeus, 1758","Dermestes lardarius","SPECIES","ACCEPTED",100,"EXACT","Animalia","Dermestes lardarius",1,1095848,"Dermestes lardarius","Animalia"
"711",14195,5319226,"Epipactis palustris (L.) Crantz","Epipactis palustris","SPECIES","ACCEPTED",100,"EXACT","Plantae","Epipactis palustris",6,5319226,"Epipactis palustris","Plantae"
"712",14307,1340523,"Bombus humilis Illiger, 1806","Bombus humilis","SPECIES","ACCEPTED",100,"EXACT","Animalia","Bombus humilis",1,1340523,"Bombus humilis","Animalia"
"713",14310,1340394,"Bombus ruderarius (Müller, 1776)","Bombus ruderarius","SPECIES","ACCEPTED",100,"EXACT","Animalia","Bombus ruderarius",1,1340394,"Bombus ruderarius","Animalia"
"714",14311,1340342,"Bombus sylvarum (Linnaeus, 1761)","Bombus sylvarum","SPECIES","ACCEPTED",100,"EXACT","Animalia","Bombus sylvarum",1,1340342,"Bombus sylvarum","Animalia"
"715",14381,1341976,"Apis mellifera Linnaeus, 1758","Apis mellifera","SPECIES","ACCEPTED",99,"EXACT","Animalia","Apis mellifera",1,1341976,"Apis mellifera",""
"716",14397,2435035,"Felis catus Linnaeus, 1758","Felis catus","SPECIES","ACCEPTED",99,"EXACT","Animalia","Felis catus",1,2435035,"Felis catus",""
"717",14512,2477950,"Dendrocopos minor (Linnaeus, 1758)","Dendrocopos minor","SPECIES","SYNONYM",100,"EXACT","Animalia","Dryobates minor",1,9015784,"Dendrocopos minor","Animalia"
"718",14538,3140490,"Lactuca serriola L.","Lactuca serriola","SPECIES","ACCEPTED",100,"EXACT","Plantae","Lactuca serriola",6,3140490,"Lactuca serriola","Plantae"
"719",14557,1047936,"Agelastica alni (Linnaeus, 1758)","Agelastica alni","SPECIES","ACCEPTED",99,"EXACT","Animalia","Agelastica alni",1,1047936,"Agelastica alni",""
"720",14559,1898286,"Vanessa atalanta (Linnaeus, 1758)","Vanessa atalanta","SPECIES","ACCEPTED",97,"EXACT","Animalia","Vanessa atalanta",1,1898286,"Vanessa atalanta",""
"721",14571,9752149,"Phasianus colchicus Linnaeus, 1758","Phasianus colchicus","SPECIES","ACCEPTED",100,"EXACT","Animalia","Phasianus colchicus",1,9752149,"Phasianus colchicus","Animalia"
"722",14590,5384795,"Silene dioica (L.) Clairv.","Silene dioica","SPECIES","ACCEPTED",99,"EXACT","Plantae","Silene dioica",6,5384795,"Silene dioica","Plantae"
"723",14591,5331347,"Viola tricolor L.","Viola tricolor","SPECIES","ACCEPTED",100,"EXACT","Plantae","Viola tricolor",6,5331347,"Viola tricolor","Plantae"
"724",14626,2497266,"Athene noctua (Scopoli, 1769)","Athene noctua","SPECIES","ACCEPTED",100,"EXACT","Animalia","Athene noctua",1,2497266,"Athene noctua","Animalia"
"725",14677,2497921,"Tyto alba (Scopoli, 1769)","Tyto alba","SPECIES","ACCEPTED",100,"EXACT","Animalia","Tyto alba",1,2497921,"Tyto alba","Animalia"
"726",14735,8298495,"Galinsoga quadriradiata Ruiz & Pav.","Galinsoga quadriradiata","SPECIES","ACCEPTED",99,"EXACT","Plantae","Galinsoga quadriradiata",6,8298495,"Galinsoga quadriradiata","Plantae"
"727",14788,2679710,"Rhytidiadelphus triquetrus (Hedw.) Warnst.","Rhytidiadelphus triquetrus","SPECIES","SYNONYM",100,"EXACT","Plantae","Hylocomiadelphus triquetrus",6,8345757,"Rhytidiadelphus triquetrus","Plantae"
"728",14848,2475443,"Merops apiaster Linnaeus, 1758","Merops apiaster","SPECIES","ACCEPTED",100,"EXACT","Animalia","Merops apiaster",1,2475443,"Merops apiaster","Animalia"
"729",14852,3802655,"Atropa belladonna L.","Atropa belladonna","SPECIES","ACCEPTED",100,"EXACT","Plantae","Atropa belladonna",6,3802655,"Atropa belladonna","Plantae"
"730",14861,1831136,"Plutella xylostella (Linnaeus, 1767)","Plutella xylostella","SPECIES","ACCEPTED",100,"EXACT","Animalia","Plutella xylostella",1,1831136,"Plutella xylostella","Animalia"
"731",14863,5742495,"Panorpa communis Linnaeus, 1758","Panorpa communis","SPECIES","ACCEPTED",100,"EXACT","Animalia","Panorpa communis",1,5742495,"Panorpa communis","Animalia"
"732",14879,1045843,"Tenebrio molitor Linnaeus, 1758","Tenebrio molitor","SPECIES","ACCEPTED",100,"EXACT","Animalia","Tenebrio molitor",1,1045843,"Tenebrio molitor","Animalia"
"733",14895,7626513,"Emberiza cirlus Linnaeus, 1767","Emberiza cirlus","SPECIES","ACCEPTED",100,"EXACT","Animalia","Emberiza cirlus",1,7626513,"Emberiza cirlus","Animalia"
"734",14902,1703254,"Calliptamus italicus (Linnaeus, 1758)","Calliptamus italicus","SPECIES","ACCEPTED",100,"EXACT","Animalia","Calliptamus italicus",1,1703254,"Calliptamus italicus","Animalia"
"735",14904,1048497,"Diabrotica virgifera LeConte, 1868","Diabrotica virgifera","SPECIES","DOUBTFUL",99,"EXACT","Animalia","Diabrotica virgifera",1,1048497,"Diabrotica virgifera","Animalia"
"736",14922,8771236,"Carpocapsa pomonella (Linnaeus, 1758)","Carpocapsa pomonella","SPECIES","SYNONYM",98,"EXACT","Animalia","Cydia pomonella",1,1737847,"Carpocapsa pomonella",""
"737",14928,2431776,"Salamandra salamandra (Linnaeus, 1758)","Salamandra salamandra","SPECIES","ACCEPTED",100,"EXACT","Animalia","Salamandra salamandra",1,2431776,"Salamandra salamandra","Animalia"
"738",14929,2492509,"Tarsiger cyanurus (Pallas, 1773)","Tarsiger cyanurus","SPECIES","ACCEPTED",100,"EXACT","Animalia","Tarsiger cyanurus",1,2492509,"Tarsiger cyanurus","Animalia"
"739",14936,5754974,"Anchomenus dorsalis (Pontoppidan, 1763)","Anchomenus dorsalis","SPECIES","ACCEPTED",100,"EXACT","Animalia","Anchomenus dorsalis",1,5754974,"Anchomenus dorsalis","Animalia"
"740",14943,4470765,"Carabus violaceus Linnaeus, 1758","Carabus violaceus","SPECIES","ACCEPTED",99,"EXACT","Animalia","Carabus violaceus",1,4470765,"Carabus violaceus","Animalia"
"741",14986,1535899,"Chrysotoxum octomaculatum Curtis, 1837","Chrysotoxum octomaculatum","SPECIES","ACCEPTED",99,"EXACT","Animalia","Chrysotoxum octomaculatum",1,1535899,"Chrysotoxum octomaculatum","Animalia"
"742",15017,9185677,"Podarcis siculus (Rafinesque-Schmaltz, 1810)","Podarcis siculus","SPECIES","ACCEPTED",100,"EXACT","Animalia","Podarcis siculus",1,9185677,"Podarcis siculus","Animalia"
"743",15025,7872906,"Talpa europaea Linnaeus, 1758","Talpa europaea","SPECIES","ACCEPTED",100,"EXACT","Animalia","Talpa europaea",1,7872906,"Talpa europaea","Animalia"
"744",15028,6161327,"Natrix tessellata (Laurenti, 1768)","Natrix tessellata","SPECIES","ACCEPTED",100,"EXACT","Animalia","Natrix tessellata",1,6161327,"Natrix tessellata","Animalia"
"745",15038,2469188,"Podarcis muralis (Laurenti, 1768)","Podarcis muralis","SPECIES","ACCEPTED",100,"EXACT","Animalia","Podarcis muralis",1,2469188,"Podarcis muralis","Animalia"
"746",15048,2468945,"Eremias arguta (Pallas, 1773)","Eremias arguta","SPECIES","ACCEPTED",100,"EXACT","Animalia","Eremias arguta",1,2468945,"Eremias arguta","Animalia"
"747",15059,2468799,"Darevskia praticola (Eversmann, 1834)","Darevskia praticola","SPECIES","ACCEPTED",100,"EXACT","Animalia","Darevskia praticola",1,2468799,"Darevskia praticola","Animalia"
"748",15080,2427573,"Hyla arborea (Linnaeus, 1758)","Hyla arborea","SPECIES","ACCEPTED",100,"EXACT","Animalia","Hyla arborea",1,2427573,"Hyla arborea","Animalia"
"749",15082,2426805,"Rana temporaria Linnaeus, 1758","Rana temporaria","SPECIES","ACCEPTED",100,"EXACT","Animalia","Rana temporaria",1,2426805,"Rana temporaria","Animalia"
"750",15095,2473958,"Perdix perdix (Linnaeus, 1758)","Perdix perdix","SPECIES","ACCEPTED",100,"EXACT","Animalia","Perdix perdix",1,2473958,"Perdix perdix","Animalia"
"751",15100,2469065,"Podarcis tauricus (Pallas, 1814)","Podarcis tauricus","SPECIES","ACCEPTED",100,"EXACT","Animalia","Podarcis tauricus",1,2469065,"Podarcis tauricus","Animalia"
"752",15102,9702100,"Zootoca vivipara (Lichtenstein, 1823)","Zootoca vivipara","SPECIES","ACCEPTED",99,"EXACT","Animalia","Zootoca vivipara",1,9702100,"Zootoca vivipara","Animalia"
"753",15103,2468095,"Anguis fragilis Linnaeus, 1758","Anguis fragilis","SPECIES","ACCEPTED",100,"EXACT","Animalia","Anguis fragilis",1,2468095,"Anguis fragilis","Animalia"
"754",15104,2426661,"Pelophylax ridibundus (Pallas, 1771)","Pelophylax ridibundus","SPECIES","ACCEPTED",100,"EXACT","Animalia","Pelophylax ridibundus",1,2426661,"Pelophylax ridibundus","Animalia"
"755",15128,9148577,"Alnus incana (L.) Moench","Alnus incana","SPECIES","ACCEPTED",99,"EXACT","Plantae","Alnus incana",6,9148577,"Alnus incana","Plantae"
"756",15230,2020655,"Corythucha ciliata (Say, 1832)","Corythucha ciliata","SPECIES","ACCEPTED",100,"EXACT","Animalia","Corythucha ciliata",1,2020655,"Corythucha ciliata","Animalia"
"757",15282,4990995,"Melolontha melolontha (Linnaeus, 1758)","Melolontha melolontha","SPECIES","ACCEPTED",100,"EXACT","Animalia","Melolontha melolontha",1,4990995,"Melolontha melolontha","Animalia"
"758",15307,1876329,"Myelois circumvoluta Fourcroy, 1785","Myelois circumvoluta","SPECIES","ACCEPTED",99,"EXACT","Animalia","Myelois circumvoluta",1,1876329,"Myelois circumvoluta","Animalia"
"759",15345,3170247,"Asclepias syriaca L.","Asclepias syriaca","SPECIES","ACCEPTED",99,"EXACT","Plantae","Asclepias syriaca",6,3170247,"Asclepias syriaca","Plantae"
"760",15350,2925892,"Echium vulgare L.","Echium vulgare","SPECIES","ACCEPTED",99,"EXACT","Plantae","Echium vulgare",6,2925892,"Echium vulgare","Plantae"
"761",15373,2432427,"Myotis bechsteinii (Kuhl, 1817)","Myotis bechsteinii","SPECIES","ACCEPTED",98,"EXACT","Animalia","Myotis bechsteinii",1,2432427,"Myotis bechsteinii",""
"762",15379,5361889,"Morus alba L.","Morus alba","SPECIES","ACCEPTED",99,"EXACT","Plantae","Morus alba",6,5361889,"Morus alba","Plantae"
"763",15387,2927208,"Mentha aquatica L.","Mentha aquatica","SPECIES","ACCEPTED",99,"EXACT","Plantae","Mentha aquatica",6,2927208,"Mentha aquatica","Plantae"
"764",15403,9151957,"Medicago sativa L.","Medicago sativa","SPECIES","ACCEPTED",99,"EXACT","Plantae","Medicago sativa",6,9151957,"Medicago sativa","Plantae"
"765",15407,3089561,"Centaurea cyanus L.","Centaurea cyanus","SPECIES","ACCEPTED",100,"EXACT","Plantae","Centaurea cyanus",6,3089561,"Centaurea cyanus","Plantae"
"766",15412,9151957,"Medicago sativa L.","Medicago sativa","SPECIES","ACCEPTED",99,"EXACT","Plantae","Medicago sativa",6,9151957,"Medicago sativa","Plantae"
"767",15429,3113414,"Cirsium arvense (L.) Scop.","Cirsium arvense","SPECIES","ACCEPTED",99,"EXACT","Plantae","Cirsium arvense",6,3113414,"Cirsium arvense",""
"768",15435,9182154,"Vicia villosa Roth","Vicia villosa","SPECIES","ACCEPTED",99,"EXACT","Plantae","Vicia villosa",6,9182154,"Vicia villosa","Plantae"
"769",15438,2959443,"Gleditsia triacanthos L.","Gleditsia triacanthos","SPECIES","ACCEPTED",100,"EXACT","Plantae","Gleditsia triacanthos",6,2959443,"Gleditsia triacanthos","Viridiplantae"
"770",15450,3188736,"Lythrum salicaria L.","Lythrum salicaria","SPECIES","ACCEPTED",100,"EXACT","Plantae","Lythrum salicaria",6,3188736,"Lythrum salicaria","Plantae"
"771",15453,2926612,"Origanum vulgare L.","Origanum vulgare","SPECIES","ACCEPTED",99,"EXACT","Plantae","Origanum vulgare",6,2926612,"Origanum vulgare","Plantae"
"772",15457,8185959,"Carduus nutans L.","Carduus nutans","SPECIES","ACCEPTED",97,"EXACT","Plantae","Carduus nutans",6,8185959,"Carduus nutans",""
"773",15461,8185959,"Carduus nutans L.","Carduus nutans","SPECIES","ACCEPTED",99,"EXACT","Plantae","Carduus nutans",6,8185959,"Carduus nutans","Plantae"
"774",15468,2888814,"Dipsacus laciniatus L.","Dipsacus laciniatus","SPECIES","ACCEPTED",99,"EXACT","Plantae","Dipsacus laciniatus",6,2888814,"Dipsacus laciniatus","Plantae"
"775",15497,2876213,"Alnus glutinosa (L.) Gaertn.","Alnus glutinosa","SPECIES","ACCEPTED",99,"EXACT","Plantae","Alnus glutinosa",6,2876213,"Alnus glutinosa","Plantae"
"776",15500,5403742,"Scolymus hispanicus L.","Scolymus hispanicus","SPECIES","ACCEPTED",100,"EXACT","Plantae","Scolymus hispanicus",6,5403742,"Scolymus hispanicus","Plantae"
"777",15504,5372513,"Salix alba L.","Salix alba","SPECIES","ACCEPTED",99,"EXACT","Plantae","Salix alba",6,5372513,"Salix alba","Plantae"
"778",15525,2926612,"Origanum vulgare L.","Origanum vulgare","SPECIES","ACCEPTED",99,"EXACT","Plantae","Origanum vulgare",6,2926612,"Origanum vulgare","Plantae"
"779",15529,5392252,"Cichorium intybus L.","Cichorium intybus","SPECIES","ACCEPTED",100,"EXACT","Plantae","Cichorium intybus",6,5392252,"Cichorium intybus","Plantae"
"780",15539,3023221,"Prunus spinosa L.","Prunus spinosa","SPECIES","ACCEPTED",99,"EXACT","Plantae","Prunus spinosa",6,3023221,"Prunus spinosa","Plantae"
"781",15547,2705308,"Dactylis glomerata L.","Dactylis glomerata","SPECIES","ACCEPTED",100,"EXACT","Plantae","Dactylis glomerata",6,2705308,"Dactylis glomerata","Plantae"
"782",15553,5352251,"Robinia pseudoacacia L.","Robinia pseudoacacia","SPECIES","ACCEPTED",99,"EXACT","Plantae","Robinia pseudoacacia",6,5352251,"Robinia pseudoacacia",""
"783",15556,2927007,"Salvia pratensis L.","Salvia pratensis","SPECIES","ACCEPTED",99,"EXACT","Plantae","Salvia pratensis",6,2927007,"Salvia pratensis","Plantae"
"784",15565,2965201,"Medicago lupulina L.","Medicago lupulina","SPECIES","ACCEPTED",100,"EXACT","Plantae","Medicago lupulina",6,2965201,"Medicago lupulina","Plantae"
"785",15593,2888443,"Papaver rhoeas L.","Papaver rhoeas","SPECIES","ACCEPTED",99,"EXACT","Plantae","Papaver rhoeas",6,2888443,"Papaver rhoeas","Plantae"
"786",15612,2717002,"Eleocharis palustris (L.) Roem. & Schult.","Eleocharis palustris","SPECIES","ACCEPTED",99,"EXACT","Plantae","Eleocharis palustris",6,2717002,"Eleocharis palustris","Plantae"
"787",15618,3117424,"Bellis perennis L.","Bellis perennis","SPECIES","ACCEPTED",100,"EXACT","Plantae","Bellis perennis",6,3117424,"Bellis perennis","Plantae"
"788",15623,2985865,"Hylotelephium telephium (L.) H.Ohba","Hylotelephium telephium","SPECIES","ACCEPTED",100,"EXACT","Plantae","Hylotelephium telephium",6,2985865,"Hylotelephium telephium","Plantae"
"789",15661,3132570,"Galinsoga parviflora Cav.","Galinsoga parviflora","SPECIES","ACCEPTED",100,"EXACT","Plantae","Galinsoga parviflora",6,3132570,"Galinsoga parviflora","Plantae"
"790",15662,2888802,"Scabiosa columbaria L.","Scabiosa columbaria","SPECIES","ACCEPTED",99,"EXACT","Plantae","Scabiosa columbaria",6,2888802,"Scabiosa columbaria","Plantae"
"791",15677,2965354,"Medicago falcata L.","Medicago falcata","SPECIES","ACCEPTED",99,"EXACT","Plantae","Medicago falcata",6,2965354,"Medicago falcata","Plantae"
"792",15680,2972595,"Onobrychis viciifolia Scop.","Onobrychis viciifolia","SPECIES","ACCEPTED",99,"EXACT","Plantae","Onobrychis viciifolia",6,2972595,"Onobrychis viciifolia","Plantae"
"793",15696,5357407,"Amorpha fruticosa L.","Amorpha fruticosa","SPECIES","ACCEPTED",99,"EXACT","Plantae","Amorpha fruticosa",6,5357407,"Amorpha fruticosa","Plantae"
"794",15715,6411747,"Teucrium chamaedrys L.","Teucrium chamaedrys","SPECIES","ACCEPTED",100,"EXACT","Plantae","Teucrium chamaedrys",6,6411747,"Teucrium chamaedrys","Plantae"
"795",15741,5386012,"Cyanus segetum Hill","Cyanus segetum","SPECIES","SYNONYM",100,"EXACT","Plantae","Centaurea cyanus",6,3089561,"Cyanus segetum","Plantae"
"796",15742,8087525,"Centaurea scabiosa L.","Centaurea scabiosa","SPECIES","ACCEPTED",99,"EXACT","Plantae","Centaurea scabiosa",6,8087525,"Centaurea scabiosa","Plantae"
"797",15745,2927324,"Lamium galeobdolon (L.) L.","Lamium galeobdolon","SPECIES","ACCEPTED",99,"EXACT","Plantae","Lamium galeobdolon",6,2927324,"Lamium galeobdolon","Plantae"
"798",15767,5402943,"Eupatorium cannabinum L.","Eupatorium cannabinum","SPECIES","ACCEPTED",100,"EXACT","Plantae","Eupatorium cannabinum",6,5402943,"Eupatorium cannabinum","Plantae"
"799",15799,3149879,"Tussilago farfara L.","Tussilago farfara","SPECIES","ACCEPTED",100,"EXACT","Plantae","Tussilago farfara",6,3149879,"Tussilago farfara","Plantae"
"800",15848,6109637,"Cynodon dactylon (L.) Pers.","Cynodon dactylon","SPECIES","ACCEPTED",100,"EXACT","Plantae","Cynodon dactylon",6,6109637,"Cynodon dactylon","Plantae"
"801",15861,2440958,"Cervus elaphus Linnaeus, 1758","Cervus elaphus","SPECIES","ACCEPTED",99,"EXACT","Animalia","Cervus elaphus",1,2440958,"Cervus elaphus",""
"802",15881,2487385,"Remiz pendulinus (Linnaeus, 1758)","Remiz pendulinus","SPECIES","ACCEPTED",96,"FUZZY","Animalia","Remiz pendulinus",1,2487385,"Remiz pendulina",""
"803",15883,2984535,"Humulus lupulus L.","Humulus lupulus","SPECIES","ACCEPTED",99,"EXACT","Plantae","Humulus lupulus",6,2984535,"Humulus lupulus","Plantae"
"804",15884,7960979,"Urtica dioica L.","Urtica dioica","SPECIES","ACCEPTED",99,"EXACT","Plantae","Urtica dioica",6,7960979,"Urtica dioica","Viridiplantae"
"805",15886,2891304,"Geranium pratense L.","Geranium pratense","SPECIES","ACCEPTED",99,"EXACT","Plantae","Geranium pratense",6,2891304,"Geranium pratense","Plantae"
"806",15914,5352251,"Robinia pseudoacacia L.","Robinia pseudoacacia","SPECIES","ACCEPTED",100,"EXACT","Plantae","Robinia pseudoacacia",6,5352251,"Robinia pseudoacacia","Plantae"
"807",15918,2975014,"Vicia sativa L.","Vicia sativa","SPECIES","ACCEPTED",99,"EXACT","Plantae","Vicia sativa",6,2975014,"Vicia sativa","Plantae"
"808",15921,5115771,"Lithosia quadra (Linnaeus, 1758)","Lithosia quadra","SPECIES","ACCEPTED",100,"EXACT","Animalia","Lithosia quadra",1,5115771,"Lithosia quadra","Animalia"
"809",15925,6109637,"Cynodon dactylon (L.) Pers.","Cynodon dactylon","SPECIES","ACCEPTED",100,"EXACT","Plantae","Cynodon dactylon",6,6109637,"Cynodon dactylon","Plantae"
"810",15927,2882316,"Fagus sylvatica L.","Fagus sylvatica","SPECIES","ACCEPTED",100,"EXACT","Plantae","Fagus sylvatica",6,2882316,"Fagus sylvatica","Plantae"
"811",15986,5359246,"Trifolium arvense L.","Trifolium arvense","SPECIES","ACCEPTED",99,"EXACT","Plantae","Trifolium arvense",6,5359246,"Trifolium arvense","Plantae"
"812",15996,2888722,"Sambucus ebulus L.","Sambucus ebulus","SPECIES","ACCEPTED",100,"EXACT","Plantae","Sambucus ebulus",6,2888722,"Sambucus ebulus","Plantae"
"813",15997,8435025,"Dipsacus fullonum L.","Dipsacus fullonum","SPECIES","ACCEPTED",99,"EXACT","Plantae","Dipsacus fullonum",6,8435025,"Dipsacus fullonum","Viridiplantae"
"814",15999,3098616,"Tripolium pannonicum (Jacq.) Dobrocz.","Tripolium pannonicum","SPECIES","ACCEPTED",99,"EXACT","Plantae","Tripolium pannonicum",6,3098616,"Tripolium pannonicum","Plantae"
"815",16002,3053522,"Berteroa incana (L.) DC.","Berteroa incana","SPECIES","ACCEPTED",100,"EXACT","Plantae","Berteroa incana",6,3053522,"Berteroa incana","Plantae"
"816",16008,7290926,"Primula acaulis (L.) Hill","Primula acaulis","SPECIES","SYNONYM",99,"EXACT","Plantae","Primula vulgaris",6,5414335,"Primula acaulis","Plantae"
"817",16028,9094061,"Ficaria verna Huds.","Ficaria verna","SPECIES","ACCEPTED",100,"EXACT","Plantae","Ficaria verna",6,9094061,"Ficaria verna","Plantae"
"818",16036,5410436,"Campanula rapunculoides L.","Campanula rapunculoides","SPECIES","ACCEPTED",99,"EXACT","Plantae","Campanula rapunculoides",6,5410436,"Campanula rapunculoides","Plantae"
"819",16076,2927078,"Ajuga reptans L.","Ajuga reptans","SPECIES","ACCEPTED",100,"EXACT","Plantae","Ajuga reptans",6,2927078,"Ajuga reptans","Plantae"
"820",16129,3128483,"Centaurea calcitrapa L.","Centaurea calcitrapa","SPECIES","ACCEPTED",99,"EXACT","Plantae","Centaurea calcitrapa",6,3128483,"Centaurea calcitrapa","Plantae"
"821",16134,3034915,"Astrantia major L.","Astrantia major","SPECIES","ACCEPTED",99,"EXACT","Plantae","Astrantia major",6,3034915,"Astrantia major","Plantae"
"822",16139,2927028,"Salvia nemorosa L.","Salvia nemorosa","SPECIES","ACCEPTED",99,"EXACT","Plantae","Salvia nemorosa",6,2927028,"Salvia nemorosa","Plantae"
"823",16156,3120060,"Achillea millefolium L.","Achillea millefolium","SPECIES","ACCEPTED",98,"EXACT","Plantae","Achillea millefolium",6,3120060,"Achillea millefolium",""
"824",16164,3894496,"Mentha vagans Boriss.","Mentha vagans","SPECIES","SYNONYM",100,"EXACT","Plantae","Mentha longifolia",6,7510173,"Mentha vagans","Plantae"
"825",16187,5384501,"Stellaria aquatica (L.) Scop.","Stellaria aquatica","SPECIES","ACCEPTED",95,"FUZZY","Plantae","Stellaria aquatica",6,5384501,"Stellaria aquaticum",""
"826",16191,5298231,"Iris pseudacorus L.","Iris pseudacorus","SPECIES","ACCEPTED",100,"EXACT","Plantae","Iris pseudacorus",6,5298231,"Iris pseudacorus","Plantae"
"827",16205,3189172,"Epilobium hirsutum L.","Epilobium hirsutum","SPECIES","ACCEPTED",99,"EXACT","Plantae","Epilobium hirsutum",6,3189172,"Epilobium hirsutum","Plantae"
"828",16206,2891390,"Geranium phaeum L.","Geranium phaeum","SPECIES","ACCEPTED",99,"EXACT","Plantae","Geranium phaeum",6,2891390,"Geranium phaeum","Plantae"
"829",16273,2891770,"Impatiens glandulifera Royle","Impatiens glandulifera","SPECIES","ACCEPTED",99,"EXACT","Plantae","Impatiens glandulifera",6,2891770,"Impatiens glandulifera","Plantae"
"830",16283,3034426,"Eryngium campestre L.","Eryngium campestre","SPECIES","ACCEPTED",100,"EXACT","Plantae","Eryngium campestre",6,3034426,"Eryngium campestre","Plantae"
"831",16289,2891779,"Impatiens noli-tangere L.","Impatiens noli-tangere","SPECIES","ACCEPTED",99,"EXACT","Plantae","Impatiens noli-tangere",6,2891779,"Impatiens noli-tangere","Plantae"
"832",16290,2891782,"Impatiens parviflora DC.","Impatiens parviflora","SPECIES","ACCEPTED",100,"EXACT","Plantae","Impatiens parviflora",6,2891782,"Impatiens parviflora","Plantae"
"833",16291,5376075,"Alliaria petiolata (M.Bieb.) Cavara & Grande","Alliaria petiolata","SPECIES","ACCEPTED",100,"EXACT","Plantae","Alliaria petiolata",6,5376075,"Alliaria petiolata","Plantae"
"834",16293,2890668,"Geranium robertianum L.","Geranium robertianum","SPECIES","ACCEPTED",100,"EXACT","Plantae","Geranium robertianum",6,2890668,"Geranium robertianum","Plantae"
"835",16295,2927323,"Lamiastrum galeobdolon (L.) Ehrend. & Polatschek","Lamiastrum galeobdolon","SPECIES","SYNONYM",100,"EXACT","Plantae","Lamium galeobdolon",6,2927324,"Lamiastrum galeobdolon","Plantae"
"836",16303,2650107,"Azolla filiculoides Lam.","Azolla filiculoides","SPECIES","ACCEPTED",100,"EXACT","Plantae","Azolla filiculoides",6,2650107,"Azolla filiculoides","Plantae"
"837",16305,7510173,"Mentha longifolia (L.) L.","Mentha longifolia","SPECIES","ACCEPTED",99,"EXACT","Plantae","Mentha longifolia",6,7510173,"Mentha longifolia","Plantae"
"838",16312,2959443,"Gleditsia triacanthos L.","Gleditsia triacanthos","SPECIES","ACCEPTED",100,"EXACT","Plantae","Gleditsia triacanthos",6,2959443,"Gleditsia triacanthos","Plantae"
"839",16329,6260393,"Cicadella viridis (Linnaeus, 1758)","Cicadella viridis","SPECIES","ACCEPTED",100,"EXACT","Animalia","Cicadella viridis",1,6260393,"Cicadella viridis","Animalia"
"840",16343,5758794,"Eurygaster testudinaria (Geoffroy, 1785)","Eurygaster testudinaria","SPECIES","ACCEPTED",100,"EXACT","Animalia","Eurygaster testudinaria",1,5758794,"Eurygaster testudinaria","Animalia"
"841",16344,5758789,"Eurygaster maura (Linnaeus, 1758)","Eurygaster maura","SPECIES","ACCEPTED",100,"EXACT","Animalia","Eurygaster maura",1,5758789,"Eurygaster maura","Animalia"
"842",16380,4460244,"Chrysolina sturmi (Westhoff, 1882)","Chrysolina sturmi","SPECIES","ACCEPTED",100,"EXACT","Animalia","Chrysolina sturmi",1,4460244,"Chrysolina sturmi","Animalia"
"843",16382,4452258,"Tytthaspis sedecimpunctata (Linnaeus, 1758)","Tytthaspis sedecimpunctata","SPECIES","ACCEPTED",100,"EXACT","Animalia","Tytthaspis sedecimpunctata",1,4452258,"Tytthaspis sedecimpunctata","Animalia"
"844",16401,4391858,"Rhopalus parumpunctatus Schilling, 1829","Rhopalus parumpunctatus","SPECIES","ACCEPTED",100,"EXACT","Animalia","Rhopalus parumpunctatus",1,4391858,"Rhopalus parumpunctatus","Animalia"
"845",16402,4391852,"Stictopleurus abutilon (Rossi, 1790)","Stictopleurus abutilon","SPECIES","ACCEPTED",100,"EXACT","Animalia","Stictopleurus abutilon",1,4391852,"Stictopleurus abutilon","Animalia"
"846",16420,4452216,"Propylea quatuordecimpunctata (Linnaeus, 1758)","Propylea quatuordecimpunctata","SPECIES","SYNONYM",100,"EXACT","Animalia","Propylaea quatuordecimpunctata",1,1043572,"Propylea quatuordecimpunctata","Animalia"
"847",16436,4487069,"Himacerus mirmicoides (O.Costa, 1834)","Himacerus mirmicoides","SPECIES","ACCEPTED",100,"EXACT","Animalia","Himacerus mirmicoides",1,4487069,"Himacerus mirmicoides","Animalia"
"848",16440,9660344,"Orthops kalmii (Linnaeus, 1758)","Orthops kalmii","SPECIES","ACCEPTED",99,"EXACT","Animalia","Orthops kalmii",1,9660344,"Orthops kalmii","Animalia"
"849",16466,5154481,"Stictocephala bisonia Kopp & Yonke, 1977","Stictocephala bisonia","SPECIES","ACCEPTED",100,"EXACT","Animalia","Stictocephala bisonia",1,5154481,"Stictocephala bisonia","Animalia"
"850",16500,8435025,"Dipsacus fullonum L.","Dipsacus fullonum","SPECIES","ACCEPTED",99,"EXACT","Plantae","Dipsacus fullonum",6,8435025,"Dipsacus fullonum","Plantae"
"851",16538,2888806,"Scabiosa ochroleuca L.","Scabiosa ochroleuca","SPECIES","ACCEPTED",99,"EXACT","Plantae","Scabiosa ochroleuca",6,2888806,"Scabiosa ochroleuca","Plantae"
"852",16541,3034807,"Conium maculatum L.","Conium maculatum","SPECIES","ACCEPTED",100,"EXACT","Plantae","Conium maculatum",6,3034807,"Conium maculatum","Plantae"
"853",16545,5402943,"Eupatorium cannabinum L.","Eupatorium cannabinum","SPECIES","ACCEPTED",100,"EXACT","Plantae","Eupatorium cannabinum",6,5402943,"Eupatorium cannabinum","Plantae"
"854",16557,2875979,"Corylus avellana L.","Corylus avellana","SPECIES","ACCEPTED",99,"EXACT","Plantae","Corylus avellana",6,2875979,"Corylus avellana","Plantae"
"855",16563,3033191,"Aquilegia vulgaris L.","Aquilegia vulgaris","SPECIES","ACCEPTED",99,"EXACT","Plantae","Aquilegia vulgaris",6,3033191,"Aquilegia vulgaris","Plantae"
"856",16565,3140685,"Leontopodium nivale (Ten.) A.Huet ex Hand.-Mazz.","Leontopodium nivale","SPECIES","ACCEPTED",99,"EXACT","Plantae","Leontopodium nivale",6,3140685,"Leontopodium nivale ex","Plantae"
"857",16566,3134857,"Lapsana communis L.","Lapsana communis","SPECIES","ACCEPTED",100,"EXACT","Plantae","Lapsana communis",6,3134857,"Lapsana communis","Plantae"
"858",16619,5380041,"Ricinus communis L.","Ricinus communis","SPECIES","ACCEPTED",100,"EXACT","Plantae","Ricinus communis",6,5380041,"Ricinus communis","Plantae"
"859",16653,3105433,"Carlina acaulis L.","Carlina acaulis","SPECIES","ACCEPTED",99,"EXACT","Plantae","Carlina acaulis",6,3105433,"Carlina acaulis","Plantae"
"860",16670,3033621,"Pulsatilla vulgaris Mill.","Pulsatilla vulgaris","SPECIES","ACCEPTED",100,"EXACT","Plantae","Pulsatilla vulgaris",6,3033621,"Pulsatilla vulgaris","Plantae"
"861",16697,5421338,"Dictamnus albus L.","Dictamnus albus","SPECIES","ACCEPTED",100,"EXACT","Plantae","Dictamnus albus",6,5421338,"Dictamnus albus","Plantae"
"862",16699,2773448,"Ornithogalum umbellatum L.","Ornithogalum umbellatum","SPECIES","ACCEPTED",100,"EXACT","Plantae","Ornithogalum umbellatum",6,2773448,"Ornithogalum umbellatum","Plantae"
"863",16701,7972010,"Cardamine pratensis L.","Cardamine pratensis","SPECIES","ACCEPTED",99,"EXACT","Plantae","Cardamine pratensis",6,7972010,"Cardamine pratensis","Plantae"
"864",16712,5341297,"Prunella vulgaris L.","Prunella vulgaris","SPECIES","ACCEPTED",99,"EXACT","Plantae","Prunella vulgaris",6,5341297,"Prunella vulgaris","Plantae"
"865",16731,2739622,"Colchicum autumnale L.","Colchicum autumnale","SPECIES","ACCEPTED",99,"EXACT","Plantae","Colchicum autumnale",6,2739622,"Colchicum autumnale","Plantae"
"866",16817,2925767,"Heliotropium europaeum L.","Heliotropium europaeum","SPECIES","ACCEPTED",99,"EXACT","Plantae","Heliotropium europaeum",6,2925767,"Heliotropium europaeum","Plantae"
"867",16832,3034620,"Aegopodium podagraria L.","Aegopodium podagraria","SPECIES","ACCEPTED",100,"EXACT","Plantae","Aegopodium podagraria",6,3034620,"Aegopodium podagraria","Plantae"
"868",16851,5376075,"Alliaria petiolata (M.Bieb.) Cavara & Grande","Alliaria petiolata","SPECIES","ACCEPTED",99,"EXACT","Plantae","Alliaria petiolata",6,5376075,"Alliaria petiolata",""
"869",16852,3120333,"Achillea ptarmica L.","Achillea ptarmica","SPECIES","ACCEPTED",99,"EXACT","Plantae","Achillea ptarmica",6,3120333,"Achillea ptarmica","Plantae"
"870",16853,6446462,"Solidago virgaurea L.","Solidago virgaurea","SPECIES","ACCEPTED",99,"EXACT","Plantae","Solidago virgaurea",6,6446462,"Solidago virgaurea","Plantae"
"871",16854,5367246,"Argentina anserina (L.) Rydb.","Argentina anserina","SPECIES","ACCEPTED",100,"EXACT","Plantae","Argentina anserina",6,5367246,"Argentina anserina","Plantae"
"872",16862,9094061,"Ficaria verna Huds.","Ficaria verna","SPECIES","ACCEPTED",99,"EXACT","Plantae","Ficaria verna",6,9094061,"Ficaria verna",""
"873",16864,3098296,"Stenactis annua (L.) Nees","Stenactis annua","SPECIES","SYNONYM",99,"EXACT","Plantae","Erigeron annuus",6,3117449,"Stenactis annua","Plantae"
"874",16871,1071240,"Anoplotrupes stercorosus (Hartmann, 1791)","Anoplotrupes stercorosus","SPECIES","ACCEPTED",99,"EXACT","Animalia","Anoplotrupes stercorosus",1,1071240,"Anoplotrupes stercorosus","Animalia"
"875",16875,4889932,"Dryas octopetala L.","Dryas octopetala","SPECIES","ACCEPTED",99,"EXACT","Plantae","Dryas octopetala",6,4889932,"Dryas octopetala","Plantae"
"876",17007,2974786,"Vicia sepium L.","Vicia sepium","SPECIES","ACCEPTED",100,"EXACT","Plantae","Vicia sepium",6,2974786,"Vicia sepium","Plantae"
"877",17008,3040252,"Reseda lutea L.","Reseda lutea","SPECIES","ACCEPTED",100,"EXACT","Plantae","Reseda lutea",6,3040252,"Reseda lutea","Plantae"
"878",17009,3172077,"Veronica persica Poir.","Veronica persica","SPECIES","ACCEPTED",100,"EXACT","Plantae","Veronica persica",6,3172077,"Veronica persica","Plantae"
"879",17015,5394163,"Taraxacum officinale Weber ex F.H.Wigg.","Taraxacum officinale","SPECIES","ACCEPTED",94,"FUZZY","Plantae","Taraxacum officinale",6,5394163,"Taraxacum offcinale",""
"880",17052,5384805,"Silene latifolia Poir.","Silene latifolia","SPECIES","ACCEPTED",99,"EXACT","Plantae","Silene latifolia",6,5384805,"Silene latifolia","Plantae"
"881",17074,2975667,"Galega officinalis L.","Galega officinalis","SPECIES","ACCEPTED",100,"EXACT","Plantae","Galega officinalis",6,2975667,"Galega officinalis","Plantae"
"882",17077,8925249,"Empetrum nigrum L.","Empetrum nigrum","SPECIES","ACCEPTED",100,"EXACT","Plantae","Empetrum nigrum",6,8925249,"Empetrum nigrum","Plantae"
"883",17089,3052311,"Cardaria draba (L.) Desv.","Cardaria draba","SPECIES","SYNONYM",100,"EXACT","Plantae","Lepidium draba",6,5376961,"Cardaria draba","Plantae"
"884",17132,5380041,"Ricinus communis L.","Ricinus communis","SPECIES","ACCEPTED",100,"EXACT","Plantae","Ricinus communis",6,5380041,"Ricinus communis","Viridiplantae"
"885",17136,2878688,"Quercus robur L.","Quercus robur","SPECIES","ACCEPTED",99,"EXACT","Plantae","Quercus robur",6,2878688,"Quercus robur","Plantae"
"886",17137,2927282,"Stachys sylvatica L.","Stachys sylvatica","SPECIES","ACCEPTED",99,"EXACT","Plantae","Stachys sylvatica",6,2927282,"Stachys sylvatica","Plantae"
"887",17153,3113650,"Cirsium oleraceum (L.) Scop.","Cirsium oleraceum","SPECIES","ACCEPTED",100,"EXACT","Plantae","Cirsium oleraceum",6,3113650,"Cirsium oleraceum","Plantae"
"888",17212,5352251,"Robinia pseudoacacia L.","Robinia pseudoacacia","SPECIES","ACCEPTED",100,"EXACT","Plantae","Robinia pseudoacacia",6,5352251,"Robinia pseudoacacia","Viridiplantae"
"889",17215,5361889,"Morus alba L.","Morus alba","SPECIES","ACCEPTED",99,"EXACT","Plantae","Morus alba",6,5361889,"Morus alba","Viridiplantae"
"890",17229,7925535,"Bistorta officinalis Raf.","Bistorta officinalis","SPECIES","ACCEPTED",99,"EXACT","Plantae","Bistorta officinalis",6,7925535,"Bistorta officinalis","Plantae"
"891",17235,4535809,"Euphydryas aurinia (Rottemburg, 1775)","Euphydryas aurinia","SPECIES","ACCEPTED",100,"EXACT","Animalia","Euphydryas aurinia",1,4535809,"Euphydryas aurinia","Animalia"
"892",17236,9172281,"Silene vulgaris (Moench) Garcke","Silene vulgaris","SPECIES","ACCEPTED",100,"EXACT","Plantae","Silene vulgaris",6,9172281,"Silene vulgaris","Plantae"
"893",17268,5275012,"Pteridium aquilinum (L.) Kuhn","Pteridium aquilinum","SPECIES","ACCEPTED",100,"EXACT","Plantae","Pteridium aquilinum",6,5275012,"Pteridium aquilinum","Plantae"
"894",17296,2928751,"Datura stramonium L.","Datura stramonium","SPECIES","ACCEPTED",99,"EXACT","Plantae","Datura stramonium",6,2928751,"Datura stramonium","Plantae"
"895",17357,3034391,"Eryngium maritimum L.","Eryngium maritimum","SPECIES","ACCEPTED",100,"EXACT","Plantae","Eryngium maritimum",6,3034391,"Eryngium maritimum","Plantae"
"896",17362,5362008,"Sedum album L.","Sedum album","SPECIES","ACCEPTED",99,"EXACT","Plantae","Sedum album",6,5362008,"Sedum album","Plantae"
"897",17390,3065239,"Euphorbia amygdaloides L.","Euphorbia amygdaloides","SPECIES","ACCEPTED",99,"EXACT","Plantae","Euphorbia amygdaloides",6,3065239,"Euphorbia amygdaloides","Plantae"
"898",17393,3023221,"Prunus spinosa L.","Prunus spinosa","SPECIES","ACCEPTED",97,"EXACT","Plantae","Prunus spinosa",6,3023221,"Prunus spinosa",""
"899",17395,5384676,"Stellaria holostea L.","Stellaria holostea","SPECIES","SYNONYM",100,"EXACT","Plantae","Rabelera holostea",6,11071158,"Stellaria holostea","Plantae"
"900",17396,3034650,"Chaerophyllum temulum L.","Chaerophyllum temulum","SPECIES","ACCEPTED",100,"EXACT","Plantae","Chaerophyllum temulum",6,3034650,"Chaerophyllum temulum","Plantae"
"901",17397,3172062,"Veronica beccabunga L.","Veronica beccabunga","SPECIES","ACCEPTED",99,"EXACT","Plantae","Veronica beccabunga",6,3172062,"Veronica beccabunga","Plantae"
"902",17399,5414548,"Vincetoxicum hirundinaria Medik.","Vincetoxicum hirundinaria","SPECIES","ACCEPTED",100,"EXACT","Plantae","Vincetoxicum hirundinaria",6,5414548,"Vincetoxicum hirundinaria","Plantae"
"903",17401,6363434,"Stellaria nemorum L.","Stellaria nemorum","SPECIES","ACCEPTED",99,"EXACT","Plantae","Stellaria nemorum",6,6363434,"Stellaria nemorum","Plantae"
"904",17412,3085313,"Myosoton aquaticum (L.) Moench","Myosoton aquaticum","SPECIES","SYNONYM",100,"EXACT","Plantae","Stellaria aquatica",6,5384501,"Myosoton aquaticum","Plantae"
"905",17416,2687943,"Equisetum telmateia Ehrh.","Equisetum telmateia","SPECIES","ACCEPTED",100,"EXACT","Plantae","Equisetum telmateia",6,2687943,"Equisetum telmateia","Plantae"
"906",17417,3149879,"Tussilago farfara L.","Tussilago farfara","SPECIES","ACCEPTED",100,"EXACT","Plantae","Tussilago farfara",6,3149879,"Tussilago farfara","Plantae"
"907",17418,2974793,"Vicia sylvatica L.","Vicia sylvatica","SPECIES","ACCEPTED",99,"EXACT","Plantae","Vicia sylvatica",6,2974793,"Vicia sylvatica","Plantae"
"908",17427,5409933,"Campanula glomerata L.","Campanula glomerata","SPECIES","ACCEPTED",99,"EXACT","Plantae","Campanula glomerata",6,5409933,"Campanula glomerata","Plantae"
"909",17431,5411475,"Campanula persicifolia L.","Campanula persicifolia","SPECIES","ACCEPTED",100,"EXACT","Plantae","Campanula persicifolia",6,5411475,"Campanula persicifolia","Plantae"
"910",17433,7306931,"Stachys alpina L.","Stachys alpina","SPECIES","ACCEPTED",100,"EXACT","Plantae","Stachys alpina",6,7306931,"Stachys alpina","Viridiplantae"
"911",17439,3112620,"Cirsium eriophorum (L.) Scop.","Cirsium eriophorum","SPECIES","SYNONYM",100,"EXACT","Plantae","Lophiolepis eriophora",6,12171609,"Cirsium eriophorum","Plantae"
"912",17451,2926684,"Lamium maculatum (L.) L.","Lamium maculatum","SPECIES","ACCEPTED",100,"EXACT","Plantae","Lamium maculatum",6,2926684,"Lamium maculatum","Plantae"
"913",17452,2926683,"Lamium album L.","Lamium album","SPECIES","ACCEPTED",99,"EXACT","Plantae","Lamium album",6,2926683,"Lamium album","Plantae"
"914",17458,8890062,"Helianthemum nummularium (L.) Mill.","Helianthemum nummularium","SPECIES","ACCEPTED",99,"EXACT","Plantae","Helianthemum nummularium",6,8890062,"Helianthemum nummularium","Plantae"
"915",17497,8034409,"Canna indica L.","Canna indica","SPECIES","ACCEPTED",99,"EXACT","Plantae","Canna indica",6,8034409,"Canna indica","Plantae"
"916",17503,3085873,"Lychnis flos-cuculi L.","Lychnis flos-cuculi","SPECIES","SYNONYM",100,"EXACT","Plantae","Silene flos-cuculi",6,5384738,"Lychnis flos-cuculi","Plantae"
"917",17504,5366829,"Potentilla anserina L.","Potentilla anserina","SPECIES","SYNONYM",99,"EXACT","Plantae","Argentina anserina",6,5367246,"Potentilla anserina","Plantae"
"918",17507,5352367,"Anthyllis vulneraria L.","Anthyllis vulneraria","SPECIES","ACCEPTED",99,"EXACT","Plantae","Anthyllis vulneraria",6,5352367,"Anthyllis vulneraria","Plantae"
"919",17512,5356701,"Lathyrus pratensis L.","Lathyrus pratensis","SPECIES","ACCEPTED",100,"EXACT","Plantae","Lathyrus pratensis",6,5356701,"Lathyrus pratensis","Plantae"
"920",17514,8377689,"Primula veris L.","Primula veris","SPECIES","ACCEPTED",99,"EXACT","Plantae","Primula veris",6,8377689,"Primula veris","Plantae"
"921",17515,5341443,"Thymus pulegioides L.","Thymus pulegioides","SPECIES","ACCEPTED",99,"EXACT","Plantae","Thymus pulegioides",6,5341443,"Thymus pulegioides","Plantae"
"922",17523,5414457,"Centaurium erythraea Rafn","Centaurium erythraea","SPECIES","ACCEPTED",99,"EXACT","Plantae","Centaurium erythraea",6,5414457,"Centaurium erythraea","Plantae"
"923",17524,3029430,"Sanguisorba minor Scop.","Sanguisorba minor","SPECIES","SYNONYM",99,"EXACT","Plantae","Poterium sanguisorba",6,5364245,"Sanguisorba minor","Plantae"
"924",17527,2977149,"Ononis spinosa L.","Ononis spinosa","SPECIES","ACCEPTED",99,"EXACT","Plantae","Ononis spinosa",6,2977149,"Ononis spinosa","Plantae"
"925",17528,2926945,"Clinopodium vulgare L.","Clinopodium vulgare","SPECIES","ACCEPTED",100,"EXACT","Plantae","Clinopodium vulgare",6,2926945,"Clinopodium vulgare","Plantae"
"926",17536,3172077,"Veronica persica Poir.","Veronica persica","SPECIES","ACCEPTED",100,"EXACT","Plantae","Veronica persica",6,3172077,"Veronica persica","Plantae"
"927",17539,3118430,"Tanacetum parthenium (L.) Sch.Bip.","Tanacetum parthenium","SPECIES","ACCEPTED",100,"EXACT","Plantae","Tanacetum parthenium",6,3118430,"Tanacetum parthenium","Plantae"
"928",17545,2965201,"Medicago lupulina L.","Medicago lupulina","SPECIES","ACCEPTED",100,"EXACT","Plantae","Medicago lupulina",6,2965201,"Medicago lupulina","Plantae"
"929",17547,2925767,"Heliotropium europaeum L.","Heliotropium europaeum","SPECIES","ACCEPTED",99,"EXACT","Plantae","Heliotropium europaeum",6,2925767,"Heliotropium europaeum","Plantae"
"930",17548,5356522,"Lathyrus tuberosus L.","Lathyrus tuberosus","SPECIES","ACCEPTED",100,"EXACT","Plantae","Lathyrus tuberosus",6,5356522,"Lathyrus tuberosus","Plantae"
"931",17550,3122924,"Pilosella aurantiaca (L.) F.W.Schultz & Sch.Bip.","Pilosella aurantiaca","SPECIES","ACCEPTED",100,"EXACT","Plantae","Pilosella aurantiaca",6,3122924,"Pilosella aurantiaca","Plantae"
"932",17602,3054368,"Juglans regia L.","Juglans regia","SPECIES","ACCEPTED",100,"EXACT","Plantae","Juglans regia",6,3054368,"Juglans regia","Plantae"
"933",17619,7924597,"Equisetum arvense L.","Equisetum arvense","SPECIES","ACCEPTED",100,"EXACT","Plantae","Equisetum arvense",6,7924597,"Equisetum arvense","Plantae"
"934",17669,5338929,"Cruciata glabra (L.) Opiz","Cruciata glabra","SPECIES","ACCEPTED",99,"EXACT","Plantae","Cruciata glabra",6,5338929,"Cruciata glabra","Plantae"
"935",17671,3169386,"Lysimachia vulgaris L.","Lysimachia vulgaris","SPECIES","ACCEPTED",99,"EXACT","Plantae","Lysimachia vulgaris",6,3169386,"Lysimachia vulgaris","Plantae"
"936",17672,2913548,"Galium aparine L.","Galium aparine","SPECIES","ACCEPTED",100,"EXACT","Plantae","Galium aparine",6,2913548,"Galium aparine","Plantae"
"937",17673,5284517,"Taxus baccata L.","Taxus baccata","SPECIES","ACCEPTED",99,"EXACT","Plantae","Taxus baccata",6,5284517,"Taxus baccata","Plantae"
"938",17676,5334259,"Lonicera xylosteum L.","Lonicera xylosteum","SPECIES","ACCEPTED",99,"EXACT","Plantae","Lonicera xylosteum",6,5334259,"Lonicera xylosteum","Plantae"
"939",17693,1708622,"Chorthippus parallelus (Zetterstedt, 1821)","Chorthippus parallelus","SPECIES","SYNONYM",100,"EXACT","Animalia","Pseudochorthippus parallelus",1,7792296,"Chorthippus parallelus","Animalia"
"940",17718,4480485,"Cicindela campestris Linnaeus, 1758","Cicindela campestris","SPECIES","ACCEPTED",100,"EXACT","Animalia","Cicindela campestris",1,4480485,"Cicindela campestris","Animalia"
"941",17769,2009421,"Adelphocoris seticornis (Fabricius, 1775)","Adelphocoris seticornis","SPECIES","ACCEPTED",100,"EXACT","Animalia","Adelphocoris seticornis",1,2009421,"Adelphocoris seticornis","Animalia"
"942",17770,1710962,"Stenobothrus lineatus (Panzer, 1796)","Stenobothrus lineatus","SPECIES","ACCEPTED",100,"EXACT","Animalia","Stenobothrus lineatus",1,1710962,"Stenobothrus lineatus","Animalia"
"943",17771,1681124,"Tetrix subulata (Linnaeus, 1758)","Tetrix subulata","SPECIES","ACCEPTED",100,"EXACT","Animalia","Tetrix subulata",1,1681124,"Tetrix subulata","Animalia"
"944",17799,1708512,"Chorthippus dorsatus (Zetterstedt, 1821)","Chorthippus dorsatus","SPECIES","ACCEPTED",100,"EXACT","Animalia","Chorthippus dorsatus",1,1708512,"Chorthippus dorsatus","Animalia"
"945",17800,1708567,"Chorthippus albomarginatus (De Geer, 1773)","Chorthippus albomarginatus","SPECIES","ACCEPTED",100,"EXACT","Animalia","Chorthippus albomarginatus",1,1708567,"Chorthippus albomarginatus","Animalia"
"946",17809,1708601,"Chorthippus apricarius (Linnaeus, 1758)","Chorthippus apricarius","SPECIES","ACCEPTED",100,"EXACT","Animalia","Chorthippus apricarius",1,1708601,"Chorthippus apricarius","Animalia"
"947",17810,1708251,"Chorthippus biguttulus (Linnaeus, 1758)","Chorthippus biguttulus","SPECIES","ACCEPTED",100,"EXACT","Animalia","Chorthippus biguttulus",1,1708251,"Chorthippus biguttulus","Animalia"
"948",17858,3120946,"Artemisia vulgaris L.","Artemisia vulgaris","SPECIES","ACCEPTED",99,"EXACT","Plantae","Artemisia vulgaris",6,3120946,"Artemisia vulgaris","Plantae"
"949",17876,6391589,"Persicaria bistorta (L.) Samp.","Persicaria bistorta","SPECIES","SYNONYM",100,"EXACT","Plantae","Bistorta officinalis",6,7925535,"Persicaria bistorta","Plantae"
"950",17879,2927118,"Clinopodium acinos (L.) Kuntze","Clinopodium acinos","SPECIES","ACCEPTED",100,"EXACT","Plantae","Clinopodium acinos",6,2927118,"Clinopodium acinos","Plantae"
"951",17880,2873865,"Linum catharticum L.","Linum catharticum","SPECIES","ACCEPTED",100,"EXACT","Plantae","Linum catharticum",6,2873865,"Linum catharticum","Plantae"
"952",17881,7631065,"Dactylorhiza praetermissa (Druce) Soó","Dactylorhiza praetermissa","SPECIES","SYNONYM",100,"EXACT","Plantae","Dactylorhiza majalis",6,2810155,"Dactylorhiza praetermissa","Plantae"
"953",17882,2810246,"Dactylorhiza purpurella (T.Stephenson & T.A.Stephenson) Soó","Dactylorhiza purpurella","SPECIES","SYNONYM",100,"EXACT","Plantae","Dactylorhiza majalis",6,2810155,"Dactylorhiza purpurella","Plantae"
"954",17884,5405976,"Arnica montana L.","Arnica montana","SPECIES","ACCEPTED",99,"EXACT","Plantae","Arnica montana",6,5405976,"Arnica montana","Plantae"
"955",17885,5338920,"Cruciata laevipes Opiz","Cruciata laevipes","SPECIES","ACCEPTED",100,"EXACT","Plantae","Cruciata laevipes",6,5338920,"Cruciata laevipes","Plantae"
"956",17943,2913548,"Galium aparine L.","Galium aparine","SPECIES","ACCEPTED",100,"EXACT","Plantae","Galium aparine",6,2913548,"Galium aparine","Plantae"
"957",17957,3064056,"Euphorbia palustris L.","Euphorbia palustris","SPECIES","ACCEPTED",100,"EXACT","Plantae","Euphorbia palustris",6,3064056,"Euphorbia palustris","Plantae"
"958",17966,8200663,"Cymbalaria muralis G.Gaertn., B.Mey. & Scherb.","Cymbalaria muralis","SPECIES","ACCEPTED",100,"EXACT","Plantae","Cymbalaria muralis",6,8200663,"Cymbalaria muralis","Plantae"
"959",17970,8298495,"Galinsoga quadriradiata Ruiz & Pav.","Galinsoga quadriradiata","SPECIES","ACCEPTED",99,"EXACT","Plantae","Galinsoga quadriradiata",6,8298495,"Galinsoga quadriradiata","Plantae"
"960",17972,2926945,"Clinopodium vulgare L.","Clinopodium vulgare","SPECIES","ACCEPTED",100,"EXACT","Plantae","Clinopodium vulgare",6,2926945,"Clinopodium vulgare","Plantae"
"961",17987,4102733,"Dipsacus pilosus L.","Dipsacus pilosus","SPECIES","ACCEPTED",100,"EXACT","Plantae","Dipsacus pilosus",6,4102733,"Dipsacus pilosus","Plantae"
"962",17988,5341478,"Lycopus europaeus L.","Lycopus europaeus","SPECIES","ACCEPTED",99,"EXACT","Plantae","Lycopus europaeus",6,5341478,"Lycopus europaeus","Plantae"
"963",18021,3189747,"Plantago media L.","Plantago media","SPECIES","ACCEPTED",99,"EXACT","Plantae","Plantago media",6,3189747,"Plantago media","Plantae"
"964",18022,3171943,"Verbascum blattaria L.","Verbascum blattaria","SPECIES","ACCEPTED",99,"EXACT","Plantae","Verbascum blattaria",6,3171943,"Verbascum blattaria","Plantae"
"965",18025,3032585,"Parnassia palustris L.","Parnassia palustris","SPECIES","ACCEPTED",100,"EXACT","Plantae","Parnassia palustris",6,3032585,"Parnassia palustris","Plantae"
"966",18034,3070106,"Euphorbia cyparissias L.","Euphorbia cyparissias","SPECIES","ACCEPTED",100,"EXACT","Plantae","Euphorbia cyparissias",6,3070106,"Euphorbia cyparissias","Plantae"
"967",18039,2882437,"Nymphaea alba L.","Nymphaea alba","SPECIES","ACCEPTED",99,"EXACT","Plantae","Nymphaea alba",6,2882437,"Nymphaea alba","Plantae"
"968",18043,2914642,"Galium odoratum (L.) Scop.","Galium odoratum","SPECIES","ACCEPTED",100,"EXACT","Plantae","Galium odoratum",6,2914642,"Galium odoratum","Plantae"
"969",18088,8400876,"Dianthus carthusianorum L.","Dianthus carthusianorum","SPECIES","ACCEPTED",99,"EXACT","Plantae","Dianthus carthusianorum",6,8400876,"Dianthus carthusianorum","Plantae"
"970",18101,9094061,"Ficaria verna Huds.","Ficaria verna","SPECIES","ACCEPTED",100,"EXACT","Plantae","Ficaria verna",6,9094061,"Ficaria verna","Plantae"
"971",18105,2864467,"Butomus umbellatus L.","Butomus umbellatus","SPECIES","ACCEPTED",100,"EXACT","Plantae","Butomus umbellatus",6,2864467,"Butomus umbellatus","Plantae"
"972",18123,5420852,"Daphne mezereum L.","Daphne mezereum","SPECIES","ACCEPTED",99,"EXACT","Plantae","Daphne mezereum",6,5420852,"Daphne mezereum","Plantae"
"973",18232,7270381,"Gentiana asclepiadea L.","Gentiana asclepiadea","SPECIES","ACCEPTED",100,"EXACT","Plantae","Gentiana asclepiadea",6,7270381,"Gentiana asclepiadea","Plantae"
"974",18315,3738478,"Lathraea squamaria L.","Lathraea squamaria","SPECIES","ACCEPTED",100,"EXACT","Plantae","Lathraea squamaria",6,3738478,"Lathraea squamaria","Plantae"
"975",18322,3190653,"Ailanthus altissima (Mill.) Swingle","Ailanthus altissima","SPECIES","ACCEPTED",100,"EXACT","Plantae","Ailanthus altissima",6,3190653,"Ailanthus altissima","Plantae"
"976",18368,8002952,"Ambrosia artemisiifolia L.","Ambrosia artemisiifolia","SPECIES","ACCEPTED",99,"EXACT","Plantae","Ambrosia artemisiifolia",6,8002952,"Ambrosia artemisiifolia","Plantae"
"977",18378,3082263,"Cornus mas L.","Cornus mas","SPECIES","ACCEPTED",100,"EXACT","Plantae","Cornus mas",6,3082263,"Cornus mas","Plantae"
"978",18468,2705308,"Dactylis glomerata L.","Dactylis glomerata","SPECIES","ACCEPTED",100,"EXACT","Plantae","Dactylis glomerata",6,2705308,"Dactylis glomerata","Plantae"
"979",18479,7558421,"Symphytum officinale L.","Symphytum officinale","SPECIES","ACCEPTED",100,"EXACT","Plantae","Symphytum officinale",6,7558421,"Symphytum officinale","Plantae"
"980",18482,5376961,"Lepidium draba L.","Lepidium draba","SPECIES","ACCEPTED",100,"EXACT","Plantae","Lepidium draba",6,5376961,"Lepidium draba","Plantae"
"981",18483,5373533,"Crambe maritima L.","Crambe maritima","SPECIES","ACCEPTED",100,"EXACT","Plantae","Crambe maritima",6,5373533,"Crambe maritima","Plantae"
"982",18492,2927280,"Betonica officinalis L.","Betonica officinalis","SPECIES","ACCEPTED",100,"EXACT","Plantae","Betonica officinalis",6,2927280,"Betonica officinalis","Plantae"
"983",18516,5350000,"Securigera varia (L.) Lassen","Securigera varia","SPECIES","SYNONYM",100,"EXACT","Plantae","Coronilla varia",6,5350005,"Securigera varia","Plantae"
"984",18533,3085360,"Saponaria officinalis L.","Saponaria officinalis","SPECIES","ACCEPTED",100,"EXACT","Plantae","Saponaria officinalis",6,3085360,"Saponaria officinalis","Plantae"
"985",18583,8810827,"Nymphoides peltata (S.G.Gmel.) Kuntze","Nymphoides peltata","SPECIES","ACCEPTED",100,"EXACT","Plantae","Nymphoides peltata",6,8810827,"Nymphoides peltata","Plantae"
"986",18649,2891783,"Impatiens balfourii Hook.fil.","Impatiens balfourii","SPECIES","ACCEPTED",100,"EXACT","Plantae","Impatiens balfourii",6,2891783,"Impatiens balfourii","Plantae"
"987",18691,5347702,"Genista sagittalis L.","Genista sagittalis","SPECIES","ACCEPTED",100,"EXACT","Plantae","Genista sagittalis",6,5347702,"Genista sagittalis","Plantae"
"988",18694,3148340,"Inula helenium L.","Inula helenium","SPECIES","ACCEPTED",99,"EXACT","Plantae","Inula helenium",6,3148340,"Inula helenium","Plantae"
"989",18714,5123922,"Mimas tiliae Linnaeus, 1758","Mimas tiliae","SPECIES","ACCEPTED",100,"EXACT","Animalia","Mimas tiliae",1,5123922,"Mimas tiliae","Animalia"
"990",18724,3064943,"Euphorbia marginata Pursh","Euphorbia marginata","SPECIES","ACCEPTED",99,"EXACT","Plantae","Euphorbia marginata",6,3064943,"Euphorbia marginata","Plantae"
"991",18846,2888963,"Rumex conglomeratus Murray","Rumex conglomeratus","SPECIES","ACCEPTED",100,"EXACT","Plantae","Rumex conglomeratus",6,2888963,"Rumex conglomeratus","Plantae"
"992",18859,2000152,"Periplaneta americana (Linnaeus, 1758)","Periplaneta americana","SPECIES","ACCEPTED",100,"EXACT","Animalia","Periplaneta americana",1,2000152,"Periplaneta americana","Animalia"
"993",18910,3189767,"Plantago major L.","Plantago major","SPECIES","ACCEPTED",99,"EXACT","Plantae","Plantago major",6,3189767,"Plantago major","Plantae"
"994",18923,5219200,"Canis familiaris Linnaeus, 1758","Canis familiaris","SPECIES","SYNONYM",100,"EXACT","Animalia","Canis lupus",1,5219173,"Canis familiaris","Animalia"
"995",18967,2855356,"Galanthus nivalis L.","Galanthus nivalis","SPECIES","ACCEPTED",99,"EXACT","Plantae","Galanthus nivalis",6,2855356,"Galanthus nivalis","Plantae"
"996",18968,2988069,"Filipendula vulgaris Moench","Filipendula vulgaris","SPECIES","ACCEPTED",99,"EXACT","Plantae","Filipendula vulgaris",6,2988069,"Filipendula vulgaris","Plantae"
"997",19038,1701343,"Euthystira brachyptera (Ocskay, 1826)","Euthystira brachyptera","SPECIES","ACCEPTED",100,"EXACT","Animalia","Euthystira brachyptera",1,1701343,"Euthystira brachyptera","Animalia"
"998",19039,4448343,"Oiceoptoma thoracicum (Linnaeus, 1758)","Oiceoptoma thoracicum","SPECIES","ACCEPTED",100,"EXACT","Animalia","Oiceoptoma thoracicum",1,4448343,"Oiceoptoma thoracicum","Animalia"
"999",19040,1039017,"Nicrophorus vespillo (Linnaeus, 1758)","Nicrophorus vespillo","SPECIES","ACCEPTED",100,"EXACT","Animalia","Nicrophorus vespillo",1,1039017,"Nicrophorus vespillo","Animalia"
"1000",19042,7571319,"Sorex minutus Linnaeus, 1766","Sorex minutus","SPECIES","ACCEPTED",100,"EXACT","Animalia","Sorex minutus",1,7571319,"Sorex minutus","Animalia"
"1001",19045,1708459,"Chorthippus brunneus (Thunberg, 1815)","Chorthippus brunneus","SPECIES","ACCEPTED",100,"EXACT","Animalia","Chorthippus brunneus",1,1708459,"Chorthippus brunneus","Animalia"
"1002",19051,5333401,"Cassiope tetragona (L.) D.Don","Cassiope tetragona","SPECIES","ACCEPTED",100,"EXACT","Plantae","Cassiope tetragona",6,5333401,"Cassiope tetragona","Plantae"
"1003",19066,3152520,"Althaea officinalis L.","Althaea officinalis","SPECIES","ACCEPTED",100,"EXACT","Plantae","Althaea officinalis",6,3152520,"Althaea officinalis","Plantae"
"1004",19100,2437760,"Apodemus sylvaticus (Linnaeus, 1758)","Apodemus sylvaticus","SPECIES","ACCEPTED",99,"EXACT","Animalia","Apodemus sylvaticus",1,2437760,"Apodemus sylvaticus",""
"1005",19152,2927229,"Stachys arvensis (L.) L.","Stachys arvensis","SPECIES","ACCEPTED",99,"EXACT","Plantae","Stachys arvensis",6,2927229,"Stachys arvensis","Plantae"
"1006",19232,7558421,"Symphytum officinale L.","Symphytum officinale","SPECIES","ACCEPTED",100,"EXACT","Plantae","Symphytum officinale",6,7558421,"Symphytum officinale","Viridiplantae"
"1007",19241,3053522,"Berteroa incana (L.) DC.","Berteroa incana","SPECIES","ACCEPTED",100,"EXACT","Plantae","Berteroa incana",6,3053522,"Berteroa incana","Plantae"
"1008",19284,4060998,"Lithospermum purpurocaeruleum L.","Lithospermum purpurocaeruleum","SPECIES","SYNONYM",100,"EXACT","Plantae","Aegonychon purpurocaeruleum",6,4063960,"Lithospermum purpurocaeruleum","Viridiplantae"
"1009",19292,5347612,"Genista tinctoria L.","Genista tinctoria","SPECIES","ACCEPTED",100,"EXACT","Plantae","Genista tinctoria",6,5347612,"Genista tinctoria","Plantae"
"1010",19294,3169707,"Vinca minor L.","Vinca minor","SPECIES","ACCEPTED",99,"EXACT","Plantae","Vinca minor",6,3169707,"Vinca minor","Plantae"
"1011",19295,8165236,"Saxifraga aizoides L.","Saxifraga aizoides","SPECIES","ACCEPTED",99,"EXACT","Plantae","Saxifraga aizoides",6,8165236,"Saxifraga aizoides","Plantae"
"1012",19296,2932737,"Solanum dulcamara L.","Solanum dulcamara","SPECIES","ACCEPTED",100,"EXACT","Plantae","Solanum dulcamara",6,2932737,"Solanum dulcamara","Plantae"
"1013",19298,5386897,"Tragopogon pratensis L.","Tragopogon pratensis","SPECIES","ACCEPTED",100,"EXACT","Plantae","Tragopogon pratensis",6,5386897,"Tragopogon pratensis","Plantae"
"1014",19299,7551339,"Nuphar lutea (L.) Sibth. & Sm.","Nuphar lutea","SPECIES","ACCEPTED",100,"EXACT","Plantae","Nuphar lutea",6,7551339,"Nuphar lutea","Plantae"
"1015",19300,3172043,"Rhinanthus minor L.","Rhinanthus minor","SPECIES","ACCEPTED",99,"EXACT","Plantae","Rhinanthus minor",6,3172043,"Rhinanthus minor","Plantae"
"1016",19303,2808565,"Anacamptis morio (L.) R.M.Bateman, Pridgeon & M.W.Chase","Anacamptis morio","SPECIES","ACCEPTED",100,"EXACT","Plantae","Anacamptis morio",6,2808565,"Anacamptis morio","Plantae"
"1017",19306,5384754,"Silene acaulis (L.) Jacq.","Silene acaulis","SPECIES","ACCEPTED",99,"EXACT","Plantae","Silene acaulis",6,5384754,"Silene acaulis","Plantae"
"1018",19307,5384738,"Silene flos-cuculi (L.) Greuter & Burdet","Silene flos-cuculi","SPECIES","ACCEPTED",99,"EXACT","Plantae","Silene flos-cuculi",6,5384738,"Silene flos-cuculi","Plantae"
"1019",19320,2684709,"Juniperus communis L.","Juniperus communis","SPECIES","ACCEPTED",99,"EXACT","Plantae","Juniperus communis",6,2684709,"Juniperus communis","Plantae"
"1020",19329,11071158,"Rabelera holostea (L.) M.T.Sharples & E.A.Tripp","Rabelera holostea","SPECIES","ACCEPTED",100,"EXACT","Plantae","Rabelera holostea",6,11071158,"Rabelera holostea","Plantae"
"1021",19414,2858581,"Narcissus poeticus L.","Narcissus poeticus","SPECIES","ACCEPTED",99,"EXACT","Plantae","Narcissus poeticus",6,2858581,"Narcissus poeticus","Plantae"
"1022",19523,2769204,"Muscari comosum (L.) Mill.","Muscari comosum","SPECIES","ACCEPTED",100,"EXACT","Plantae","Muscari comosum",6,2769204,"Muscari comosum","Plantae"
"1023",19594,6035560,"Chenopodium spathulatum (Moq.) Sieber ex Moq.","Chenopodium spathulatum","SPECIES","SYNONYM",99,"EXACT","Plantae","Dysphania ambrosioides",6,5568446,"Chenopodium spathulatum","Plantae"
